Device ID,In Service,Activation State,Location,Product,Configuration Pending,Provider,Encryption,Firmware Version,Firmware Update Available,Last Received,Comm Status,Commissioned,Key Date,Key Pending Rotation,Latitude,Longitude,Radio Identifiers,Radio Model,Rx Frequency,SSI,Tx Frequency
48829,true,,TABOR-134RM3,RTM II+,No,FlexNet,Enabled,4110005,No,2026-07-29 09:16:24.972,Normal,2020-12-03 12:46:30.554,2025-09-17 09:39:54.000,No,40.0455,-75.1466,FlexNetId: 50530885,FlexNet900,930.5125 MHz,36,901.8375 MHz
48271,true,,CALLOWHI-173T727,RTM II+,No,FlexNet,Enabled,4110005,No,2026-07-29 09:15:27.900,Normal,2020-09-25 11:34:21.039,2025-09-17 09:39:54.000,No,39.970726,-75.163632,FlexNetId: 50530428,FlexNet900,930.5375 MHz,43,901.8625 MHz
45094,true,,MACDADE-161RM1,RTM II+,No,FlexNet,Enabled,4110005,No,2026-07-29 09:08:40.104,Normal,2019-02-14 09:40:36.020,2025-09-17 09:39:54.000,No,39.915261,-75.323729,FlexNetId: 50410108,FlexNet900,930.5125 MHz,29,901.8375 MHz
45520,true,,LINE-2397T539,RTM II+,No,FlexNet,Enabled,4110005,No,2026-07-29 09:08:35.664,Normal,2019-03-06 17:48:42.683,2025-09-17 09:39:54.000,No,40.03,-75.035,FlexNetId: 50410316,FlexNet900,930.5125 MHz,34,901.8375 MHz
45262,true,,BUCKINGH-343T358,RTM II+,No,FlexNet,Enabled,4110005,No,2026-07-29 09:17:34.112,Normal,2019-02-19 09:16:09.249,2025-09-17 09:39:54.000,No,40.266,-74.952,FlexNetId: 50409334,FlexNet900,930.5125 MHz,29,901.8625 MHz
44700,true,,PACKER-135S3,RTM II+,No,FlexNet,Enabled,4110005,No,2026-07-29 09:10:35.145,Normal,2019-02-12 11:16:59.424,2025-09-17 09:39:54.000,No,39.925,-75.154,FlexNetId: 50409892,FlexNet900,930.5375 MHz,25,901.8625 MHz
49192,true,,EDDINGTO-138RM1,RTM II+,No,FlexNet,Enabled,4110005,No,2026-07-29 09:06:22.345,Normal,2021-03-14 09:56:49.032,2025-09-17 10:05:59.000,No,40.0969,-74.9446,FlexNetId: 50531070,FlexNet900,930.5125 MHz,39,901.8375 MHz
45321,true,,HEATON-132T485,RTM II+,No,FlexNet,Enabled,4110005,No,2026-07-29 09:08:06.750,Normal,2019-04-03 08:29:43.071,2025-09-17 09:39:55.000,No,40.144,-75.13,FlexNetId: 50410052,FlexNet900,930.5125 MHz,23,901.8375 MHz
49468,true,,FOXCHASE-135RM3,RTM II+,No,FlexNet,Enabled,4110005,No,2026-07-29 09:20:32.155,Normal,2021-06-18 09:04:33.807,2025-09-17 09:39:55.000,No,40.0479,-75.0654,FlexNetId: 50531570,FlexNet900,930.5125 MHz,41,901.8375 MHz
42964,true,,BLUEGRAS-141S1,RTM II+,No,FlexNet,Enabled,4110005,No,2026-07-29 09:19:15.697,Normal,2018-07-17 13:22:54.041,2025-09-17 09:39:56.000,No,40.08754,-75.0449,FlexNetId: 50408234,FlexNet900,930.5125 MHz,29,901.8375 MHz
46714,true,Activated,BUCKINGH-343T281,RTM II+,No,Verizon,Not Applicable,4110005,No,2026-07-29 09:08:49.119,Normal,2020-01-05 21:19:59.379,,,40.2593355836482,-75.0248009002769,IMEI: 353238061369640,Cell_LE910_VER,,-85,
46714,true,Activated,BUCKINGH-343T281,RTM II+,No,Verizon,Not Applicable,4110005,No,2026-07-29 09:08:49.119,Normal,2020-01-05 21:19:59.379,,,40.2593355836482,-75.0248009002769,ICCID: 89148000002637307387,Cell_LE910_VER,,-85,
43874,true,,PERKIOME-353T243,RTM II+,No,FlexNet,Enabled,4110005,No,2026-07-29 09:17:16.224,Normal,2018-11-13 10:03:09.100,2025-09-17 09:39:55.000,No,40.22378673,-75.49081121,FlexNetId: 50409175,FlexNet900,930.5375 MHz,38,901.8375 MHz
43297,true,,PASSYUNK-133T480,RTM II+,No,FlexNet,Enabled,4110005,No,2026-07-29 09:09:09.506,Normal,2018-11-13 14:02:37.085,2025-09-17 09:39:55.000,No,39.926,-75.18,FlexNetId: 50408691,FlexNet900,930.5125 MHz,44,901.8375 MHz
53628,true,,AIRY-133RS4,RTMx,No,FlexNet,Enabled,4110005,No,2026-07-29 09:19:40.153,Normal,2024-08-27 14:43:04.095,2025-09-17 09:39:55.000,No,40.120917,-75.341028,FlexNetId: 50480647,FlexNet900K24,930.5125 MHz,49,901.8375 MHz
32578,true,,BUCKINGH-343S1,RTM II+,No,FlexNet,Enabled,4110005,No,2026-07-29 09:20:54.884,Normal,2014-12-03 14:24:17.020,2025-09-17 09:39:55.000,No,40.2647,-74.9799,FlexNetId: 50403793,FlexNet900,930.5375 MHz,82,901.8875 MHz
40375,true,,WARRINGT-364R1,RTM II+,No,FlexNet,Enabled,4110005,No,2026-07-29 09:12:12.444,Normal,2018-03-26 15:46:42.501,2025-09-17 09:39:55.000,No,40.265477,-75.130709,FlexNetId: 50406820,FlexNet900,930.5375 MHz,37,901.8625 MHz
42336,true,,LLANERCH-146RM2,RTM II+,No,FlexNet,Enabled,4110005,No,2026-07-29 09:19:20.549,Normal,2018-06-21 10:31:22.859,2025-09-17 09:39:55.000,No,39.9648167,-75.30146303,FlexNetId: 50408481,FlexNet900,930.5375 MHz,34,901.8875 MHz
52311,true,,CALLOWHI-131S3,RTM II+,No,FlexNet,Enabled,4110005,No,2026-07-29 09:09:47.601,Normal,2023-08-11 08:02:54.671,2025-09-17 09:39:55.000,No,39.97934,-75.1428,FlexNetId: 50533215,FlexNet900,930.5125 MHz,21,901.8375 MHz
43229,true,,PLANEBRO-344R1,RTM II+,No,FlexNet,Enabled,4110005,No,2026-07-29 09:16:26.416,Normal,2019-02-13 12:25:46.538,2025-09-17 09:39:55.000,No,40.01478,-75.56018,FlexNetId: 50408292,FlexNet900,930.5375 MHz,33,901.8625 MHz
51183,true,,LOMBARD-132S1,RTM II+,No,FlexNet,Enabled,4110005,No,2026-07-29 09:18:19.855,Normal,2022-07-21 14:52:24.683,2025-09-17 09:39:56.000,No,39.9377,-75.1619,FlexNetId: 50532535,FlexNet900,930.5125 MHz,42,901.8875 MHz
50893,true,,GLADWYNE-133RM1,RTM II+,No,FlexNet,Enabled,4110005,No,2026-07-29 09:19:15.705,Normal,2022-06-23 10:26:07.767,2025-09-17 09:39:56.000,No,40.04462072,-75.27941343,FlexNetId: 50532693,FlexNet900,930.5125 MHz,46,901.8875 MHz
44169,true,,FOXCHASE-133RM1,RTM II+,No,FlexNet,Enabled,4110005,No,2026-07-29 09:19:16.976,Normal,2018-12-13 17:09:04.650,2025-09-17 09:39:56.000,No,40.095144,-75.065049,FlexNetId: 50409317,FlexNet900,930.5375 MHz,23,901.8625 MHz
43640,true,,UPPRPROV-341T214,RTM II+,No,FlexNet,Enabled,4110005,No,2026-07-29 09:10:19.697,Normal,2018-10-05 14:49:16.271,2025-09-17 09:39:56.000,No,40.184862,-75.520526,FlexNetId: 50408816,FlexNet900,930.5125 MHz,44,901.8375 MHz
50857,true,,WHITEMAR-162RM2,RTM II+,No,FlexNet,Enabled,4110005,No,2026-07-29 09:17:01.783,Normal,2022-06-23 10:33:22.759,2025-09-17 09:39:56.000,No,40.11885449,-75.2057769,FlexNetId: 50532172,FlexNet900,930.5125 MHz,22,901.8375 MHz
49559,true,,LINTON-341RM5,RTM II+,No,FlexNet,Enabled,4110005,No,2026-07-29 09:11:56.646,Normal,2021-07-22 09:40:22.449,2025-09-17 09:39:56.000,No,40.26495,-74.89669,FlexNetId: 50531301,FlexNet900,930.5125 MHz,25,901.8375 MHz
50412,true,,MIDDLETO-132R2,RTM II+,No,FlexNet,Enabled,4110005,No,2026-07-29 09:08:55.649,Normal,2021-11-30 08:43:54.176,2025-09-17 09:39:56.000,No,39.923,-75.392,FlexNetId: 50531869,FlexNet900,930.5125 MHz,43,901.8375 MHz
44210,true,,LINE-11900T39,RTM II+,No,FlexNet,Enabled,4110005,No,2026-07-29 09:13:47.259,Normal,2018-12-13 17:09:17.294,2025-09-17 09:39:56.000,No,40.069132,-75.446751,FlexNetId: 50409413,FlexNet900,930.5125 MHz,13,901.8625 MHz
45484,true,,UPPERDAR-140T518,RTM II+,No,FlexNet,Enabled,4110005,No,2026-07-29 09:19:52.569,Normal,2019-03-06 17:48:28.285,2025-09-17 09:39:57.000,No,39.9418,-75.2777,FlexNetId: 50410064,FlexNet900,930.5125 MHz,40,901.8625 MHz
44497,true,,FOULK-132RS2,RTM II+,No,FlexNet,Enabled,4110005,No,2026-07-29 09:16:33.508,Normal,2019-01-10 14:49:12.690,2025-09-17 09:39:57.000,No,39.863721,-75.429592,FlexNetId: 50409838,FlexNet900,930.5125 MHz,27,901.8625 MHz
53665,true,,FALLS-352S1,RTMx,No,FlexNet,Enabled,4110005,No,2026-07-29 09:20:51.734,Normal,2024-08-27 14:45:42.888,2025-11-03 09:31:49.000,No,40.1953871,-74.7732447,FlexNetId: 50480540,FlexNet900K24,930.5125 MHz,35,901.8375 MHz
44595,true,,PLYMOUTH-133RM1,RTM II+,No,FlexNet,Enabled,4110005,No,2026-07-29 09:16:56.370,Normal,2019-02-12 11:16:10.274,2025-09-17 09:39:57.000,No,40.0748,-75.2921,FlexNetId: 50409786,FlexNet900,930.5125 MHz,24,901.8625 MHz
49647,true,,NEWSQUA-146RM1,RTM II+,No,FlexNet,Enabled,4110005,No,2026-07-29 09:18:36.636,Normal,2021-08-16 09:56:37.945,2025-09-17 09:39:57.000,No,40.019,-75.427,FlexNetId: 50531392,FlexNet900,930.5125 MHz,21,901.8375 MHz
31478,true,,PARRISH-131RS6,RTM II+,No,FlexNet,Enabled,4110005,No,2026-07-29 09:18:23.555,Normal,2019-12-12 08:19:41.231,2025-09-17 09:39:57.000,No,39.97033,-75.23531,FlexNetId: 50403508,FlexNet900,930.5375 MHz,21,901.8375 MHz
48982,true,,CLAY-341RM3,RTM II+,No,FlexNet,Enabled,4110005,No,2026-07-29 09:18:46.897,Normal,2021-01-24 09:14:17.966,2025-09-17 09:39:57.000,No,39.82303,-75.81104,FlexNetId: 50531111,FlexNet900,930.5125 MHz,26,901.8375 MHz
41378,true,,CLAY-343S1,RTM II+,No,FlexNet,Enabled,4110005,No,2026-07-29 09:12:37.405,Normal,2018-03-26 15:47:09.474,2025-09-17 09:39:57.000,No,39.8007,-75.7835,FlexNetId: 50407278,FlexNet900,930.5375 MHz,26,901.8625 MHz
44206,true,,EAGLE-342T333,RTM II+,No,FlexNet,Enabled,4110005,No,2026-07-29 09:08:49.728,Normal,2018-12-13 17:09:15.935,2025-09-17 10:00:48.000,No,40.116242,-75.69439,FlexNetId: 50409502,FlexNet900,930.5125 MHz,33,901.8875 MHz
43917,true,,HOLMESBU-135T406,RTM II+,No,FlexNet,Enabled,4110005,No,2026-07-29 09:09:32.168,Normal,2019-01-29 08:57:47.820,2025-09-17 09:48:07.000,No,40.04316,-75.011831,FlexNetId: 50409067,FlexNet900,930.5125 MHz,16,901.8375 MHz
32598,true,,GOSHEN-343T263,RTM II+,No,FlexNet,Enabled,4110005,No,2026-07-29 09:09:27.286,Normal,2014-12-03 14:14:48.813,2025-09-17 09:56:42.000,No,39.9663216,-75.5226647,FlexNetId: 50403311,FlexNet900,930.5125 MHz,45,901.8625 MHz
50899,true,,COOPER-372T101,RTM II+,No,FlexNet,Enabled,4110005,No,2026-07-29 09:17:33.742,Normal,2022-06-23 10:26:08.521,2025-09-17 09:28:31.000,No,39.75613,-76.28294,FlexNetId: 50532169,FlexNet900,930.5125 MHz,35,901.8375 MHz
42123,true,,DALEVILL-341T299,RTM II+,No,FlexNet,Enabled,4110005,No,2026-07-29 09:20:41.261,Normal,2018-03-26 15:47:52.673,2025-09-17 09:59:42.000,No,39.8091,-75.7687,FlexNetId: 50408539,FlexNet900,930.5125 MHz,55,901.8625 MHz
43235,true,,LINE-2397T68,RTM II+,No,FlexNet,Enabled,4110005,No,2026-07-29 09:19:48.813,Normal,2018-12-07 10:46:59.686,2025-09-17 09:59:20.000,No,40.02929,-75.04147,FlexNetId: 50408323,FlexNet900,930.5125 MHz,44,901.8375 MHz
54130,true,,NEWSQUA-136SD1,RTMx,No,FlexNet,Enabled,4110005,No,2026-07-29 09:20:12.440,Normal,2024-10-17 10:05:41.244,2025-09-17 12:31:19.000,No,39.9846,-75.3593,FlexNetId: 50480999,FlexNet900K24,930.5125 MHz,28,901.8375 MHz
43044,true,,CLAY-341T206,RTM II+,No,FlexNet,Enabled,4110005,No,2026-07-29 09:19:44.487,Normal,2018-07-17 13:23:22.278,2025-09-17 09:44:19.000,No,39.82267,-75.780078,FlexNetId: 50408262,FlexNet900,930.5375 MHz,66,901.8875 MHz
53504,true,,MARPLE-137T117,RTM II+,No,FlexNet,Enabled,4110005,No,2026-07-29 09:17:59.217,Normal,2024-06-07 13:16:43.955,2025-09-17 10:17:03.000,No,39.9585125,-75.3456397,FlexNetId: 50534209,FlexNet900,930.5125 MHz,65,901.8375 MHz
42089,true,,JENKINTO-142S1,RTM II+,No,FlexNet,Enabled,4110005,No,2026-07-29 09:20:47.022,Normal,2018-03-26 15:47:38.527,2025-09-17 09:59:23.000,No,40.066756,-75.158489,FlexNetId: 50408613,FlexNet900,930.5125 MHz,22,901.8625 MHz
43846,true,,MARSHALL-002R1,RTM II+,No,FlexNet,Enabled,4110005,No,2026-07-29 09:18:30.831,Normal,2018-11-13 10:02:59.904,2025-09-17 09:44:41.000,No,39.936635,-75.733055,FlexNetId: 50409143,FlexNet900,930.5375 MHz,21,901.8625 MHz
45021,true,,LINE-374T464,RTM II+,No,FlexNet,Enabled,4110005,No,2026-07-29 09:16:37.720,Normal,2019-02-14 09:40:16.366,2025-09-17 10:04:19.000,No,39.932329,-75.154111,FlexNetId: 50409292,FlexNet900,930.5125 MHz,32,901.8375 MHz
51196,true,,MACDADE-139T17,RTM II+,No,FlexNet,Enabled,4110005,No,2026-07-29 09:09:37.583,Normal,2022-07-20 09:09:26.247,2025-09-17 10:24:43.000,No,39.9246,-75.2819,FlexNetId: 50532616,FlexNet900,930.5375 MHz,43,901.8375 MHz
42843,true,,PLYMOUTH-146T369,RTM II+,No,FlexNet,Enabled,4110005,No,2026-07-29 09:17:44.763,Normal,2018-06-07 14:18:00.055,2025-09-17 10:24:43.000,No,40.11319,-75.32509,FlexNetId: 50408347,FlexNet900,930.5375 MHz,66,901.8375 MHz
46922,true,,CONCORD-351R2,RTM II+,No,FlexNet,Enabled,4110005,No,2026-07-29 09:07:10.702,Normal,2020-01-05 21:03:39.588,2025-09-17 09:59:21.000,No,39.929923,-75.544817,FlexNetId: 50530116,FlexNet900,930.5375 MHz,15,901.8625 MHz
49242,true,,EAGLE-342R2,RTM II+,No,FlexNet,Enabled,4110005,No,2026-07-29 09:12:58.068,Normal,2021-04-09 08:46:23.463,2025-09-17 09:45:02.000,No,40.107,-75.695,FlexNetId: 50531198,FlexNet900,930.5125 MHz,42,901.8375 MHz
44512,true,,CALLOWHI-142S1,RTM II+,No,FlexNet,Enabled,4110005,No,2026-07-29 09:19:32.535,Normal,2019-01-10 14:49:20.256,2025-09-17 10:01:11.000,No,39.96727,-75.1572,FlexNetId: 50409863,FlexNet900,930.5375 MHz,33,901.8875 MHz
54128,true,,BETZWOOD-351RM1,RTMx,No,FlexNet,Enabled,4110005,No,2026-07-29 09:11:04.599,Normal,2024-10-17 10:05:40.958,2025-09-17 09:33:05.000,No,40.1342205,-75.4675867,FlexNetId: 50480993,FlexNet900K24,930.5125 MHz,31,901.8375 MHz
42996,true,,LINE-3329S1,RTM II+,No,FlexNet,Enabled,4110005,No,2026-07-29 09:20:28.166,Normal,2018-07-17 13:23:05.250,2025-09-17 09:44:36.000,No,39.932774,-75.353155,FlexNetId: 50408360,FlexNet900,930.5125 MHz,50,901.8375 MHz
40368,true,,NEWLINVI-362R3,RTM II+,No,FlexNet,Enabled,4110005,No,2026-07-29 09:17:01.214,Normal,2018-03-26 15:46:41.677,2025-09-17 09:41:27.000,No,39.971142,-75.866939,FlexNetId: 50407119,FlexNet900,930.5125 MHz,19,901.8625 MHz
42345,true,,JENKINTO-141S1,RTM II+,No,FlexNet,Enabled,4110005,No,2026-07-29 09:20:46.101,Normal,2018-06-21 10:31:04.153,2025-09-17 10:00:29.000,No,40.09829,-75.1195,FlexNetId: 50408483,FlexNet900,930.5125 MHz,28,901.8375 MHz
54201,true,,GOSHEN-343RM2,RTMx,No,FlexNet,Enabled,4110005,No,2026-07-29 09:20:39.664,Normal,2024-10-17 09:54:32.452,2025-09-17 12:31:22.000,No,39.98224,-75.567135,FlexNetId: 50480964,FlexNet900K24,930.5125 MHz,41,901.8375 MHz
49243,true,,CLAY-352RS2,RTM II+,No,FlexNet,Enabled,4110005,No,2026-07-29 09:10:31.395,Normal,2021-04-09 08:46:38.461,2025-09-17 10:06:16.000,No,39.7866,-75.74976,FlexNetId: 50531013,FlexNet900,930.5375 MHz,47,901.8375 MHz
49194,true,,MASTER-131S2,RTM II+,No,FlexNet,Enabled,4110005,No,2026-07-29 09:13:23.188,Normal,2021-03-14 09:56:48.636,2025-09-17 10:04:30.000,No,39.9748,-75.1851,FlexNetId: 50531240,FlexNet900,930.5125 MHz,32,901.8375 MHz
45134,true,,BYBERRY-145T458,RTM II+,No,FlexNet,Enabled,4110005,No,2026-07-29 09:20:13.418,Normal,2019-02-19 09:15:32.435,2025-09-17 09:59:38.000,No,40.081826,-74.971292,FlexNetId: 50410204,FlexNet900,930.5375 MHz,34,901.8875 MHz
45410,true,,BYBERRY-160T376,RTM II+,No,FlexNet,Enabled,4110005,No,2026-07-29 09:15:57.355,Normal,2019-04-03 08:30:17.917,2025-09-17 10:08:13.000,No,40.119,-74.995,FlexNetId: 50410386,FlexNet900,930.5375 MHz,49,901.8375 MHz
43708,true,,WOODBOUR-341T232,RTM II+,No,FlexNet,Enabled,4110005,No,2026-07-29 09:08:10.485,Normal,2018-10-30 14:17:13.209,2025-09-17 09:43:56.000,No,40.20961629,-74.88135625,FlexNetId: 50409004,FlexNet900,930.5125 MHz,24,901.8375 MHz
40185,true,,AIRY-133T160,RTM II+,No,FlexNet,Enabled,4110005,No,2026-07-29 09:11:40.105,Normal,2017-10-10 09:09:45.937,2025-09-17 10:06:14.000,No,40.12302,-75.34137,FlexNetId: 50406944,FlexNet900,930.5125 MHz,40,901.8625 MHz
49196,true,,TACONY-011RS1,RTM II+,No,FlexNet,Enabled,4110005,No,2026-07-29 09:18:50.832,Normal,2021-03-14 09:56:48.309,2025-09-17 10:08:51.000,No,40.0245,-75.0495,FlexNetId: 50530974,FlexNet900,930.5125 MHz,53,901.8375 MHz
44313,true,,LINE-2235RMP3,RTM II+,No,FlexNet,Enabled,4110005,No,2026-07-29 09:15:40.630,Normal,2019-01-03 17:07:26.737,2025-09-17 09:46:05.000,No,40.061621,-75.094183,FlexNetId: 50409400,FlexNet900,930.5375 MHz,39,901.8875 MHz
42091,true,,BUCKINGH-354RM1,RTM II+,No,FlexNet,Enabled,4110005,No,2026-07-29 09:12:19.349,Normal,2018-03-26 15:47:39.856,2025-09-17 10:00:00.000,No,40.283145,-75.117365,FlexNetId: 50408622,FlexNet900,930.5375 MHz,28,901.8875 MHz
54099,true,,CROYDON-141T1169,RTMx,No,FlexNet,Enabled,4110005,No,2026-07-29 09:16:59.057,Normal,2024-10-17 10:05:38.134,2025-09-17 12:31:20.000,No,40.0874944,-74.9034532,FlexNetId: 50480684,FlexNet900K24,930.5125 MHz,38,901.8375 MHz
52873,true,,LINE-2682S1,RTM II+,No,FlexNet,Enabled,4110005,No,2026-07-29 09:19:39.957,Normal,2023-12-11 09:22:28.072,2025-09-17 10:17:07.000,No,39.96359,-75.20769,FlexNetId: 50533228,FlexNet900,930.5375 MHz,38,901.8375 MHz
51177,true,,NORWALES-347RM2,RTM II+,No,FlexNet,Enabled,4110005,No,2026-07-29 09:13:30.447,Normal,2022-07-21 14:52:23.916,2025-09-17 09:49:40.000,No,40.1746,-75.2708,FlexNetId: 50532511,FlexNet900,930.5125 MHz,25,901.8375 MHz
42107,true,,BUCKINGH-351R2,RTM II+,No,FlexNet,Enabled,4110005,No,2026-07-29 09:20:22.913,Normal,2018-03-19 10:27:55.637,2025-09-17 09:44:40.000,No,40.36972,-75.03327,FlexNetId: 50408512,FlexNet900,930.5375 MHz,21,901.8625 MHz
28038,true,,MIDDLETO-143T147,RTM II+,No,FlexNet,Enabled,4110005,No,2026-07-29 09:15:47.179,Normal,2019-09-04 08:22:41.015,2025-09-17 09:51:50.000,No,39.9137486,-75.3716351,FlexNetId: 50401486,FlexNet900,930.5125 MHz,20,901.8375 MHz
43267,true,,NORWALES-344T168,RTM II+,No,FlexNet,Enabled,4110005,No,2026-07-29 09:17:46.552,Normal,2018-11-27 10:03:16.858,2025-09-17 09:30:19.000,No,40.166087,-75.338739,FlexNetId: 50408714,FlexNet900,930.5125 MHz,29,901.8375 MHz
43220,true,,PLANEBRO-344RS3,RTM II+,No,FlexNet,Enabled,4110005,No,2026-07-29 09:11:57.880,Normal,2019-02-13 12:25:43.315,2025-09-17 10:01:11.000,No,40.00484,-75.57635,FlexNetId: 50408301,FlexNet900,930.5125 MHz,26,901.8875 MHz
42957,true,,WOODBOUR-361RM1,RTM II+,No,FlexNet,Enabled,4110005,No,2026-07-29 09:19:03.539,Normal,2018-07-17 13:22:51.584,2025-09-17 09:29:38.000,No,40.2039109,-74.9019088,FlexNetId: 50408448,FlexNet900,930.5375 MHz,48,901.8875 MHz
43148,true,,COCHRANV-341R2,RTM II+,No,FlexNet,Enabled,4110005,No,2026-07-29 09:15:22.457,Normal,2018-10-02 13:29:02.223,2025-09-17 09:49:13.000,No,39.8501,-75.9349,FlexNetId: 50408209,FlexNet900,930.5125 MHz,72,901.8875 MHz
43847,true,,ROXBOROU-136RM2,RTM II+,No,FlexNet,Enabled,4110005,No,2026-07-29 09:19:02.730,Normal,2018-11-13 10:03:00.258,2025-09-17 09:55:42.000,No,40.051869,-75.238466,FlexNetId: 50409192,FlexNet900,930.5125 MHz,47,901.8875 MHz
48223,true,,LLANERCH-164S2,RTM II+,No,FlexNet,Enabled,4110005,No,2026-07-29 09:07:43.569,Normal,2020-09-25 11:41:58.918,2025-09-17 10:08:42.000,No,39.9833,-75.2951,FlexNetId: 50530200,FlexNet900,930.5375 MHz,34,901.8375 MHz
44803,true,,FALLS-343T342,RTM II+,No,FlexNet,Enabled,4110005,No,2026-07-29 09:20:28.178,Normal,2019-02-12 11:17:51.964,2025-09-17 10:01:55.000,No,40.186163,-74.790884,FlexNetId: 50409632,FlexNet900,930.5125 MHz,15,901.8625 MHz
45569,true,,FOXCHASE-141S1,RTM II+,No,FlexNet,Enabled,4110005,No,2026-07-29 09:08:41.614,Normal,2019-08-05 10:21:01.232,2025-09-17 10:13:08.000,No,40.085,-75.054,FlexNetId: 50410317,FlexNet900,930.5375 MHz,24,901.8875 MHz
45028,true,,BYBERRY-173RM3,RTM II+,No,FlexNet,Enabled,4110005,No,2026-07-29 09:20:31.449,Normal,2019-02-14 09:40:13.875,2025-09-17 09:57:05.000,No,40.129,-75.024,FlexNetId: 50409246,FlexNet900,930.5375 MHz,19,901.8625 MHz
30288,true,,MEDIA-011R1,RTM II+,No,FlexNet,Enabled,4110005,No,2026-07-29 09:18:04.548,Normal,2014-11-21 14:35:45.993,2025-09-17 09:46:04.000,No,39.902724,-75.38844,FlexNetId: 50402201,FlexNet900,930.5375 MHz,15,901.8875 MHz
47771,true,,BUCKINGH-346RS5,RTM II+,No,FlexNet,Enabled,4110005,No,2026-07-29 09:08:26.847,Normal,2020-08-13 09:23:43.027,2025-09-17 10:24:43.000,No,40.383,-75.204,FlexNetId: 50530662,FlexNet900,930.5125 MHz,25,901.8875 MHz
49818,true,,LINE-5600RM2,RTM II+,No,FlexNet,Enabled,4110005,No,2026-07-29 09:20:27.295,Normal,2021-09-15 15:29:09.359,2025-09-17 09:59:39.000,No,40.050575,-75.498776,FlexNetId: 50531883,FlexNet900,930.5125 MHz,36,901.8875 MHz
50802,true,,BALA-141RS1,RTM II+,No,FlexNet,Enabled,4110005,No,2026-07-29 09:19:20.028,Normal,2022-04-21 10:25:53.798,2025-09-17 10:00:46.000,No,40.0208,-75.2364,FlexNetId: 50532205,FlexNet900,930.5125 MHz,34,901.8375 MHz
40385,true,,BRYNMAWR-132T196,RTM II+,No,FlexNet,Enabled,4110005,No,2026-07-29 09:17:51.516,Normal,2017-11-09 09:57:52.613,2025-09-17 09:54:54.000,No,40.026082,-75.340707,FlexNetId: 50406314,FlexNet900,930.5125 MHz,24,901.8625 MHz
45489,true,,LINE-18300T338,RTM II+,No,FlexNet,Enabled,4110005,No,2026-07-29 09:09:34.397,Normal,2019-03-06 17:48:30.380,2025-09-17 10:13:04.000,No,40.177,-74.883,FlexNetId: 50410369,FlexNet900,930.5125 MHz,37,901.8875 MHz
45474,true,,ISLANDRD-138S1,RTM II+,No,FlexNet,Enabled,4110005,No,2026-07-29 09:15:27.031,Normal,2019-03-06 17:48:24.492,2025-09-17 09:29:15.000,No,39.91578,-75.23858,FlexNetId: 50410124,FlexNet900,930.5125 MHz,22,901.8375 MHz
44386,true,,LINE-1300RM1,RTM II+,No,FlexNet,Enabled,4110005,No,2026-07-29 09:20:42.029,Normal,2019-02-07 15:32:24.400,2025-09-17 10:01:13.000,No,40.13005,-75.53535,FlexNetId: 50409449,FlexNet900,930.5125 MHz,46,901.8375 MHz
52280,true,,MACDADE-143RS3,RTM II+,No,FlexNet,Enabled,4110005,No,2026-07-29 09:15:35.568,Normal,2023-07-20 10:30:26.490,2025-09-17 09:30:40.000,No,39.88615,-75.294,FlexNetId: 50533134,FlexNet900,930.5375 MHz,25,901.8375 MHz
42936,true,,CLAY-352RM2,RTM II+,No,FlexNet,Enabled,4110005,No,2026-07-29 09:20:44.649,Normal,2018-07-17 13:22:44.644,2025-09-17 09:30:41.000,No,39.7963,-75.74923,FlexNetId: 50408088,FlexNet900,930.5125 MHz,46,901.8875 MHz
44576,true,,ELMWOOD-132T476,RTM II+,No,FlexNet,Enabled,4110005,No,2026-07-29 09:15:21.164,Normal,2019-02-12 11:16:00.043,2025-09-17 10:01:57.000,No,39.9301,-75.23102,FlexNetId: 50409766,FlexNet900,930.5375 MHz,35,901.8625 MHz
44161,true,,LINE-2100T320,RTM II+,No,FlexNet,Enabled,4110005,No,2026-07-29 09:08:50.481,Normal,2018-11-20 15:03:14.723,2025-09-17 10:01:57.000,No,40.168774,-75.523071,FlexNetId: 50409497,FlexNet900,930.5125 MHz,77,901.8375 MHz
43020,true,,FLINT-144T55,RTM II+,No,FlexNet,Enabled,4110005,No,2026-07-29 09:19:29.389,Normal,2019-08-01 11:19:09.698,2025-09-17 09:45:44.000,No,40.05195,-75.310486,FlexNetId: 50408285,FlexNet900,930.5125 MHz,29,901.8625 MHz
52810,true,,CLAY-353R3,RTM II+,No,FlexNet,Enabled,4110005,No,2026-07-29 09:19:49.846,Normal,2023-12-11 09:22:12.521,2025-09-17 10:17:04.000,No,39.81471,-75.8188,FlexNetId: 50533074,FlexNet900,930.5125 MHz,36,901.8375 MHz
50868,true,,PULASKI-131RMP3,RTM II+,No,FlexNet,Enabled,4110005,No,2026-07-29 09:14:44.126,Normal,2022-06-23 10:27:19.730,2025-09-17 09:44:17.000,No,40.0287,-75.1678,FlexNetId: 50532182,FlexNet900,930.5125 MHz,34,901.8875 MHz
44393,true,,NEWLINVI-361R2,RTM II+,No,FlexNet,Enabled,4110005,No,2026-07-29 09:15:30.521,Normal,2019-02-07 15:32:27.416,2025-09-17 09:49:16.000,No,39.947,-75.78,FlexNetId: 50409256,FlexNet900,930.5375 MHz,25,901.8625 MHz
44417,true,,MASTER-131RS1,RTM II+,No,FlexNet,Enabled,4110005,No,2026-07-29 09:06:52.921,Normal,2019-01-23 11:37:40.985,2025-09-17 09:44:59.000,No,39.976315,-75.181425,FlexNetId: 50409559,FlexNet900,930.5375 MHz,39,901.8625 MHz
44754,true,,PULASKI-133T544,RTM II+,No,FlexNet,Enabled,4110005,No,2026-07-29 09:13:51.164,Normal,2019-02-12 11:17:24.586,2025-09-17 10:08:12.000,No,40.048,-75.174,FlexNetId: 50409617,FlexNet900,930.5375 MHz,23,901.8625 MHz
46430,true,,RICHMOND-145RM2,RTM II+,No,FlexNet,Enabled,4110005,No,2026-07-29 09:18:11.384,Normal,2019-09-03 12:47:56.005,2025-09-17 10:10:03.000,No,40.014386,-75.062311,FlexNetId: 50410892,FlexNet900,930.5125 MHz,27,901.8875 MHz
40382,true,,LOCK-342T140,RTM II+,No,FlexNet,Enabled,4110005,No,2026-07-29 09:07:35.801,Normal,2017-11-09 09:57:52.160,2025-09-17 09:59:41.000,No,40.2486544,-75.6744235,FlexNetId: 50406624,FlexNet900,930.5125 MHz,46,901.8375 MHz
52863,true,,NEWLINVI-343RM3,RTM II+,No,FlexNet,Enabled,4110005,No,2026-07-29 09:14:13.378,Normal,2023-12-11 09:22:25.798,2025-09-17 12:33:19.000,No,40.0291,-75.76457,FlexNetId: 50533296,FlexNet900,930.5125 MHz,26,901.8375 MHz
45912,true,,PULASKI-135RM3,RTM II+,No,FlexNet,Enabled,4110005,No,2026-07-29 09:19:26.674,Normal,2019-06-04 09:36:54.520,2025-09-17 10:10:01.000,No,40.043,-75.177,FlexNetId: 50410543,FlexNet900,930.5125 MHz,21,901.8625 MHz
45137,true,,BLUEGRAS-144RM2,RTM II+,No,FlexNet,Enabled,4110005,No,2026-07-29 09:19:28.908,Normal,2019-02-19 09:15:33.622,2025-09-17 10:16:27.000,No,40.064,-74.999,FlexNetId: 50409979,FlexNet900,930.5375 MHz,20,901.8625 MHz
48745,true,,DOWNINGT-003RS1,RTM II+,No,FlexNet,Enabled,4110005,No,2026-07-29 09:15:02.237,Normal,2020-12-02 10:01:23.245,2025-09-17 10:24:43.000,No,40.0041,-75.7086,FlexNetId: 50530914,FlexNet900,930.5125 MHz,76,901.8625 MHz
43809,true,,LINE-3344S1,RTM II+,No,FlexNet,Enabled,4110005,No,2026-07-29 09:19:27.423,Normal,2018-11-13 10:03:14.624,2025-09-17 09:49:16.000,No,39.87427,-75.38701,FlexNetId: 50409119,FlexNet900,930.5375 MHz,66,901.8375 MHz
41381,true,,LINE-5900R1,RTM II+,No,FlexNet,Enabled,4110005,No,2026-07-29 09:08:43.805,Normal,2019-11-26 12:49:30.301,2024-10-10 11:25:15.000,No,40.083112,-75.101123,FlexNetId: 50407345,FlexNet900,930.5375 MHz,23,901.8875 MHz
42951,true,,BUCKINGH-362S1,RTM II+,No,FlexNet,Enabled,4110005,No,2026-07-29 09:11:20.568,Normal,2018-07-17 13:22:49.584,2025-09-17 09:59:41.000,No,40.38976655,-75.09510976,FlexNetId: 50408226,FlexNet900,930.5125 MHz,26,901.8625 MHz
52817,true,,UPPRPROV-352S1,RTM II+,No,FlexNet,Enabled,4110005,No,2026-07-29 09:06:53.849,Normal,2023-12-11 09:22:13.381,2025-09-17 10:16:30.000,No,40.16905,-75.47174,FlexNetId: 50533081,FlexNet900,930.5125 MHz,36,901.8375 MHz
43655,true,,PULASKI-133S1,RTM II+,No,FlexNet,Enabled,4110005,No,2026-07-29 09:16:36.579,Normal,2018-10-05 14:49:21.071,2025-09-17 09:46:00.000,No,40.045798,-75.178243,FlexNetId: 50408819,FlexNet900,930.5375 MHz,26,901.8625 MHz
43731,true,,PASSYUNK-133RM2,RTM II+,No,FlexNet,Enabled,4110005,No,2026-07-29 09:09:16.136,Normal,2018-09-18 16:14:01.462,2025-09-17 09:43:36.000,No,39.922,-75.178,FlexNetId: 50408964,FlexNet900,930.5125 MHz,35,901.8625 MHz
44641,true,,UPMERION-144T266,RTM II+,No,FlexNet,Enabled,4110005,No,2026-07-29 09:12:55.144,Normal,2019-02-12 11:16:31.673,2025-09-17 09:29:15.000,No,40.04449,-75.40856,FlexNetId: 50409743,FlexNet900,930.5125 MHz,24,901.8375 MHz
52890,true,,LINE-505RM1,RTM II+,No,FlexNet,Enabled,4110005,No,2026-07-29 09:19:40.314,Normal,2023-12-11 09:23:24.265,2025-09-17 09:44:14.000,No,39.9780733,-75.12818,FlexNetId: 50533229,FlexNet900,930.5375 MHz,27,901.8625 MHz
44439,true,,HARTMAN-352T838,RTM II+,No,FlexNet,Enabled,4110005,No,2026-07-29 09:17:44.643,Normal,2019-07-12 10:42:17.762,2025-09-17 09:48:08.000,No,40.28,-75.239,FlexNetId: 50409571,FlexNet900,930.5125 MHz,32,901.8375 MHz
42915,true,,ELMWOOD-135T1231,RTM II+,No,FlexNet,Enabled,4110005,No,2026-07-29 09:10:59.436,Normal,2018-06-21 10:31:09.755,2025-09-17 09:28:12.000,No,39.9388404,-75.2135201,FlexNetId: 50408339,FlexNet900,930.5125 MHz,43,901.8375 MHz
44778,true,,LLANERCH-133RM3,RTM II+,No,FlexNet,Enabled,4110005,No,2026-07-29 09:17:55.263,Normal,2019-02-12 11:17:35.674,2025-09-17 09:40:33.000,No,39.973028,-75.287189,FlexNetId: 50409633,FlexNet900,930.5125 MHz,32,901.8875 MHz
48161,true,,CROYDON-144RS3,RTM II+,No,FlexNet,Enabled,4110005,No,2026-07-29 09:17:48.611,Normal,2020-09-22 09:17:12.483,2025-09-17 09:40:33.000,No,40.1022,-74.892,FlexNetId: 50530010,FlexNet900,930.5125 MHz,38,901.8875 MHz
43029,true,,CEDARBRO-132T253,RTM II+,No,FlexNet,Enabled,4110005,No,2026-07-29 09:06:54.055,Normal,2018-07-17 13:23:16.832,2025-09-17 09:40:33.000,No,40.090806,-75.219979,FlexNetId: 50408278,FlexNet900,930.5375 MHz,18,901.8875 MHz
45529,true,,CHICHEST-133T437,RTM II+,No,FlexNet,Enabled,4110005,No,2026-07-29 09:18:16.563,Normal,2019-03-06 17:48:46.447,2025-09-17 09:40:33.000,No,39.8277,-75.41899,FlexNetId: 50410352,FlexNet900,930.5125 MHz,18,901.8625 MHz
45535,true,,LOMBARD-136T562,RTM II+,No,FlexNet,Enabled,4110005,No,2026-07-29 09:19:32.019,Normal,2019-03-06 17:49:14.092,2025-09-17 09:40:33.000,No,39.938,-75.152,FlexNetId: 50410326,FlexNet900,930.5375 MHz,45,901.8875 MHz
44648,true,,JENKINTO-137S3,RTM II+,No,FlexNet,Enabled,4110005,No,2026-07-29 09:20:40.051,Normal,2019-02-12 11:16:34.920,2025-09-17 09:40:34.000,No,40.058,-75.124,FlexNetId: 50409732,FlexNet900,930.5375 MHz,20,901.8875 MHz
47686,true,,PERKIOME-342RS7,RTM II+,No,FlexNet,Enabled,4110005,No,2026-07-29 09:15:34.755,Normal,2020-08-15 21:35:19.076,2025-09-17 09:40:34.000,No,40.283,-75.393,FlexNetId: 50530838,FlexNet900,930.5125 MHz,45,901.8375 MHz
31226,true,,LINE-2394RM1,RTM II+,No,FlexNet,Enabled,4110005,No,2026-07-29 09:20:46.426,Normal,2020-04-21 09:32:48.861,2025-09-17 09:40:34.000,No,40.058,-75.016,FlexNetId: 50402941,FlexNet900,930.5375 MHz,18,901.8625 MHz
44993,true,,CRESCENT-132S2,RTM II+,No,FlexNet,Enabled,4110005,No,2026-07-29 09:16:14.769,Normal,2019-02-12 11:18:09.961,2025-09-17 09:40:34.000,No,40.026,-75.068,FlexNetId: 50409816,FlexNet900,930.5375 MHz,43,901.8625 MHz
45548,true,,ELMWOOD-131RM1,RTM II+,No,FlexNet,Enabled,4110005,No,2026-07-29 09:06:08.197,Normal,2019-03-06 17:49:24.111,2025-09-17 09:40:34.000,No,39.9221227,-75.2323855,FlexNetId: 50410273,FlexNet900,930.5125 MHz,20,901.8375 MHz
53638,true,,ELMWOOD-132T493,RTMx,No,FlexNet,Enabled,4110005,No,2026-07-29 09:12:28.628,Normal,2024-08-27 14:43:04.774,2025-09-17 09:40:35.000,No,39.938,-75.221,FlexNetId: 50480628,FlexNet900K24,930.5375 MHz,41,901.8625 MHz
40376,true,,LINTON-341T143,RTM II+,No,FlexNet,Enabled,4110005,No,2026-07-29 09:15:20.142,Normal,2017-10-24 06:24:05.240,2025-09-17 09:40:34.000,No,40.244639,-74.907917,FlexNetId: 50406392,FlexNet900,930.5125 MHz,29,901.8625 MHz
44507,true,,LINE-12800RM1,RTM II+,No,FlexNet,Enabled,4110005,No,2026-07-29 09:15:24.352,Normal,2019-01-10 14:49:17.672,2025-09-17 09:40:34.000,No,39.982449,-75.366251,FlexNetId: 50409914,FlexNet900,930.5125 MHz,73,901.8875 MHz
52432,true,,BLUEGRAS-141T1072,RTM II+,No,FlexNet,Enabled,4110005,No,2026-07-29 09:20:24.633,Normal,2023-09-12 09:07:31.009,2025-09-17 09:40:35.000,No,40.08454,-75.05299,FlexNetId: 50533195,FlexNet900,930.5125 MHz,12,901.8375 MHz
52784,true,,UPPERDAR-135S1,RTM II+,No,FlexNet,Enabled,4110005,No,2026-07-29 09:15:19.194,Normal,2023-11-20 12:14:05.343,2025-09-17 09:40:35.000,No,39.9402416,-75.2560418,FlexNetId: 50533577,FlexNet900,930.5125 MHz,34,901.8375 MHz
32599,true,,LINTON-342RS4,RTM II+,No,FlexNet,Enabled,4110005,No,2026-07-29 09:18:06.770,Normal,2018-04-13 09:38:57.359,2025-09-17 09:40:35.000,No,40.2587,-74.947,FlexNetId: 50403428,FlexNet900,930.5375 MHz,30,901.8375 MHz
30230,true,,JENKINTO-141R2,RTM II+,No,FlexNet,Enabled,4110005,No,2026-07-29 09:11:41.192,Normal,2014-08-26 13:56:13.400,2025-09-17 09:40:35.000,No,40.103324,-75.114732,FlexNetId: 50402223,FlexNet900,930.5375 MHz,32,901.8625 MHz
42738,true,,WOODBOUR-343T1,RTM II+,No,FlexNet,Enabled,4110005,No,2026-07-29 09:15:26.271,Normal,2018-05-11 12:14:06.984,2025-09-17 09:40:35.000,No,40.18654,-74.921621,FlexNetId: 50408173,FlexNet900,930.5125 MHz,13,901.8625 MHz
53620,true,,CEDARBRO-134T612,RTMx,No,FlexNet,Enabled,4110005,No,2026-07-29 09:09:32.945,Normal,2024-08-27 14:43:00.691,2025-09-17 09:40:35.000,No,40.062,-75.174,FlexNetId: 50480532,FlexNet900K24,930.5125 MHz,26,901.8375 MHz
53642,true,,LINE-1099T702,RTMx,No,FlexNet,Enabled,4110005,No,2026-07-29 09:17:08.583,Normal,2024-08-27 14:43:04.988,2025-09-17 09:40:35.000,No,39.984,-75.167,FlexNetId: 50480625,FlexNet900K24,930.5125 MHz,48,901.8375 MHz
45549,true,,TABOR-131RM2,RTM II+,No,FlexNet,Enabled,4110005,No,2026-07-29 09:15:37.702,Normal,2019-03-06 17:48:54.383,2025-09-17 09:40:36.000,No,40.039,-75.152,FlexNetId: 50410286,FlexNet900,930.5375 MHz,74,901.8625 MHz
43728,true,,BUCKINGH-351R1,RTM II+,No,FlexNet,Enabled,4110005,No,2026-07-29 09:19:00.926,Normal,2018-09-18 16:13:51.391,2025-09-17 09:40:36.000,No,40.403188,-75.091961,FlexNetId: 50408991,FlexNet900,930.5125 MHz,23,901.8375 MHz
43774,true,,BYBERRY-144RM1,RTM II+,No,FlexNet,Enabled,4110005,No,2026-07-29 09:14:34.462,Normal,2018-12-22 13:09:42.806,2025-09-17 09:40:36.000,No,40.142463,-75.027627,FlexNetId: 50409184,FlexNet900,930.5375 MHz,16,901.8625 MHz
45425,true,,BRADFORD-344RM2,RTM II+,No,FlexNet,Enabled,4110005,No,2026-07-29 09:18:08.778,Normal,2019-04-03 08:30:23.589,2025-09-17 09:40:36.000,No,40.031,-75.676,FlexNetId: 50410442,FlexNet900,930.5375 MHz,23,901.8875 MHz
45424,true,,CEDARBRO-137S1,RTM II+,No,FlexNet,Enabled,4110005,No,2026-07-29 09:16:02.944,Normal,2019-04-03 08:30:23.237,2025-09-17 09:40:36.000,No,40.08,-75.202,FlexNetId: 50410402,FlexNet900,930.5375 MHz,36,901.8875 MHz
42100,true,,BYBERRY-175T520,RTM II+,No,FlexNet,Enabled,4110005,No,2026-07-29 09:06:46.625,Normal,2018-03-26 15:47:43.838,2025-09-17 09:40:36.000,No,40.108,-74.966,FlexNetId: 50408506,FlexNet900,930.5125 MHz,18,901.8875 MHz
44192,true,,LINE-1400RM3,RTM II+,No,FlexNet,Enabled,4110005,No,2026-07-29 09:11:36.240,Normal,2018-12-13 17:09:10.838,2025-09-17 09:40:36.000,No,40.100059,-75.348853,FlexNetId: 50409324,FlexNet900,930.5125 MHz,57,901.8875 MHz
48791,true,,LINE-3600RS1,RTM II+,No,FlexNet,Enabled,4110005,No,2026-07-29 09:11:12.477,Normal,2020-12-04 15:04:20.488,2025-09-17 09:40:36.000,No,40.1308,-75.5558,FlexNetId: 50530930,FlexNet900,930.5125 MHz,48,901.8625 MHz
48889,true,,BRADFORD-341RM3,RTM II+,No,FlexNet,Enabled,4110005,No,2026-07-29 09:14:41.930,Normal,2021-10-29 10:56:18.711,2025-09-17 09:40:36.000,No,40.004508,-75.701256,FlexNetId: 50530085,FlexNet900,930.5125 MHz,73,901.8375 MHz
51812,true,,NEWLINVI-354RM2,RTM II+,No,FlexNet,Enabled,4110005,No,2026-07-29 09:15:41.152,Normal,2022-12-08 08:07:36.829,2025-09-17 09:40:36.000,No,39.9617,-75.9134,FlexNetId: 50532989,FlexNet900,930.5125 MHz,76,901.8375 MHz
44188,true,,BLUEGRAS-133S1,RTM II+,No,FlexNet,Enabled,4110005,No,2026-07-29 09:10:03.873,Normal,2018-12-13 17:09:09.482,2025-09-17 09:40:37.000,No,40.101815,-75.055352,FlexNetId: 50409469,FlexNet900,930.5375 MHz,17,901.8375 MHz
45124,true,,WOODBOUR-361RS3,RTM II+,No,FlexNet,Enabled,4110005,No,2026-07-29 09:18:39.485,Normal,2019-02-14 09:40:46.884,2025-09-17 09:40:36.000,No,40.219,-74.91,FlexNetId: 50409981,FlexNet900,930.5375 MHz,27,901.8625 MHz
44994,true,,FOXCHASE-137S1,RTM II+,No,FlexNet,Enabled,4110005,No,2026-07-29 09:11:05.533,Normal,2019-02-12 11:18:10.467,2025-09-17 09:40:37.000,No,40.08,-75.082,FlexNetId: 50409705,FlexNet900,930.5375 MHz,30,901.8625 MHz
29738,true,,BETZWOOD-342T620,RTM II+,No,FlexNet,Enabled,4110005,No,2026-07-29 09:19:25.778,Normal,2020-04-19 13:42:40.271,2025-09-17 09:40:33.000,No,40.123,-75.409,FlexNetId: 50401994,FlexNet900,930.5125 MHz,28,901.8625 MHz
52296,true,,NORWALES-341RS5,RTM II+,No,FlexNet,Enabled,4110005,No,2026-07-29 09:20:54.095,Normal,2023-08-11 08:02:52.913,2025-09-17 09:28:11.000,No,40.264722,-75.229431,FlexNetId: 50533406,FlexNet900,930.5125 MHz,26,901.8375 MHz
42967,true,,FLINT-146S1,RTM II+,No,FlexNet,Enabled,4110005,No,2026-07-29 09:20:06.329,Normal,2018-07-17 13:22:55.089,2025-09-17 09:59:42.000,No,40.072802,-75.366405,FlexNetId: 50408122,FlexNet900,930.5125 MHz,45,901.8875 MHz
43695,true,,WHITEMAR-133RM2,RTM II+,No,FlexNet,Enabled,4110005,No,2026-07-29 09:13:57.276,Normal,2018-10-30 14:17:09.160,2025-09-17 09:45:41.000,No,40.103393,-75.234778,FlexNetId: 50408876,FlexNet900,930.5125 MHz,15,901.8625 MHz
53015,true,,PACKER-131T1236,RTM II+,No,FlexNet,Enabled,4110005,No,2026-07-29 09:07:23.324,Normal,2024-03-13 20:08:32.303,2025-09-17 10:17:06.000,No,39.920554,-75.168353,FlexNetId: 50533723,FlexNet900,930.5125 MHz,17,901.8375 MHz
48798,true,,DAVISVIL-004RS2,RTM II+,No,FlexNet,Enabled,4110005,No,2026-07-29 09:20:28.953,Normal,2020-12-04 15:04:22.148,2025-09-17 10:05:09.000,No,40.1355,-75.1224,FlexNetId: 50530915,FlexNet900,930.5375 MHz,22,901.8625 MHz
45403,true,,CRESCENT-132RS3,RTM II+,No,FlexNet,Enabled,4110005,No,2026-07-29 09:16:06.399,Normal,2019-04-03 08:30:30.212,2025-09-17 10:09:58.000,No,40.028,-75.078,FlexNetId: 50409973,FlexNet900,930.5375 MHz,33,901.8625 MHz
45103,true,,BLUEGRAS-144T898,RTM II+,No,FlexNet,Enabled,4110005,No,2026-07-29 09:08:52.376,Normal,2019-02-14 09:40:39.312,2025-09-17 10:04:31.000,No,40.066,-75.005,FlexNetId: 50410114,FlexNet900,930.5375 MHz,15,901.8875 MHz
43136,true,,PLYMOUTH-136T138,RTM II+,No,FlexNet,Enabled,4110005,No,2026-07-29 09:11:16.512,Normal,2018-10-02 13:29:13.930,2025-09-17 09:49:14.000,No,40.13174,-75.25116,FlexNetId: 50408195,FlexNet900,930.5125 MHz,19,901.8625 MHz
43912,true,,MASTER-144T422,RTM II+,No,FlexNet,Enabled,4110005,No,2026-07-29 09:14:08.093,Normal,2019-02-17 08:53:51.116,2025-09-17 09:56:01.000,No,39.980823,-75.162708,FlexNetId: 50409045,FlexNet900,930.5125 MHz,28,901.8375 MHz
45006,true,,CALLOWHI-136T382,RTM II+,No,FlexNet,Enabled,4110005,No,2026-07-29 09:16:46.723,Normal,2019-02-14 09:40:51.289,2025-09-17 10:05:11.000,No,39.964645,-75.14815,FlexNetId: 50409720,FlexNet900,930.5375 MHz,30,901.8875 MHz
42954,true,,MOSER-341RM5,RTM II+,No,FlexNet,Enabled,4110005,No,2026-07-29 09:16:59.436,Normal,2018-07-17 13:22:50.596,2025-09-17 09:37:49.000,No,40.2617165,-75.651448,FlexNetId: 50408480,FlexNet900,930.5125 MHz,58,901.8375 MHz
42344,true,,BRYNMAWR-147RM2,RTM II+,No,FlexNet,Enabled,4110005,No,2026-07-29 09:10:24.754,Normal,2018-06-21 10:31:03.855,2025-09-17 09:58:40.000,No,39.9925438653203,-75.2841354514519,FlexNetId: 50408488,FlexNet900,930.5375 MHz,30,901.8875 MHz
46919,true,,ROXBOROU-133RM2,RTM II+,No,FlexNet,Enabled,4110005,No,2026-07-29 09:18:04.946,Normal,2020-01-05 21:03:38.935,2025-09-17 10:24:43.000,No,40.044,-75.225,FlexNetId: 50410667,FlexNet900,930.5125 MHz,45,901.8375 MHz
40363,true,,LINTON-341R2,RTM II+,No,FlexNet,Enabled,4110005,No,2026-07-29 09:19:27.618,Normal,2017-10-24 06:24:04.873,2025-09-17 10:08:51.000,No,40.248226,-74.850586,FlexNetId: 50407079,FlexNet900,930.5375 MHz,36,901.8875 MHz
44983,true,,EDDINGTO-137RM1,RTM II+,No,FlexNet,Enabled,4110005,No,2026-07-29 09:09:09.861,Normal,2019-02-12 11:18:04.967,2025-09-17 09:59:00.000,No,40.089609,-74.968612,FlexNetId: 50409796,FlexNet900,930.5125 MHz,39,901.8875 MHz
45069,true,,ELMWOOD-131RM2,RTM II+,No,FlexNet,Enabled,4110005,No,2026-07-29 09:19:19.353,Normal,2019-02-14 09:40:28.165,2025-09-17 10:05:11.000,No,39.922,-75.237,FlexNetId: 50409364,FlexNet900,930.5125 MHz,34,901.8375 MHz
44429,true,,LINE-16100R2,RTM II+,No,FlexNet,Enabled,4110005,No,2026-07-29 09:14:35.742,Normal,2019-01-25 11:22:01.582,2025-09-17 09:48:08.000,No,39.868562,-75.659827,FlexNetId: 50409278,FlexNet900,930.5125 MHz,62,901.8875 MHz
45316,true,,MACDADE-144T410,RTM II+,No,FlexNet,Enabled,4110005,No,2026-07-29 09:10:20.285,Normal,2019-04-03 08:29:41.182,2025-09-17 10:09:57.000,No,39.883376,-75.335689,FlexNetId: 50410068,FlexNet900,930.5125 MHz,44,901.8375 MHz
44570,true,,LINE-800T112,RTM II+,No,FlexNet,Enabled,4110005,No,2026-07-29 09:17:53.977,Normal,2019-02-12 11:16:03.629,2025-09-17 10:01:58.000,No,40.138293,-75.544968,FlexNetId: 50409925,FlexNet900,930.5125 MHz,48,901.8375 MHz
47757,true,,BLUEGRAS-137T576,RTM II+,No,FlexNet,Enabled,4110005,No,2026-07-29 09:13:10.299,Normal,2020-08-13 09:23:40.945,2025-09-17 10:06:16.000,No,40.0767,-74.9866,FlexNetId: 50530571,FlexNet900,930.5375 MHz,31,901.8375 MHz
41397,true,,MACDADE-160RM2,RTM II+,No,FlexNet,Enabled,4110005,No,2026-07-29 09:20:34.207,Normal,2018-03-26 15:47:41.303,2025-09-17 09:57:54.000,No,39.890797,-75.326849,FlexNetId: 50407782,FlexNet900,930.5375 MHz,49,901.8875 MHz
40359,true,,FALLS-351S1,RTM II+,No,FlexNet,Enabled,4110005,No,2026-07-29 09:18:30.072,Normal,2018-03-26 15:46:39.172,2025-09-17 09:43:58.000,No,40.207068,-74.826763,FlexNetId: 50406748,FlexNet900,930.5125 MHz,61,901.8625 MHz
42682,true,,PERKIOME-341R3,RTM II+,No,FlexNet,Enabled,4110005,No,2026-07-29 09:15:29.028,Normal,2018-05-03 20:30:43.217,2025-09-17 09:51:50.000,No,40.263718,-75.465119,FlexNetId: 50408372,FlexNet900,930.5375 MHz,16,901.8625 MHz
49478,true,,JEFFERSO-006RS2,RTM II+,No,FlexNet,Enabled,4110005,No,2026-07-29 09:20:32.349,Normal,2021-06-18 09:04:26.132,2025-09-17 10:06:19.000,No,40.132,-75.3689,FlexNetId: 50531519,FlexNet900,930.5125 MHz,53,901.8875 MHz
41350,true,,LINE-3308R2,RTM II+,No,FlexNet,Enabled,4110005,No,2026-07-29 09:19:36.879,Normal,2018-01-18 13:52:29.557,2025-09-17 10:00:01.000,No,39.74597,-76.01063,FlexNetId: 50407644,FlexNet900,930.5375 MHz,69,901.8625 MHz
42844,true,,BLUEGRAS-137T127,RTM II+,No,FlexNet,Enabled,4110005,No,2026-07-29 09:12:35.482,Normal,2018-06-07 14:18:00.581,2025-09-17 09:28:57.000,No,40.078346,-74.993923,FlexNetId: 50408562,FlexNet900,930.5125 MHz,9,901.8875 MHz
45419,true,,NORCO-002RS1,RTM II+,No,FlexNet,Enabled,4110005,No,2026-07-29 09:20:45.467,Normal,2019-04-03 08:30:21.332,2025-09-17 10:06:16.000,No,40.2323,-75.6685,FlexNetId: 50410439,FlexNet900,930.5375 MHz,56,901.8875 MHz
43202,true,,BROOMALL-136T173,RTM II+,No,FlexNet,Enabled,4110005,No,2026-07-29 09:19:40.701,Normal,2018-11-12 11:56:49.648,2025-09-17 09:45:19.000,No,39.9812,-75.3576,FlexNetId: 50408156,FlexNet900,930.5125 MHz,33,901.8375 MHz
45486,true,,LINTON-351RMP3,RTM II+,No,FlexNet,Enabled,4110005,No,2026-07-29 09:15:52.857,Normal,2019-03-06 17:48:54.018,2025-09-17 10:08:45.000,No,40.33228,-74.938598,FlexNetId: 50410355,FlexNet900,930.5125 MHz,16,901.8375 MHz
52313,true,,PACKER-135T1012,RTM II+,No,FlexNet,Enabled,4110005,No,2026-07-29 09:09:50.254,Normal,2023-08-11 08:02:54.872,2025-09-17 09:28:32.000,No,39.92744,-75.15499,FlexNetId: 50533410,FlexNet900,930.5125 MHz,38,901.8375 MHz
43049,true,,COCHRANV-341T160,RTM II+,No,FlexNet,Enabled,4110005,No,2026-07-29 09:18:55.291,Normal,2018-07-17 13:23:24.065,2025-09-17 09:44:18.000,No,39.896384,-75.915052,FlexNetId: 50408224,FlexNet900,930.5375 MHz,78,901.8625 MHz
47792,true,,CRUSHER-000RS1,RTM II+,No,FlexNet,Enabled,4110005,No,2026-07-29 09:20:43.072,Normal,2020-08-13 09:11:14.519,2025-09-17 10:24:43.000,No,40.324,-75.4829,FlexNetId: 50530682,FlexNet900,930.5125 MHz,21,901.8625 MHz
41336,true,,WARRINGT-343S1,RTM II+,No,FlexNet,Enabled,4110005,No,2026-07-29 09:12:32.369,Normal,2018-03-26 15:46:52.864,2025-09-17 09:42:24.000,No,40.261749,-75.10187,FlexNetId: 50407393,FlexNet900,930.5375 MHz,33,901.8875 MHz
52412,true,,HARTMAN-352S4,RTM II+,No,FlexNet,Enabled,4110005,No,2026-07-29 09:19:54.025,Normal,2023-08-15 08:49:38.684,2025-09-17 10:17:48.000,No,40.28884,-75.21517,FlexNetId: 50533362,FlexNet900,930.5125 MHz,15,901.8375 MHz
47830,true,,LINE-1071T829,RTM II+,No,FlexNet,Enabled,4110005,No,2026-07-29 09:15:37.011,Normal,2020-08-15 21:30:06.058,2025-09-17 10:08:08.000,No,39.992,-75.149,FlexNetId: 50530551,FlexNet900,930.5125 MHz,34,901.8375 MHz
45916,true,,NEWLINVI-341R2,RTM II+,No,FlexNet,Enabled,4110005,No,2026-07-29 09:12:10.288,Normal,2019-06-04 09:36:50.044,2025-09-17 09:56:01.000,No,39.98992,-75.744263,FlexNetId: 50410542,FlexNet900,930.5375 MHz,20,901.8875 MHz
51719,true,,LINE-420T848,RTM II+,No,FlexNet,Enabled,4110005,No,2026-07-29 09:11:33.150,Normal,2022-11-17 07:00:19.609,2025-09-17 09:50:01.000,No,39.9156,-75.1566,FlexNetId: 50532812,FlexNet900,930.5125 MHz,23,901.8875 MHz
44156,true,,BLUEGRAS-143RM1,RTM II+,No,FlexNet,Enabled,4110005,No,2026-07-29 09:17:39.273,Normal,2018-11-20 15:04:31.459,2025-09-17 09:49:13.000,No,40.08304,-74.988838,FlexNetId: 50409435,FlexNet900,930.5375 MHz,30,901.8875 MHz
54017,true,,CHICHEST-132RM1,RTMx,No,FlexNet,Enabled,4110005,No,2026-07-29 09:17:07.667,Normal,2024-09-14 10:33:50.602,2025-09-17 12:33:17.000,No,39.82097,-75.41814,FlexNetId: 50480511,FlexNet900K24,930.5125 MHz,40,901.8625 MHz
47777,true,,CALLOWHI-138RM1,RTM II+,No,FlexNet,Enabled,4110005,No,2026-07-29 09:15:29.804,Normal,2020-08-13 09:23:44.255,2025-09-17 09:41:07.000,No,39.9748,-75.16539,FlexNetId: 50530679,FlexNet900,930.5375 MHz,40,901.8625 MHz
45029,true,,LINE-2241RM1,RTM II+,No,FlexNet,Enabled,4110005,No,2026-07-29 09:10:43.626,Normal,2019-02-14 09:40:14.208,2025-09-17 09:41:07.000,No,39.964,-75.171,FlexNetId: 50409357,FlexNet900,930.5375 MHz,43,901.8875 MHz
50727,true,,WARMINST-172S1,RTM II+,No,FlexNet,Enabled,4110005,No,2026-07-29 09:12:44.750,Normal,2022-04-12 07:23:30.850,2025-09-17 09:41:07.000,No,40.1783,-75.103,FlexNetId: 50531970,FlexNet900,930.5125 MHz,18,901.8625 MHz
45544,true,,UNIVERSI-133RS1,RTM II+,No,FlexNet,Enabled,4110005,No,2026-07-29 09:15:34.591,Normal,2019-03-06 17:48:52.605,2025-09-17 09:41:07.000,No,39.955,-75.206,FlexNetId: 50410314,FlexNet900,930.5125 MHz,32,901.8375 MHz
41383,true,,LINE-2671S1,RTM II+,No,FlexNet,Enabled,4110005,No,2026-07-29 09:19:42.331,Normal,2018-01-18 13:52:26.877,2025-09-17 09:41:07.000,No,39.969927,-75.209096,FlexNetId: 50407658,FlexNet900,930.5125 MHz,31,901.8875 MHz
44721,true,,LINE-1071T1344,RTM II+,No,FlexNet,Enabled,4110005,No,2026-07-29 09:08:22.505,Normal,2019-02-12 11:17:08.960,2025-09-17 09:41:07.000,No,39.99018,-75.14571,FlexNetId: 50409680,FlexNet900,930.5375 MHz,39,901.8625 MHz
53601,true,,BUCKINGH-354RM2,RTMx,No,FlexNet,Enabled,4110005,No,2026-07-29 09:10:06.609,Normal,2024-08-27 14:42:55.919,2025-09-17 09:41:07.000,No,40.2917,-75.1312,FlexNetId: 50480554,FlexNet900K24,930.5125 MHz,40,901.8375 MHz
28030,true,,TUNA-146RM1,RTM II+,No,FlexNet,Enabled,4110005,No,2026-07-29 09:14:34.380,Normal,2014-11-21 12:00:40.227,2025-09-17 09:41:06.000,No,39.98,-75.1365,FlexNetId: 50401652,FlexNet900,930.5375 MHz,22,901.8625 MHz
43589,true,,LINE-200T108,RTM II+,No,FlexNet,Enabled,4110005,No,2026-07-29 09:13:35.340,Normal,2018-10-30 14:16:50.620,2025-09-17 09:41:03.000,No,40.05732,-75.656828,FlexNetId: 50408753,FlexNet900,930.5125 MHz,57,901.8375 MHz
42922,true,,BLUEGRAS-141S2,RTM II+,No,FlexNet,Enabled,4110005,No,2026-07-29 09:15:24.947,Normal,2018-06-21 10:31:12.059,2025-09-17 09:41:03.000,No,40.085,-75.038782,FlexNetId: 50408145,FlexNet900,930.5375 MHz,20,901.8625 MHz
48291,true,,CRESCENT-139RS4,RTM II+,No,FlexNet,Enabled,4110005,No,2026-07-29 09:19:11.427,Normal,2020-09-25 11:34:14.843,2025-09-17 09:41:03.000,No,40.025,-75.123,FlexNetId: 50530395,FlexNet900,930.5125 MHz,55,901.8875 MHz
40361,true,,BUCKINGH-344S2,RTM II+,No,FlexNet,Enabled,4110005,No,2026-07-29 09:18:59.403,Normal,2018-03-26 15:46:40.008,2025-09-17 09:41:03.000,No,40.320641,-75.158546,FlexNetId: 50406747,FlexNet900,930.5125 MHz,23,901.8375 MHz
44317,true,,UPPRPROV-344T352,RTM II+,No,FlexNet,Enabled,4110005,No,2026-07-29 09:06:59.539,Normal,2019-01-03 17:07:02.044,2025-09-17 09:41:03.000,No,40.179,-75.528,FlexNetId: 50409575,FlexNet900,930.5125 MHz,66,901.8375 MHz
43215,true,,LLANERCH-162T27,RTM II+,No,FlexNet,Enabled,4110005,No,2026-07-29 09:08:31.846,Normal,2018-12-07 09:55:42.628,2024-10-11 09:25:19.000,No,39.9617542,-75.2666181,FlexNetId: 50408305,FlexNet900,930.5375 MHz,26,901.8875 MHz
44499,true,,LINE-14700T223,RTM II+,No,FlexNet,Enabled,4110005,No,2026-07-29 09:13:34.360,Normal,2019-01-10 14:49:13.428,2025-09-17 09:41:03.000,No,40.042425,-75.579243,FlexNetId: 50409898,FlexNet900,930.5125 MHz,39,901.8875 MHz
51363,true,,NEWSQUA-131SD1,RTM II+,No,FlexNet,Enabled,4110005,No,2026-07-29 09:20:40.331,Normal,2022-09-21 07:54:38.175,2025-09-17 09:41:03.000,No,39.9981,-75.3949,FlexNetId: 50532376,FlexNet900,930.5125 MHz,44,901.8875 MHz
51825,true,,LANE-002RS2,RTM II+,No,FlexNet,Enabled,4110005,No,2026-07-29 09:20:18.361,Normal,2022-12-12 07:40:10.557,2025-09-17 09:41:03.000,No,40.3281901,-75.4517861,FlexNetId: 50533011,FlexNet900,930.5125 MHz,8,901.8375 MHz
50709,true,,ISLANDRD-133RM1,RTM II+,No,FlexNet,Enabled,4110005,No,2026-07-29 09:20:26.455,Normal,2022-03-09 10:11:01.925,2025-09-17 09:41:03.000,No,39.918,-75.25,FlexNetId: 50531743,FlexNet900,930.5375 MHz,29,901.8375 MHz
54170,true,,CHICHEST-132RMP2,RTMx,No,FlexNet,Enabled,4110005,No,2026-07-29 09:19:28.970,Normal,2024-10-17 09:54:28.382,2025-09-17 09:41:04.000,No,39.8201034,-75.4170432,FlexNetId: 50480854,FlexNet900K24,930.5125 MHz,55,901.8375 MHz
50692,true,,LINE-2787T223,RTM II+,No,FlexNet,Enabled,4110005,No,2026-07-29 09:07:32.893,Normal,2022-03-07 10:05:39.092,2025-09-17 09:41:04.000,No,39.9544,-75.2158,FlexNetId: 50531989,FlexNet900,930.5125 MHz,30,901.8375 MHz
44649,true,,NEWLINVI-343T345,RTM II+,No,FlexNet,Enabled,4110005,No,2026-07-29 09:20:19.166,Normal,2019-02-12 11:16:35.402,2025-09-17 09:41:04.000,No,40.0478,-75.7832,FlexNetId: 50409728,FlexNet900,930.5375 MHz,27,901.8625 MHz
53700,true,,HEATON-142T94,RTMx,No,FlexNet,Enabled,4110005,No,2026-07-29 09:07:41.746,Normal,2024-08-27 14:47:32.694,2025-09-17 09:41:04.000,No,40.182154,-75.162797,FlexNetId: 50480499,FlexNet900K24,930.5125 MHz,36,901.8375 MHz
45326,true,,MACDADE-142S2,RTM II+,No,FlexNet,Enabled,4110005,No,2026-07-29 09:06:12.526,Normal,2019-04-02 10:50:32.121,2025-09-17 09:41:04.000,No,39.89899184,-75.314456,FlexNetId: 50410131,FlexNet900,930.5375 MHz,22,901.8875 MHz
46777,true,,NORWALES-353T647,RTM II+,No,FlexNet,Enabled,4110005,No,2026-07-29 09:14:36.209,Normal,2019-12-12 09:45:03.284,2025-09-17 09:41:04.000,No,40.1915,-75.2948,FlexNetId: 50410682,FlexNet900,930.5375 MHz,17,901.8625 MHz
51833,true,,LINE-3700T980,RTM II+,No,FlexNet,Enabled,4110005,No,2026-07-29 09:12:24.153,Normal,2023-01-12 09:19:26.646,2025-09-17 09:41:04.000,No,40.1298835,-74.88577,FlexNetId: 50532917,FlexNet900,930.5125 MHz,47,901.8375 MHz
49812,true,,MASTER-133T876,RTM II+,No,FlexNet,Enabled,4110005,No,2026-07-29 09:15:20.998,Normal,2021-09-15 15:29:10.804,2025-09-17 09:41:05.000,No,39.975,-75.153,FlexNetId: 50531451,FlexNet900,930.5125 MHz,35,901.8875 MHz
43946,true,,PERKIOME-341RM1,RTM II+,No,FlexNet,Enabled,4110005,No,2026-07-29 09:12:46.858,Normal,2018-11-12 10:54:13.258,2025-09-17 09:41:05.000,No,40.25144,-75.46179,FlexNetId: 50409179,FlexNet900,930.5125 MHz,37,901.8375 MHz
42391,true,,ANGORA-132T317,RTM II+,No,FlexNet,Enabled,4110005,No,2026-07-29 09:15:30.890,Normal,2018-03-26 15:47:55.229,2025-09-17 09:41:05.000,No,39.956472,-75.215729,FlexNetId: 50408576,FlexNet900,930.5125 MHz,16,901.8625 MHz
43224,true,,EAGLE-342RM1,RTM II+,No,FlexNet,Enabled,4110005,No,2026-07-29 09:19:57.936,Normal,2019-02-07 10:42:01.740,2025-09-17 09:41:05.000,No,40.115278,-75.780516,FlexNetId: 50408298,FlexNet900,930.5375 MHz,22,901.8625 MHz
51131,true,,PLYMOUTH-132T1007,RTM II+,No,FlexNet,Enabled,4110005,No,2026-07-29 09:13:50.720,Normal,2022-06-24 09:34:55.395,2025-09-17 09:41:05.000,No,40.0083,-75.2654,FlexNetId: 50532406,FlexNet900,930.5125 MHz,35,901.8375 MHz
48134,true,,NORWALES-342RS2,RTM II+,No,FlexNet,Enabled,4110005,No,2026-07-29 09:08:17.432,Normal,2020-09-22 09:17:23.636,2025-09-17 09:41:05.000,No,40.2503,-75.3098,FlexNetId: 50530031,FlexNet900,930.5125 MHz,18,901.8375 MHz
43034,true,,TREDYFFR-132T93,RTM II+,No,FlexNet,Enabled,4110005,No,2026-07-29 09:17:31.851,Normal,2018-07-17 13:23:18.685,2025-09-17 09:41:05.000,No,40.063358,-75.431714,FlexNetId: 50408250,FlexNet900,930.5125 MHz,32,901.8625 MHz
51347,true,,BLUEGRAS-139RM2,RTM II+,No,FlexNet,Enabled,4110005,No,2026-07-29 09:18:46.019,Normal,2022-09-21 07:54:35.436,2025-09-17 09:41:05.000,No,40.07223,-75.0314,FlexNetId: 50532715,FlexNet900,930.5375 MHz,41,901.8875 MHz
51807,true,,HARTMAN-352RS3,RTM II+,No,FlexNet,Enabled,4110005,No,2026-07-29 09:08:37.373,Normal,2022-12-07 09:54:50.677,2025-09-17 09:41:05.000,No,40.2852,-75.2427,FlexNetId: 50532871,FlexNet900,930.5125 MHz,21,901.8375 MHz
42763,true,,NEWSQUA-136S2,RTM II+,No,FlexNet,Enabled,4110005,No,2026-07-29 09:19:37.191,Normal,2018-05-11 12:14:08.286,2025-09-17 09:41:06.000,No,40.001349,-75.340058,FlexNetId: 50408060,FlexNet900,930.5375 MHz,29,901.8875 MHz
52844,true,,LINE-300R1,RTM II+,No,FlexNet,Enabled,4110005,No,2026-07-29 09:19:41.860,Normal,2023-12-11 09:22:21.240,2025-09-17 09:41:06.000,No,40.13469,-75.59067,FlexNetId: 50533084,FlexNet900,930.5125 MHz,56,901.8375 MHz
44322,true,,GRAYSFER-141T269,RTM II+,No,FlexNet,Enabled,4110005,No,2026-07-29 09:14:30.053,Normal,2019-01-03 17:07:03.895,2025-09-17 09:41:06.000,No,39.9407346,-75.1678543,FlexNetId: 50409492,FlexNet900,930.5375 MHz,34,901.8375 MHz
45919,true,,MORTON-142RS5,RTM II+,No,FlexNet,Enabled,4110005,No,2026-07-29 09:20:38.482,Normal,2019-06-04 09:36:55.229,2025-09-17 09:41:06.000,No,39.878653,-75.362769,FlexNetId: 50410541,FlexNet900,930.5125 MHz,30,901.8625 MHz
46782,true,,TACONY-134S1,RTM II+,No,FlexNet,Enabled,4110005,No,2026-07-29 09:20:45.709,Normal,2019-12-12 09:45:04.056,2025-09-17 09:41:06.000,No,40.015,-75.074,FlexNetId: 50530471,FlexNet900,930.5375 MHz,28,901.8625 MHz
46901,true,,BLUEGRAS-144T708,RTM II+,No,FlexNet,Enabled,4110005,No,2026-07-29 09:10:26.806,Normal,2020-01-05 21:03:36.005,2025-09-17 09:57:57.000,No,40.059429,-74.993457,FlexNetId: 50410633,FlexNet900,930.5125 MHz,27,901.8875 MHz
49190,true,,MASTER-143RM2,RTM II+,No,FlexNet,Enabled,4110005,No,2026-07-29 09:19:50.163,Normal,2021-03-14 09:56:49.469,2025-09-17 10:13:08.000,No,39.972,-75.173,FlexNetId: 50531228,FlexNet900,930.5375 MHz,24,901.8375 MHz
45173,true,,BRADFORD-344T669,RTM II+,No,FlexNet,Enabled,4110005,No,2026-07-29 09:16:27.139,Normal,2019-02-19 09:15:47.247,2025-09-17 10:24:44.000,No,40.00997,-75.669493,FlexNetId: 50410046,FlexNet900,930.5375 MHz,22,901.8875 MHz
50470,true,,NEWLINVI-341RM1,RTM II+,No,FlexNet,Enabled,4110005,No,2026-07-29 09:20:31.103,Normal,2021-12-14 08:31:29.002,2025-09-17 09:50:43.000,No,39.9722,-75.7562,FlexNetId: 50531861,FlexNet900,930.5125 MHz,67,901.8875 MHz
40352,true,,CRESCENT-160T325,RTM II+,No,FlexNet,Enabled,4110005,No,2026-07-29 09:19:40.554,Normal,2018-03-26 15:46:36.780,2025-09-17 09:50:41.000,No,40.032926,-75.086418,FlexNetId: 50405745,FlexNet900,930.5125 MHz,27,901.8375 MHz
45364,true,,MATSON-131RS1,RTM II+,No,FlexNet,Enabled,4110005,No,2026-07-29 09:20:42.011,Normal,2019-04-03 08:29:59.368,2025-09-17 10:16:25.000,No,40.05,-75.329,FlexNetId: 50410148,FlexNet900,930.5375 MHz,17,901.8375 MHz
41411,true,,UPMERION-351R3,RTM II+,No,FlexNet,Enabled,4110005,No,2026-07-29 09:15:22.582,Normal,2019-08-13 11:36:27.932,2025-09-17 09:41:26.000,No,40.0702,-75.4469,FlexNetId: 50407641,FlexNet900,930.5125 MHz,22,901.8375 MHz
45152,true,,MOSER-013RS1,RTM II+,No,FlexNet,Enabled,4110005,No,2026-07-29 09:16:04.876,Normal,2019-02-19 09:15:39.433,2025-09-17 10:24:44.000,No,40.232,-75.635,FlexNetId: 50410082,FlexNet900,930.5125 MHz,51,901.8375 MHz
41365,true,,LINTON-351RM4,RTM II+,No,FlexNet,Enabled,4110005,No,2026-07-29 09:20:38.589,Normal,2018-03-26 15:47:04.554,2025-09-17 10:00:45.000,No,40.285663,-74.873876,FlexNetId: 50407616,FlexNet900,930.5375 MHz,54,901.8625 MHz
51234,true,,LINE-162RM1,RTM II+,No,FlexNet,Enabled,4110005,No,2026-07-29 09:16:42.428,Normal,2022-08-03 07:42:43.192,2025-09-17 09:50:00.000,No,39.917998,-75.149653,FlexNetId: 50532745,FlexNet900,930.5125 MHz,44,901.8375 MHz
47599,true,,CLIFTON-002RS2,RTM II+,No,FlexNet,Enabled,4110005,No,2026-07-29 09:14:07.667,Normal,2020-05-26 12:40:37.772,2025-09-17 10:04:21.000,No,39.9254,-75.2966,FlexNetId: 50530505,FlexNet900,930.5125 MHz,28,901.8625 MHz
45002,true,,BETZWOOD-351RS1,RTM II+,No,FlexNet,Enabled,4110005,No,2026-07-29 09:07:18.033,Normal,2019-02-12 11:18:14.671,2025-09-17 09:54:52.000,No,40.134574,-75.442537,FlexNetId: 50409807,FlexNet900,930.5125 MHz,35,901.8875 MHz
52196,true,,LINE-3300RM1,RTM II+,No,FlexNet,Enabled,4110005,No,2026-07-29 09:12:17.301,Normal,2023-06-07 07:36:04.207,2025-09-17 09:50:19.000,No,40.20706,-75.13958,FlexNetId: 50532092,FlexNet900,930.5125 MHz,32,901.8375 MHz
43159,true,,SPRINGCY-002RS1,RTM II+,No,FlexNet,Enabled,4110005,No,2026-07-29 09:20:39.333,Normal,2018-10-02 13:29:05.697,2025-09-17 09:29:15.000,No,40.1771,-75.5502,FlexNetId: 50408112,FlexNet900,930.5375 MHz,51,901.8625 MHz
42304,true,,BUCKINGH-351T339,RTM II+,No,FlexNet,Enabled,4110005,No,2026-07-29 09:11:02.688,Normal,2018-04-13 09:39:48.806,2025-09-17 10:04:23.000,No,40.39629,-75.10031,FlexNetId: 50408615,FlexNet900,930.5375 MHz,19,901.8625 MHz
52190,true,,BLUEGRAS-131T1070,RTM II+,No,FlexNet,Enabled,4110005,No,2026-07-29 09:12:15.624,Normal,2023-06-07 07:36:03.095,2025-09-17 09:50:17.000,No,40.077,-75.0367,FlexNetId: 50533266,FlexNet900,930.5125 MHz,26,901.8625 MHz
47192,true,,MACDADE-135T627,RTM II+,No,FlexNet,Enabled,4110005,No,2026-07-29 09:18:43.700,Normal,2020-02-25 09:05:51.077,2025-09-17 09:57:32.000,No,39.882,-75.319,FlexNetId: 50530676,FlexNet900,930.5375 MHz,38,901.8875 MHz
43892,true,,BALA-141T1024,RTM II+,No,FlexNet,Enabled,4110005,No,2026-07-29 09:17:09.508,Normal,2018-11-13 10:03:15.231,2025-09-17 10:08:46.000,No,40.0232,-75.2306,FlexNetId: 50409178,FlexNet900,930.5125 MHz,8,901.8625 MHz
45330,true,,PERKIOME-342RM1,RTM II+,No,FlexNet,Enabled,4110005,No,2026-07-29 09:15:25.983,Normal,2019-04-03 08:29:45.389,2025-09-17 09:57:57.000,No,40.254213,-75.384898,FlexNetId: 50409974,FlexNet900,930.5125 MHz,26,901.8625 MHz
45317,true,,BYBERRY-141T467,RTM II+,No,FlexNet,Enabled,4110005,No,2026-07-29 09:18:18.662,Normal,2019-04-03 08:29:41.559,2025-09-17 10:24:44.000,No,40.088285,-74.9806,FlexNetId: 50410062,FlexNet900,930.5375 MHz,23,901.8625 MHz
44601,true,,WANEETA-137S1,RTM II+,No,FlexNet,Enabled,4110005,No,2026-07-29 09:17:50.205,Normal,2019-02-12 11:16:13.228,2025-09-17 10:05:11.000,No,39.99979,-75.120822,FlexNetId: 50409928,FlexNet900,930.5125 MHz,26,901.8375 MHz
43812,true,,LINE-5300RM2,RTM II+,No,FlexNet,Enabled,4110005,No,2026-07-29 09:11:50.018,Normal,2018-11-13 10:03:10.070,2025-09-17 10:00:48.000,No,40.100629,-75.34837,FlexNetId: 50409084,FlexNet900,930.5125 MHz,59,901.8375 MHz
54165,true,,CONCORD-351R1,RTMx,No,FlexNet,Enabled,4110005,No,2026-07-29 09:06:01.995,Normal,2024-10-17 09:54:27.628,2025-09-17 12:38:48.000,No,39.905757,-75.545839,FlexNetId: 50480933,FlexNet900K24,930.5125 MHz,32,901.8375 MHz
46958,true,,LINE-2474T683,RTM II+,No,FlexNet,Enabled,4110005,No,2026-07-29 09:15:23.470,Normal,2020-01-05 21:03:47.801,2025-09-17 09:56:45.000,No,39.943,-75.181,FlexNetId: 50530126,FlexNet900,930.5125 MHz,8,901.8625 MHz
52850,true,,PARRISH-144S1,RTM II+,No,FlexNet,Enabled,4110005,No,2026-07-29 09:14:07.811,Normal,2023-12-11 09:22:21.944,2025-09-17 10:17:08.000,No,39.95999,-75.18944,FlexNetId: 50533088,FlexNet900,930.5375 MHz,53,901.8375 MHz
44207,true,,LINE-5600T99,RTM II+,No,FlexNet,Enabled,4110005,No,2026-07-29 09:05:59.133,Normal,2018-12-13 17:09:16.271,2025-09-17 09:49:39.000,No,40.04301,-75.49478,FlexNetId: 50409225,FlexNet900,930.5375 MHz,45,901.8625 MHz
45217,true,,WARMINST-131T161,RTM II+,No,FlexNet,Enabled,4110005,No,2026-07-29 09:16:26.948,Normal,2019-02-19 09:16:02.667,2025-09-17 10:02:16.000,No,40.18012,-75.08624,FlexNetId: 50410171,FlexNet900,930.5125 MHz,32,901.8375 MHz
43204,true,,BYBERRY-163S1,RTM II+,No,FlexNet,Enabled,4110005,No,2026-07-29 09:17:38.468,Normal,2018-10-20 08:50:28.241,2025-09-17 09:43:34.000,No,40.115868,-75.028925,FlexNetId: 50408165,FlexNet900,930.5375 MHz,34,901.8375 MHz
47701,true,,PERKIOME-363RM4,RTM II+,No,FlexNet,Enabled,4110005,No,2026-07-29 09:20:37.453,Normal,2020-08-15 21:35:22.142,2025-09-17 10:05:10.000,No,40.277,-75.477,FlexNetId: 50530775,FlexNet900,930.5125 MHz,20,901.8625 MHz
45213,true,,JARRETT-132T568,RTM II+,No,FlexNet,Enabled,4110005,No,2026-07-29 09:06:14.949,Normal,2019-02-19 09:16:01.321,2025-09-17 10:13:08.000,No,40.159891,-75.214396,FlexNetId: 50409340,FlexNet900,930.5125 MHz,44,901.8375 MHz
50787,true,,NORWALES-361RS4,RTM II+,No,FlexNet,Enabled,4110005,No,2026-07-29 09:07:11.586,Normal,2022-04-21 10:14:45.389,2025-09-17 09:49:57.000,No,40.2232,-75.323,FlexNetId: 50531930,FlexNet900,930.5125 MHz,18,901.8875 MHz
32594,true,,MIDDLETO-352RM6,RTM II+,No,FlexNet,Enabled,4110005,No,2026-07-29 09:08:29.830,Normal,2014-12-03 10:56:22.283,2025-09-17 10:10:01.000,No,39.98579,-75.412712,FlexNetId: 50403289,FlexNet900,930.5375 MHz,39,901.8375 MHz
53502,true,,ELMWOOD-134RM1,RTM II+,No,FlexNet,Enabled,4110005,No,2026-07-29 09:06:38.324,Normal,2024-06-07 13:16:43.724,2025-09-17 10:17:07.000,No,39.93854,-75.21886,FlexNetId: 50534104,FlexNet900,930.5125 MHz,22,901.8375 MHz
44195,true,,FALLS-341RM2,RTM II+,No,FlexNet,Enabled,4110005,No,2026-07-29 09:20:32.663,Normal,2018-12-13 17:09:11.927,2025-09-17 09:46:04.000,No,40.1762501,-74.7881721,FlexNetId: 50409475,FlexNet900,930.5125 MHz,39,901.8875 MHz
52764,true,,JARRETT-134T921,RTM II+,No,FlexNet,Enabled,4110005,No,2026-07-29 09:09:14.011,Normal,2023-11-20 12:14:01.168,2025-09-17 10:17:08.000,No,40.2107,-75.17988,FlexNetId: 50533669,FlexNet900,930.5125 MHz,25,901.8375 MHz
44384,true,,LINE-17500RM1,RTM II+,No,FlexNet,Enabled,4110005,No,2026-07-29 09:19:09.470,Normal,2019-02-07 15:32:49.029,2025-09-17 10:01:35.000,No,39.84068,-75.71391,FlexNetId: 50409459,FlexNet900,930.5375 MHz,70,901.8625 MHz
42307,true,,WOODBOUR-353RM1,RTM II+,No,FlexNet,Enabled,4110005,No,2026-07-29 09:20:47.548,Normal,2018-07-17 13:47:37.173,2025-09-17 10:04:23.000,No,40.1909742,-74.9541707,FlexNetId: 50408389,FlexNet900,930.5125 MHz,40,901.8375 MHz
42571,true,,ELMWOOD-135S1,RTM II+,No,FlexNet,Enabled,4110005,No,2026-07-29 09:14:18.297,Normal,2018-04-13 09:02:34.251,2024-10-08 13:09:41.000,No,39.937988,-75.21062,FlexNetId: 50408399,FlexNet900,930.5375 MHz,56,901.8625 MHz
45567,true,,BLUEGRAS-134T1,RTM II+,No,FlexNet,Enabled,4110005,No,2026-07-29 09:11:20.537,Normal,2019-03-06 17:49:00.939,2025-09-17 10:13:10.000,No,40.079814,-75.040632,FlexNetId: 50410332,FlexNet900,930.5375 MHz,13,901.8625 MHz
48992,true,,BUCKINGH-366RM6,RTM II+,No,FlexNet,Enabled,4110005,No,2026-07-29 09:19:51.980,Normal,2021-01-24 09:14:21.301,2025-09-17 10:05:14.000,No,40.373,-75.163,FlexNetId: 50531121,FlexNet900,930.5125 MHz,65,901.8625 MHz
47200,true,,ELLIS-005RS1,RTM II+,No,FlexNet,Enabled,4110005,No,2026-07-29 09:20:38.177,Normal,2020-02-25 09:05:52.595,2025-09-17 10:05:18.000,No,39.9658,-75.5541,FlexNetId: 50530848,FlexNet900,930.5125 MHz,42,901.8875 MHz
50723,true,,SAVILLE-134RM1,RTM II+,No,FlexNet,Enabled,4110005,No,2026-07-29 09:19:43.445,Normal,2022-04-12 07:23:31.636,2025-09-17 09:44:17.000,No,39.8642,-75.3712,FlexNetId: 50531991,FlexNet900,930.5125 MHz,28,901.8375 MHz
47182,true,,LINE-1064RM2,RTM II+,No,FlexNet,Enabled,4110005,No,2026-07-29 09:12:48.655,Normal,2020-02-25 09:05:49.069,2025-09-17 10:01:15.000,No,39.991,-75.181,FlexNetId: 50530189,FlexNet900,930.5125 MHz,34,901.8375 MHz
47199,true,,UPMERION-132RM1,RTM II+,No,FlexNet,Enabled,4110005,No,2026-07-29 09:20:50.716,Normal,2020-02-25 09:05:52.439,2025-09-17 09:57:57.000,No,40.056833,-75.403912,FlexNetId: 50530694,FlexNet900,930.5125 MHz,23,901.8875 MHz
49069,true,,BUCKINGH-366RS3,RTM II+,No,FlexNet,Enabled,4110005,No,2026-07-29 09:20:21.966,Normal,2021-02-09 09:33:45.303,2025-09-17 10:04:21.000,No,40.371,-75.202,FlexNetId: 50531056,FlexNet900,930.5125 MHz,43,901.8375 MHz
32633,true,,PLANEBRO-361R2,RTM II+,No,FlexNet,Enabled,4110005,No,2026-07-29 09:20:54.838,Normal,2015-07-21 10:52:23.343,2025-09-17 09:45:00.000,No,40.043746,-75.634179,FlexNetId: 50404027,FlexNet900,930.5125 MHz,20,901.8375 MHz
45427,true,,BYBERRY-160RM1,RTM II+,No,FlexNet,Enabled,4110005,No,2026-07-29 09:20:47.978,Normal,2019-04-03 08:30:24.358,2025-09-17 10:06:19.000,No,40.119,-74.994,FlexNetId: 50410421,FlexNet900,930.5375 MHz,41,901.8875 MHz
28029,true,,NORPHILA-134RM2,RTM II+,No,FlexNet,Enabled,4110005,No,2026-07-29 09:13:48.484,Normal,2014-11-21 11:20:00.353,2025-09-17 10:10:01.000,No,39.98426,-75.1409,FlexNetId: 50401581,FlexNet900,930.5375 MHz,28,901.8625 MHz
45192,true,,PULASKI-136S1,RTM II+,No,FlexNet,Enabled,4110005,No,2026-07-29 09:16:20.676,Normal,2019-02-19 09:15:53.904,2025-09-17 09:57:34.000,No,40.0371,-75.1678,FlexNetId: 50410193,FlexNet900,930.5125 MHz,32,901.8625 MHz
44981,true,,BYBERRY-145RM2,RTM II+,No,FlexNet,Enabled,4110005,No,2026-07-29 09:10:05.683,Normal,2019-02-12 11:18:03.982,2025-09-17 10:01:58.000,No,40.086554,-74.9776,FlexNetId: 50409707,FlexNet900,930.5125 MHz,35,901.8375 MHz
47196,true,,FOULK-131T180,RTM II+,No,FlexNet,Enabled,4110005,No,2026-07-29 09:09:05.344,Normal,2020-02-25 09:05:51.900,2025-09-17 10:05:14.000,No,39.878009,-75.438462,FlexNetId: 50530444,FlexNet900,930.5375 MHz,18,901.8625 MHz
49201,true,,JENKINTO-143RM1,RTM II+,No,FlexNet,Enabled,4110005,No,2026-07-29 09:20:17.194,Normal,2021-03-14 09:56:47.010,2025-09-17 10:06:18.000,No,40.079,-75.114,FlexNetId: 50530965,FlexNet900,930.5125 MHz,18,901.8375 MHz
43635,true,,BRADFORD-341S2,RTM II+,No,FlexNet,Enabled,4110005,No,2026-07-29 09:10:18.029,Normal,2018-10-05 14:49:14.663,2025-09-17 09:42:26.000,No,40.047065,-75.718577,FlexNetId: 50408813,FlexNet900,930.5375 MHz,21,901.8625 MHz
44675,true,,GRAYSFER-161T590,RTM II+,No,FlexNet,Enabled,4110005,No,2026-07-29 09:20:01.711,Normal,2019-02-12 11:16:47.458,2025-09-17 10:20:24.000,No,39.935,-75.183,FlexNetId: 50409833,FlexNet900,930.5125 MHz,37,901.8375 MHz
51254,true,,ANGORA-134RM1,RTM II+,No,FlexNet,Enabled,4110005,No,2026-07-29 09:10:29.488,Normal,2022-08-10 07:27:52.584,2025-09-17 09:50:40.000,No,39.9563,-75.244,FlexNetId: 50532565,FlexNet900,930.5125 MHz,41,901.8375 MHz
54094,true,,PLYMOUTH-172RM1,RTMx,No,FlexNet,Enabled,4110005,No,2026-07-29 09:16:05.119,Normal,2024-10-17 10:05:37.548,2025-09-17 12:31:21.000,No,40.0759487,-75.2979456,FlexNetId: 50480685,FlexNet900K24,930.5125 MHz,27,901.8375 MHz
43149,true,,BLUEGRAS-139S1,RTM II+,No,FlexNet,Enabled,4110005,No,2026-07-29 09:19:52.027,Normal,2018-10-02 13:29:02.541,2025-09-17 09:45:00.000,No,40.071021,-75.033888,FlexNetId: 50408193,FlexNet900,930.5375 MHz,25,901.8375 MHz
48747,true,,BLUEGRAS-133T1,RTM II+,No,FlexNet,Enabled,4110005,No,2026-07-29 09:07:28.023,Normal,2020-12-02 10:01:23.617,2025-09-17 10:24:44.000,No,40.09247,-75.05336,FlexNetId: 50530957,FlexNet900,930.5375 MHz,14,901.8875 MHz
43721,true,,BRADFORD-341T212,RTM II+,No,FlexNet,Enabled,4110005,No,2026-07-29 09:20:52.772,Normal,2018-10-30 14:17:17.311,2025-09-17 10:24:44.000,No,40.060478,-75.740475,FlexNetId: 50409000,FlexNet900,930.5375 MHz,89,901.8625 MHz
32581,true,,BRADFORD-341R2,RTM II+,No,FlexNet,Enabled,4110005,No,2026-07-29 09:20:23.381,Normal,2014-12-02 10:57:40.870,2025-09-17 10:02:16.000,No,40.031427,-75.708679,FlexNetId: 50403796,FlexNet900,930.5125 MHz,28,901.8875 MHz
51819,true,,LINE-11600T813,RTM II+,No,FlexNet,Enabled,4110005,No,2026-07-29 09:09:27.019,Normal,2022-12-12 07:40:09.608,2025-09-17 10:24:44.000,No,39.9956,-75.4074,FlexNetId: 50532951,FlexNet900,930.5125 MHz,33,901.8375 MHz
50798,true,,LINE-2216RM1,RTM II+,No,FlexNet,Enabled,4110005,No,2026-07-29 09:15:25.896,Normal,2022-04-21 10:25:53.018,2025-09-17 09:29:42.000,No,39.9999,-75.14076,FlexNetId: 50532194,FlexNet900,930.5125 MHz,30,901.8375 MHz
51896,true,,NEWSQUA-144RS1,RTM II+,No,FlexNet,Enabled,4110005,No,2026-07-29 09:17:58.174,Normal,2023-02-13 06:02:36.985,2024-10-08 13:09:03.000,No,39.983,-75.3651,FlexNetId: 50532882,FlexNet900,930.5125 MHz,58,901.8375 MHz
47218,true,,CRESCENT-140T643,RTM II+,No,FlexNet,Enabled,4110005,No,2026-07-29 09:10:32.106,Normal,2020-02-25 09:05:55.648,2025-09-17 09:57:55.000,No,40.0299,-75.1109,FlexNetId: 50530850,FlexNet900,930.5125 MHz,54,901.8375 MHz
47828,true,,LLANERCH-148T309,RTM II+,No,FlexNet,Enabled,4110005,No,2026-07-29 09:10:00.605,Normal,2020-08-15 21:30:05.474,2025-09-17 09:55:39.000,No,39.9799,-75.3097,FlexNetId: 50530667,FlexNet900,930.5125 MHz,39,901.8875 MHz
43255,true,,COLWYN-132T233,RTM II+,No,FlexNet,Enabled,4110005,No,2026-07-29 09:14:00.375,Normal,2018-11-28 14:01:56.911,2025-09-17 09:45:20.000,No,39.920183,-75.270356,FlexNetId: 50408205,FlexNet900,930.5375 MHz,44,901.8875 MHz
43694,true,,LINE-2600T239,RTM II+,No,FlexNet,Enabled,4110005,No,2026-07-29 09:14:31.868,Normal,2018-10-30 14:17:08.845,2025-09-17 09:45:20.000,No,40.118903,-75.066495,FlexNetId: 50408877,FlexNet900,930.5125 MHz,79,901.8875 MHz
43688,true,,FOULK-133RM1,RTM II+,No,FlexNet,Enabled,4110005,No,2026-07-29 09:16:13.043,Normal,2018-10-26 08:47:23.197,2025-09-17 10:24:44.000,No,39.849229,-75.485114,FlexNetId: 50408879,FlexNet900,930.5125 MHz,14,901.8375 MHz
44489,true,,MATSON-131RM3,RTM II+,No,FlexNet,Enabled,4110005,No,2026-07-29 09:10:14.123,Normal,2019-01-10 14:49:09.734,2025-09-17 09:48:05.000,No,40.050761,-75.330582,FlexNetId: 50409883,FlexNet900,930.5375 MHz,21,901.8625 MHz
43808,true,,NORWALES-342RM3,RTM II+,No,FlexNet,Enabled,4110005,No,2026-07-29 09:20:46.533,Normal,2018-11-12 10:56:56.638,2025-09-17 09:43:36.000,No,40.257704,-75.323245,FlexNetId: 50409103,FlexNet900,930.5375 MHz,24,901.8875 MHz
42575,true,,CRESCENT-160RS2,RTM II+,No,FlexNet,Enabled,4110005,No,2026-07-29 09:20:31.249,Normal,2018-04-13 09:02:35.571,2025-09-17 09:50:43.000,No,40.033027,-75.089905,FlexNetId: 50408400,FlexNet900,930.5375 MHz,32,901.8625 MHz
44199,true,,LINE-4100R5,RTM II+,No,FlexNet,Enabled,4110005,No,2026-07-29 09:20:38.328,Normal,2018-12-13 17:09:13.352,2025-09-17 09:45:43.000,No,40.04675,-75.662264,FlexNetId: 50408940,FlexNet900,930.5375 MHz,36,901.8375 MHz
43896,true,,RICHMOND-132T240,RTM II+,No,FlexNet,Enabled,4110005,No,2026-07-29 09:10:29.447,Normal,2018-11-13 10:03:16.481,2025-09-17 10:02:18.000,No,40.00757,-75.09669,FlexNetId: 50409158,FlexNet900,930.5125 MHz,29,901.8375 MHz
45064,true,,CONCORD-347T343,RTM II+,No,FlexNet,Enabled,4110005,No,2026-07-29 09:11:42.279,Normal,2019-02-14 09:40:26.355,2025-09-17 10:08:10.000,No,39.917625,-75.494405,FlexNetId: 50409359,FlexNet900,930.5375 MHz,14,901.8875 MHz
52933,true,,PERKIOME-361RM1,RTM II+,No,FlexNet,Enabled,4110005,No,2026-07-29 09:18:59.697,Normal,2024-01-16 18:23:02.124,2025-09-17 10:16:31.000,No,40.13801,-75.42999,FlexNetId: 50533664,FlexNet900,930.5125 MHz,23,901.8375 MHz
43043,true,,LLANERCH-142RM1,RTM II+,No,FlexNet,Enabled,4110005,No,2026-07-29 09:20:40.417,Normal,2018-07-17 13:23:21.853,2025-09-17 10:00:49.000,No,39.980697,-75.269708,FlexNetId: 50408365,FlexNet900,930.5125 MHz,24,901.8375 MHz
44314,true,,GOSHEN-351T217,RTM II+,No,FlexNet,Enabled,4110005,No,2026-07-29 09:15:30.608,Normal,2019-01-03 17:07:21.734,2025-09-17 09:46:05.000,No,39.997819,-75.5277048,FlexNetId: 50409460,FlexNet900,930.5125 MHz,37,901.8875 MHz
52809,true,,BRIDGEPO-003RS1,RTM II+,No,FlexNet,Enabled,4110005,No,2026-07-29 09:12:50.691,Normal,2023-12-11 09:22:12.402,2025-09-17 09:33:04.000,No,40.1046,-75.3399,FlexNetId: 50533065,FlexNet900,930.5125 MHz,47,901.8375 MHz
48132,true,,MASTER-141S1,RTM II+,No,FlexNet,Enabled,4110005,No,2026-07-29 09:07:00.840,Normal,2020-09-22 09:17:13.632,2025-09-17 09:59:22.000,No,39.9819,-75.1841,FlexNetId: 50530498,FlexNet900,930.5125 MHz,59,901.8625 MHz
45211,true,,GLADWYNE-138RM4,RTM II+,No,FlexNet,Enabled,4110005,No,2026-07-29 09:20:54.594,Normal,2019-02-19 09:16:00.593,2025-09-17 09:44:59.000,No,40.035001,-75.283121,FlexNetId: 50410195,FlexNet900,930.5125 MHz,43,901.8625 MHz
41321,true,,MACDADE-160RM1,RTM II+,No,FlexNet,Enabled,4110005,No,2026-07-29 09:19:09.691,Normal,2018-03-26 15:46:48.332,2025-09-17 10:04:23.000,No,39.896934,-75.323575,FlexNetId: 50407868,FlexNet900,930.5375 MHz,29,901.8625 MHz
44772,true,,UPMERION-351R2,RTM II+,No,FlexNet,Enabled,4110005,No,2026-07-29 09:20:34.551,Normal,2019-02-12 11:17:32.683,2025-09-17 10:20:24.000,No,40.0743,-75.4757,FlexNetId: 50409942,FlexNet900,930.5125 MHz,33,901.8375 MHz
49817,true,,NORPHILA-132RS3,RTM II+,No,FlexNet,Enabled,4110005,No,2026-07-29 09:17:53.364,Normal,2021-09-15 15:29:09.567,2025-09-17 09:51:52.000,No,40.00041,-75.131357,FlexNetId: 50531846,FlexNet900,930.5125 MHz,30,901.8375 MHz
51821,true,,LINE-5100R1,RTM II+,No,FlexNet,Enabled,4110005,No,2026-07-29 09:19:31.641,Normal,2022-12-12 07:40:09.874,2025-09-17 09:49:41.000,No,40.01245,-75.59721,FlexNetId: 50532958,FlexNet900,930.5125 MHz,50,901.8875 MHz
44781,true,,BYBERRY-134RS1,RTM II+,No,FlexNet,Enabled,4110005,No,2026-07-29 09:18:40.203,Normal,2019-02-12 11:17:37.072,2025-09-17 09:58:59.000,No,40.097196,-74.981109,FlexNetId: 50409650,FlexNet900,930.5125 MHz,40,901.8875 MHz
43724,true,,NORWALES-352RM3,RTM II+,No,FlexNet,Enabled,4110005,No,2026-07-29 09:16:40.944,Normal,2018-10-30 14:17:18.309,2025-09-17 09:43:35.000,No,40.229354,-75.314749,FlexNetId: 50408971,FlexNet900,930.5125 MHz,23,901.8625 MHz
42913,true,,LINE-9200R2,RTM II+,No,FlexNet,Enabled,4110005,No,2026-07-29 09:20:20.490,Normal,2018-06-21 10:31:09.110,2025-09-17 09:45:00.000,No,40.006721,-75.300622,FlexNetId: 50408454,FlexNet900,930.5125 MHz,22,901.8375 MHz
43178,true,,BRADFORD-353T154,RTM II+,No,FlexNet,Enabled,4110005,No,2026-07-29 09:08:24.242,Normal,2018-10-02 13:29:11.653,2025-09-17 09:46:02.000,No,39.979576,-75.573156,FlexNetId: 50408207,FlexNet900,930.5125 MHz,37,901.8875 MHz
45515,true,,MOSER-362RM2,RTM II+,No,FlexNet,Enabled,4110005,No,2026-07-29 09:19:38.229,Normal,2019-03-06 17:48:40.700,2025-09-17 09:56:48.000,No,40.24811,-75.63333,FlexNetId: 50410376,FlexNet900,930.5125 MHz,44,901.8375 MHz
46923,true,,HARMONY-002RS1,RTM II+,No,FlexNet,Enabled,4110005,No,2026-07-29 09:19:32.576,Normal,2020-01-05 21:03:39.754,2025-09-17 10:02:18.000,No,39.963,-75.606,FlexNetId: 50530102,FlexNet900,930.5125 MHz,1,901.8375 MHz
43844,true,,FOXCHASE-138RM1,RTM II+,No,FlexNet,Enabled,4110005,No,2026-07-29 09:20:53.659,Normal,2018-11-13 10:02:59.181,2025-09-17 10:00:49.000,No,40.067861,-75.051217,FlexNetId: 50409146,FlexNet900,930.5125 MHz,16,901.8875 MHz
51470,true,,TABOR-133S3,RTM II+,No,FlexNet,Enabled,4110005,No,2026-07-29 09:17:49.766,Normal,2022-10-17 08:46:50.507,2025-09-17 09:51:02.000,No,40.0297,-75.1402,FlexNetId: 50532324,FlexNet900,930.5125 MHz,31,901.8875 MHz
40195,true,,TABOR-139RS1,RTM II+,No,FlexNet,Enabled,4110005,No,2026-07-29 09:19:28.115,Normal,2017-10-10 09:09:46.447,2025-09-17 09:57:07.000,No,40.046024,-75.11908,FlexNetId: 50406752,FlexNet900,930.5125 MHz,54,901.8875 MHz
43039,true,,ANGORA-132T264,RTM II+,No,FlexNet,Enabled,4110005,No,2026-07-29 09:08:32.625,Normal,2018-07-17 13:23:20.421,2025-09-17 09:44:17.000,No,39.957146,-75.223566,FlexNetId: 50408370,FlexNet900,930.5125 MHz,24,901.8375 MHz
44593,true,,UPPRPROV-342R3,RTM II+,No,FlexNet,Enabled,4110005,No,2026-07-29 09:11:45.945,Normal,2019-02-12 11:16:09.169,2025-09-17 09:57:56.000,No,40.173259,-75.494644,FlexNetId: 50409771,FlexNet900,930.5125 MHz,49,901.8625 MHz
43137,true,,BUCKINGH-353T356,RTM II+,No,FlexNet,Enabled,4110005,No,2026-07-29 09:19:49.289,Normal,2019-10-09 09:56:21.838,2025-09-17 09:44:57.000,No,40.26,-75.034,FlexNetId: 50408196,FlexNet900,930.5375 MHz,27,901.8625 MHz
49293,true,,FOULK-132T32,RTM II+,No,FlexNet,Enabled,4110005,No,2026-07-29 09:08:21.619,Normal,2021-04-18 10:04:14.533,2025-09-17 10:00:27.000,No,39.8674,-75.4278,FlexNetId: 50531100,FlexNet900,930.5375 MHz,24,901.8375 MHz
42906,true,,NEWLINVI-353S3,RTM II+,No,FlexNet,Enabled,4110005,No,2026-07-29 09:20:29.340,Normal,2018-06-21 10:31:07.814,2025-09-17 09:28:35.000,No,40.020216,-75.748568,FlexNetId: 50408552,FlexNet900,930.5125 MHz,20,901.8375 MHz
43003,true,,LINE-4100RM1,RTM II+,No,FlexNet,Enabled,4110005,No,2026-07-29 09:15:33.100,Normal,2018-07-17 13:23:07.802,2025-09-17 09:46:00.000,No,40.0538,-75.6626,FlexNetId: 50408244,FlexNet900,930.5125 MHz,36,901.8625 MHz
47836,true,,NORWALES-342RS4,RTM II+,No,FlexNet,Enabled,4110005,No,2026-07-29 09:18:51.996,Normal,2020-08-15 21:30:07.379,2025-09-17 09:57:32.000,No,40.255,-75.329,FlexNetId: 50530646,FlexNet900,930.5125 MHz,33,901.8375 MHz
44800,true,,PLYMOUTH-171RM2,RTM II+,No,FlexNet,Enabled,4110005,No,2026-07-29 09:07:01.728,Normal,2019-02-12 11:17:50.582,2025-09-17 09:59:00.000,No,40.08563,-75.294796,FlexNetId: 50409940,FlexNet900,930.5125 MHz,60,901.8625 MHz
44748,true,,EDDINGTO-142RM1,RTM II+,No,FlexNet,Enabled,4110005,No,2026-07-29 09:20:05.311,Normal,2019-02-12 11:17:21.748,2025-09-17 09:55:21.000,No,40.094,-74.923,FlexNetId: 50409626,FlexNet900,930.5375 MHz,26,901.8875 MHz
42555,true,,FALLS-351T307,RTM II+,No,FlexNet,Enabled,4110005,No,2026-07-29 09:12:55.131,Normal,2018-04-13 09:02:39.809,2025-09-17 09:28:58.000,No,40.2106,-74.858773,FlexNetId: 50408397,FlexNet900,930.5375 MHz,20,901.8375 MHz
43226,true,,HEATON-136S1,RTM II+,No,FlexNet,Enabled,4110005,No,2026-07-29 09:16:18.282,Normal,2019-02-13 12:25:44.799,2025-09-17 10:01:55.000,No,40.154219,-75.112996,FlexNetId: 50408289,FlexNet900,930.5125 MHz,40,901.8375 MHz
44390,true,,LINE-1060S1,RTM II+,No,FlexNet,Enabled,4110005,No,2026-07-29 09:15:40.991,Normal,2019-02-07 15:32:26.080,2025-09-17 09:49:13.000,No,40.03397,-75.16084,FlexNetId: 50409255,FlexNet900,930.5375 MHz,64,901.8625 MHz
44667,true,,LINE-3307RM5,RTM II+,No,FlexNet,Enabled,4110005,No,2026-07-29 09:19:42.262,Normal,2019-02-12 11:16:43.765,2025-09-17 09:59:23.000,No,39.781355,-75.936367,FlexNetId: 50409907,FlexNet900,930.5375 MHz,34,901.8375 MHz
45015,true,,NEWLINVI-352R4,RTM II+,No,FlexNet,Enabled,4110005,No,2026-07-29 09:10:38.557,Normal,2019-02-14 09:40:09.003,2025-09-17 10:01:57.000,No,40.045979,-75.798567,FlexNetId: 50409802,FlexNet900,930.5125 MHz,24,901.8875 MHz
49244,true,,BROOMALL-136RM2,RTM II+,No,FlexNet,Enabled,4110005,No,2026-07-29 09:20:36.960,Normal,2021-04-09 08:46:33.529,2025-09-17 10:06:16.000,No,39.9814353,-75.3559885,FlexNetId: 50530997,FlexNet900,930.5125 MHz,25,901.8375 MHz
42507,true,,LINTON-342T250,RTM II+,No,FlexNet,Enabled,4110005,No,2026-07-29 09:19:03.876,Normal,2018-03-26 15:47:59.721,2025-09-17 09:30:42.000,No,40.24325,-74.96744,FlexNetId: 50408578,FlexNet900,930.5375 MHz,29,901.8875 MHz
44418,true,,WANEETA-136T243,RTM II+,No,FlexNet,Enabled,4110005,No,2026-07-29 09:15:19.464,Normal,2019-01-23 11:37:41.454,2025-09-17 09:49:39.000,No,39.994101,-75.114245,FlexNetId: 50409456,FlexNet900,930.5125 MHz,43,901.8875 MHz
43795,true,,PERKIOME-343T124,RTM II+,No,FlexNet,Enabled,4110005,No,2026-07-29 09:09:33.277,Normal,2019-02-01 15:06:49.572,2025-09-17 09:28:13.000,No,40.229747,-75.5578896,FlexNetId: 50409090,FlexNet900,930.5125 MHz,37,901.8375 MHz
44693,true,,BLUEGRAS-134RS3,RTM II+,No,FlexNet,Enabled,4110005,No,2026-07-29 09:11:51.146,Normal,2019-02-12 11:16:56.155,2025-09-17 10:06:10.000,No,40.0813,-75.0337,FlexNetId: 50409677,FlexNet900,930.5375 MHz,37,901.8875 MHz
50782,true,,CEDARBRO-136T961,RTM II+,No,FlexNet,Enabled,4110005,No,2026-07-29 09:12:47.880,Normal,2022-04-21 10:14:44.066,2025-09-17 09:49:43.000,No,40.1003,-75.1783,FlexNetId: 50531935,FlexNet900,930.5125 MHz,39,901.8375 MHz
44737,true,,BYBERRY-183S2,RTM II+,No,FlexNet,Enabled,4110005,No,2026-07-29 09:15:26.553,Normal,2019-02-12 11:17:16.062,2025-09-17 10:08:52.000,No,40.099,-74.965,FlexNetId: 50409614,FlexNet900,930.5375 MHz,61,901.8875 MHz
49446,true,,WESTMORE-131S2,RTM II+,No,FlexNet,Enabled,4110005,No,2026-07-29 09:14:09.309,Normal,2021-06-18 09:03:18.183,2025-09-17 10:09:58.000,No,40.0042368,-75.1477772,FlexNetId: 50531562,FlexNet900,930.5125 MHz,65,901.8375 MHz
45620,true,,CEDARBRO-137T417,RTM II+,No,FlexNet,Enabled,4110005,No,2026-07-29 09:11:51.137,Normal,2019-04-04 14:20:13.977,2025-09-17 10:08:49.000,No,40.077,-75.203,FlexNetId: 50410223,FlexNet900,930.5125 MHz,28,901.8375 MHz
42090,true,,NORWALES-363RM1,RTM II+,No,FlexNet,Enabled,4110005,No,2026-07-29 09:13:47.562,Normal,2018-03-26 15:47:39.228,2025-09-17 09:43:34.000,No,40.148257,-75.396433,FlexNetId: 50408619,FlexNet900,930.5125 MHz,31,901.8375 MHz
44644,true,,LINE-1600S1,RTM II+,No,FlexNet,Enabled,4110005,No,2026-07-29 09:16:53.163,Normal,2019-02-12 11:16:33.113,2025-09-17 10:01:35.000,No,40.1589,-75.5533,FlexNetId: 50409752,FlexNet900,930.5375 MHz,70,901.8625 MHz
32640,true,,NESHAMIN-144RM1,RTM II+,No,FlexNet,Enabled,4110005,No,2026-07-29 09:13:55.555,Normal,2015-07-20 13:16:59.523,2025-09-17 09:59:41.000,No,40.14912,-74.96136,FlexNetId: 50403766,FlexNet900,930.5375 MHz,27,901.8375 MHz
41396,true,,WOODBOUR-353RM4,RTM II+,No,FlexNet,Enabled,4110005,No,2026-07-29 09:18:13.851,Normal,2018-03-26 15:47:15.604,2025-09-17 09:42:28.000,No,40.197038,-74.968248,FlexNetId: 50407503,FlexNet900,930.5375 MHz,23,901.8375 MHz
43843,true,,CRESCENT-135S5,RTM II+,No,FlexNet,Enabled,4110005,No,2026-07-29 09:11:07.575,Normal,2018-11-13 10:02:58.829,2025-09-17 09:49:39.000,No,40.0281,-75.08495,FlexNetId: 50409210,FlexNet900,930.5375 MHz,27,901.8625 MHz
43174,true,,BRADFORD-353T1281,RTM II+,No,FlexNet,Enabled,4110005,No,2026-07-29 09:06:37.790,Normal,2018-10-02 13:29:10.433,2025-09-17 09:45:42.000,No,39.975008,-75.587014,FlexNetId: 50408054,FlexNet900,930.5375 MHz,10,901.8375 MHz
45178,true,,BUCKINGH-361R2,RTM II+,No,FlexNet,Enabled,4110005,No,2026-07-29 09:15:33.305,Normal,2019-02-19 09:15:49.003,2025-09-17 10:09:58.000,No,40.312508,-75.135284,FlexNetId: 50410175,FlexNet900,930.5375 MHz,50,901.8625 MHz
52257,true,,PARRISH-131T1062,RTM II+,No,FlexNet,Enabled,4110005,No,2026-07-29 09:20:43.152,Normal,2023-06-16 08:04:04.388,2025-09-17 09:50:17.000,No,39.96928,-75.21697,FlexNetId: 50533144,FlexNet900,930.5375 MHz,17,901.8375 MHz
47002,true,,WARMINST-132RM3,RTM II+,No,FlexNet,Enabled,4110005,No,2026-07-29 09:12:03.396,Normal,2020-01-05 21:03:52.118,2025-09-17 10:24:44.000,No,40.192,-75.013,FlexNetId: 50530138,FlexNet900,930.5375 MHz,55,901.8875 MHz
43955,true,,UPPERDAR-134S2,RTM II+,No,FlexNet,Enabled,4110005,No,2026-07-29 09:10:18.062,Normal,2018-11-12 10:54:16.813,2025-09-17 09:30:20.000,No,39.924792,-75.27897,FlexNetId: 50409152,FlexNet900,930.5125 MHz,21,901.8875 MHz
40194,true,,CEDARBRO-132T278,RTM II+,No,FlexNet,Enabled,4110005,No,2026-07-29 09:06:56.965,Normal,2017-10-10 09:09:46.487,2025-09-17 10:00:01.000,No,40.086594,-75.231535,FlexNetId: 50406352,FlexNet900,930.5125 MHz,32,901.8625 MHz
53735,true,,JARRETT-144S1,RTMx,No,FlexNet,Enabled,4110005,No,2026-07-29 09:15:34.850,Normal,2024-08-15 08:37:19.198,2025-09-17 10:17:06.000,No,40.2055,-75.1872,FlexNetId: 50480589,FlexNet900K24,930.5125 MHz,26,901.8375 MHz
52849,true,,HEATON-142RM1,RTM II+,No,FlexNet,Enabled,4110005,No,2026-07-29 09:17:22.786,Normal,2023-12-11 09:22:21.814,2025-09-17 10:16:30.000,No,40.172039,-75.143626,FlexNetId: 50533086,FlexNet900,930.5125 MHz,35,901.8375 MHz
52781,true,,LINE-5100RM2,RTM II+,No,FlexNet,Enabled,4110005,No,2026-07-29 09:16:29.979,Normal,2023-11-20 12:14:05.040,2025-09-18 09:58:37.000,No,39.995029,-75.594674,FlexNetId: 50533614,FlexNet900,930.5125 MHz,25,901.8375 MHz
46761,true,,COLWYN-132RM2,RTM II+,No,FlexNet,Enabled,4110005,No,2026-07-29 09:09:46.854,Normal,2019-12-12 09:45:00.555,2025-09-17 10:04:29.000,No,39.9148,-75.26615,FlexNetId: 50410647,FlexNet900,930.5125 MHz,44,901.8875 MHz
44527,true,,LINE-11600T297,RTM II+,No,FlexNet,Enabled,4110005,No,2026-07-29 09:11:33.746,Normal,2019-02-07 15:36:12.277,2025-09-17 10:01:35.000,No,39.98432207,-75.37404945,FlexNetId: 50409636,FlexNet900,930.5375 MHz,68,901.8875 MHz
50621,true,,NORWALES-353RS2,RTM II+,No,FlexNet,Enabled,4110005,No,2026-07-29 09:07:25.241,Normal,2022-02-01 09:24:47.954,2025-09-17 10:00:46.000,No,40.154,-75.304,FlexNetId: 50531754,FlexNet900,930.5125 MHz,34,901.8875 MHz
45921,true,,LINE-7500T12,RTM II+,No,FlexNet,Enabled,4110005,No,2026-07-29 09:11:12.729,Normal,2019-06-04 09:36:50.471,2025-09-17 10:08:52.000,No,40.013,-75.557,FlexNetId: 50410903,FlexNet900,930.5125 MHz,28,901.8875 MHz
30660,true,,LLANERCH-132RM2,RTM II+,No,FlexNet,Enabled,4110005,No,2026-07-29 09:11:01.588,Normal,2018-12-07 11:11:01.907,2025-09-17 10:09:58.000,No,39.964,-75.27,FlexNetId: 50402655,FlexNet900,930.5375 MHz,32,901.8625 MHz
33042,true,,WARMINST-141T308,RTM II+,No,FlexNet,Enabled,4110005,No,2026-07-29 09:14:30.028,Normal,2015-06-17 21:48:52.123,2025-09-17 10:08:49.000,No,40.1811,-75.084,FlexNetId: 50403301,FlexNet900,930.5375 MHz,38,901.8625 MHz
45196,true,,WESTCHES-011RS2,RTM II+,No,FlexNet,Enabled,4110005,No,2026-07-29 09:20:50.180,Normal,2019-02-19 09:15:55.326,2025-09-17 10:00:30.000,No,39.977,-75.592,FlexNetId: 50410207,FlexNet900,930.5375 MHz,31,901.8375 MHz
46814,true,,TACONY-132RM2,RTM II+,No,FlexNet,Enabled,4110005,No,2026-07-29 09:10:29.402,Normal,2019-12-12 09:45:04.476,2025-09-17 10:05:09.000,No,40.02067,-75.0652,FlexNetId: 50410622,FlexNet900,930.5375 MHz,25,901.8625 MHz
41387,true,,WOODBOUR-351T262,RTM II+,No,FlexNet,Enabled,4110005,No,2026-07-29 09:13:50.787,Normal,2018-03-26 15:47:11.860,2025-09-17 09:43:37.000,No,40.22428,-74.90314,FlexNetId: 50407197,FlexNet900,930.5125 MHz,29,901.8375 MHz
51207,true,,PENCOYD-135T115,RTM II+,No,FlexNet,Enabled,4110005,No,2026-07-29 09:05:58.284,Normal,2022-07-20 09:09:27.909,2025-09-17 09:43:57.000,No,40.0308,-75.2218,FlexNetId: 50532672,FlexNet900,930.5125 MHz,18,901.8375 MHz
42919,true,,NEWLINVI-342T139,RTM II+,No,FlexNet,Enabled,4110005,No,2026-07-29 09:20:53.545,Normal,2019-08-26 10:46:04.176,2025-09-17 09:29:42.000,No,40.038176,-75.812996,FlexNetId: 50408611,FlexNet900,930.5375 MHz,77,901.8875 MHz
43772,true,,COOPER-353T267,RTM II+,No,FlexNet,Enabled,4110005,No,2026-07-29 09:09:11.217,Normal,2019-02-14 10:19:00.944,2024-10-11 09:25:20.000,No,39.740312,-76.325024,FlexNetId: 50409118,FlexNet900,930.5125 MHz,31,901.8875 MHz
43905,true,,FOXCHASE-140T95,RTM II+,No,FlexNet,Enabled,4110005,No,2026-07-29 09:16:39.633,Normal,2019-02-16 10:25:02.523,2025-09-17 10:01:13.000,No,40.050692,-75.055072,FlexNetId: 50409169,FlexNet900,930.5375 MHz,47,901.8625 MHz
51247,true,,ELMWOOD-133RM1,RTM II+,No,FlexNet,Enabled,4110005,No,2026-07-29 09:13:40.324,Normal,2022-08-04 09:21:06.053,2025-09-17 09:50:40.000,No,39.9246,-75.2259,FlexNetId: 50532523,FlexNet900,930.5125 MHz,48,901.8375 MHz
45110,true,,CALLOWHI-134T328,RTM II+,No,FlexNet,Enabled,4110005,No,2026-07-29 09:11:45.408,Normal,2019-02-14 09:40:41.981,2025-09-17 09:58:39.000,No,39.9825,-75.15078,FlexNetId: 50409993,FlexNet900,930.5375 MHz,35,901.8875 MHz
52251,true,,TACONY-132RMP2,RTM II+,No,FlexNet,Enabled,4110005,No,2026-07-29 09:18:13.237,Normal,2023-06-15 07:26:26.398,2025-09-17 09:28:10.000,No,40.0215155,-75.0668012,FlexNetId: 50533255,FlexNet900,930.5125 MHz,50,901.8375 MHz
44493,true,,WESTMORE-133S2,RTM II+,No,FlexNet,Enabled,4110005,No,2026-07-29 09:19:04.366,Normal,2019-01-10 14:49:11.117,2025-09-17 10:04:26.000,No,39.98828,-75.160005,FlexNetId: 50409846,FlexNet900,930.5375 MHz,23,901.8625 MHz
44665,true,,WANEETA-130RS2,RTM II+,No,FlexNet,Enabled,4110005,No,2026-07-29 09:17:05.547,Normal,2019-12-01 19:29:20.002,2025-09-17 10:09:56.000,No,40.01,-75.097,FlexNetId: 50409893,FlexNet900,930.5375 MHz,30,901.8625 MHz
44361,true,,FALLS-352R2,RTM II+,No,FlexNet,Enabled,4110005,No,2026-07-29 09:20:40.625,Normal,2019-01-03 17:07:17.067,2025-09-17 09:46:02.000,No,40.184875,-74.762029,FlexNetId: 50409420,FlexNet900,930.5375 MHz,46,901.8375 MHz
31726,true,,LINE-2345T739,RTM II+,No,FlexNet,Enabled,4110005,No,2026-07-29 09:18:20.028,Normal,2023-02-28 09:39:28.167,2025-09-17 09:44:15.000,No,40.039976,-75.027943,FlexNetId: 50403979,FlexNet900,930.5125 MHz,52,901.8875 MHz
47775,true,,HOLMESBU-132RM4,RTM II+,No,FlexNet,Enabled,4110005,No,2026-07-29 09:18:59.414,Normal,2020-08-13 09:23:43.838,2025-09-17 10:01:36.000,No,40.042,-75.061,FlexNetId: 50530526,FlexNet900,930.5375 MHz,33,901.8625 MHz
54129,true,,EAGLE-352T103,RTMx,No,FlexNet,Enabled,4110005,No,2026-07-29 09:19:41.545,Normal,2024-10-17 10:05:41.069,2025-09-17 09:33:29.000,No,40.1268,-75.623,FlexNetId: 50480920,FlexNet900K24,930.5375 MHz,31,901.8375 MHz
43249,true,,PLANEBRO-341T47,RTM II+,No,FlexNet,Enabled,4110005,No,2026-07-29 09:06:28.150,Normal,2018-12-07 10:47:04.159,2025-09-17 09:45:23.000,No,40.028745,-75.620935,FlexNetId: 50408348,FlexNet900,930.5375 MHz,39,901.8875 MHz
51359,true,,LINE-328RM2,RTM II+,No,FlexNet,Enabled,4110005,No,2026-07-29 09:19:50.934,Normal,2022-09-21 07:54:37.484,2025-09-17 09:51:02.000,No,39.9321,-75.1699,FlexNetId: 50532666,FlexNet900,930.5125 MHz,37,901.8875 MHz
46702,true,Activated,GLADWYNE-138RS1,RTM II+,No,Verizon,Not Applicable,4110005,No,2026-07-29 09:19:40.211,Normal,2020-01-05 21:19:57.978,,,40.03,-75.272,IMEI: 353238061368907,Cell_LE910_VER,,-69,
46702,true,Activated,GLADWYNE-138RS1,RTM II+,No,Verizon,Not Applicable,4110005,No,2026-07-29 09:19:40.211,Normal,2020-01-05 21:19:57.978,,,40.03,-75.272,ICCID: 89148000002637322709,Cell_LE910_VER,,-69,
44372,true,,EAGLE-353T191,RTM II+,No,FlexNet,Enabled,4110005,No,2026-07-29 09:09:21.217,Normal,2019-02-07 15:29:08.196,2025-09-17 10:01:36.000,No,40.2147,-75.6974,FlexNetId: 50409539,FlexNet900,930.5125 MHz,15,901.8875 MHz
43182,true,,LENAPE-351R5,RTM II+,No,FlexNet,Enabled,4110005,No,2026-07-29 09:19:38.354,Normal,2018-10-02 13:29:13.014,2025-09-17 09:42:26.000,No,39.883538,-75.642367,FlexNetId: 50408331,FlexNet900,930.5125 MHz,22,901.8625 MHz
33214,true,,LOCK-342T142,RTM II+,No,FlexNet,Enabled,4110005,No,2026-07-29 09:11:39.185,Normal,2018-12-11 14:54:03.426,2025-09-17 09:54:55.000,No,40.243632,-75.653206,FlexNetId: 50403533,FlexNet900,930.5125 MHz,34,901.8375 MHz
47296,true,,BUCKINGH-352RS4,RTM II+,No,FlexNet,Enabled,4110005,No,2026-07-29 09:19:13.822,Normal,2020-03-30 13:01:38.383,2025-09-17 09:44:38.000,No,40.332,-75.145,FlexNetId: 50530604,FlexNet900,930.5125 MHz,18,901.8375 MHz
45085,true,,UPPRPROV-343RM1,RTM II+,No,FlexNet,Enabled,4110005,No,2026-07-29 09:19:19.851,Normal,2019-02-14 09:40:33.011,2025-09-17 10:13:06.000,No,40.169,-75.468,FlexNetId: 50410096,FlexNet900,930.5375 MHz,39,901.8625 MHz
49071,true,,PARRISH-134S5,RTM II+,No,FlexNet,Enabled,4110005,No,2026-07-29 09:19:41.294,Normal,2021-02-09 09:33:45.466,2025-09-17 10:06:16.000,No,39.9511,-75.20752,FlexNetId: 50531065,FlexNet900,930.5125 MHz,30,901.8875 MHz
45375,true,,LOMBARD-138RM2,RTM II+,No,FlexNet,Enabled,4110005,No,2026-07-29 09:18:41.211,Normal,2019-10-09 14:35:09.399,2025-09-17 09:58:17.000,No,39.935,-75.152,FlexNetId: 50410076,FlexNet900,930.5375 MHz,29,901.8875 MHz
50887,true,,LLANERCH-163RS3,RTM II+,No,FlexNet,Enabled,4110005,No,2026-07-29 09:19:10.664,Normal,2022-06-15 07:54:12.197,2025-09-17 10:00:46.000,No,40.0048,-75.2916,FlexNetId: 50532735,FlexNet900,930.5375 MHz,26,901.8375 MHz
47746,true,,CRESCENT-139T797,RTM II+,No,FlexNet,Enabled,4110005,No,2026-07-29 09:15:22.984,Normal,2020-08-13 09:23:38.704,2025-09-17 10:01:36.000,No,40.03,-75.128,FlexNetId: 50530549,FlexNet900,930.5375 MHz,29,901.8375 MHz
48828,true,,MASTER-132T766,RTM II+,No,FlexNet,Enabled,4110005,No,2026-07-29 09:10:19.083,Normal,2020-12-03 12:46:30.336,2025-09-17 10:24:44.000,No,39.985,-75.1784,FlexNetId: 50530947,FlexNet900,930.5375 MHz,33,901.8625 MHz
40362,true,,BRYNMAWR-141RS3,RTM II+,No,FlexNet,Enabled,4110005,No,2026-07-29 09:20:21.396,Normal,2017-10-24 06:24:04.543,2025-09-17 09:59:42.000,No,40.0029595,-75.2982079,FlexNetId: 50406455,FlexNet900,930.5125 MHz,30,901.8375 MHz
47598,true,,PERKIOME-342T369,RTM II+,No,FlexNet,Enabled,4110005,No,2026-07-29 09:14:27.140,Normal,2020-05-26 12:40:27.795,2025-09-17 09:58:36.000,No,40.309,-75.428,FlexNetId: 50530556,FlexNet900,930.5375 MHz,41,901.8875 MHz
40365,true,,NEWLINVI-342R2,RTM II+,No,FlexNet,Enabled,4110005,No,2026-07-29 09:20:01.847,Normal,2018-03-26 15:46:40.459,2025-09-17 10:17:50.000,No,40.062918,-75.779015,FlexNetId: 50405767,FlexNet900,930.5375 MHz,20,901.8625 MHz
52780,true,,ANGORA-133T1232,RTM II+,No,FlexNet,Enabled,4110005,No,2026-07-29 09:14:38.960,Normal,2023-11-20 12:14:04.927,2025-09-17 10:17:02.000,No,39.96344,-75.23136,FlexNetId: 50533595,FlexNet900,930.5125 MHz,41,901.8375 MHz
45519,true,,LINE-300S7,RTM II+,No,FlexNet,Enabled,4110005,No,2026-07-29 09:06:26.249,Normal,2019-03-06 17:48:42.228,2025-09-17 10:10:03.000,No,40.128,-75.563,FlexNetId: 50410339,FlexNet900,930.5375 MHz,67,901.8625 MHz
44986,true,,RICHMOND-138T2,RTM II+,No,FlexNet,Enabled,4110005,No,2026-07-29 09:09:53.642,Normal,2019-02-12 11:18:06.552,2025-09-17 10:24:44.000,No,40.008725,-75.073151,FlexNetId: 50409818,FlexNet900,930.5125 MHz,39,901.8375 MHz
52279,true,,SOUTHWAR-141RM1,RTM II+,No,FlexNet,Enabled,4110005,No,2026-07-29 09:16:19.485,Normal,2023-07-20 10:32:20.229,2025-09-17 09:30:21.000,No,39.93034,-75.1465,FlexNetId: 50533141,FlexNet900,930.5125 MHz,40,901.8375 MHz
40182,true,,MASTER-163T703,RTM II+,No,FlexNet,Enabled,4110005,No,2026-07-29 09:11:54.769,Normal,2017-10-10 09:09:46.150,2025-09-17 09:29:17.000,No,39.9687,-75.1402,FlexNetId: 50407055,FlexNet900,930.5125 MHz,34,901.8625 MHz
42975,true,,MASTER-141RM2,RTM II+,No,FlexNet,Enabled,4110005,No,2026-07-29 09:16:19.551,Normal,2018-07-17 13:22:57.801,2025-09-17 09:59:59.000,No,39.98678755,-75.18079086,FlexNetId: 50408120,FlexNet900,930.5125 MHz,35,901.8375 MHz
43638,true,,WHITEMAR-132S1,RTM II+,No,FlexNet,Enabled,4110005,No,2026-07-29 09:16:26.582,Normal,2018-10-05 14:49:15.629,2025-09-17 09:42:28.000,No,40.148287,-75.215492,FlexNetId: 50408815,FlexNet900,930.5375 MHz,79,901.8375 MHz
47219,true,,SUGARTOW-000RS1,RTM II+,No,FlexNet,Enabled,4110005,No,2026-07-29 09:16:08.764,Normal,2020-02-25 09:05:55.849,2025-09-17 10:04:29.000,No,40.033499,-75.528804,FlexNetId: 50530842,FlexNet900,930.5375 MHz,76,901.8875 MHz
45400,true,,TREDYFFR-341R3,RTM II+,No,FlexNet,Enabled,4110005,No,2026-07-29 09:18:04.104,Normal,2019-04-03 08:30:13.961,2025-09-17 10:09:58.000,No,40.0154,-75.4361,FlexNetId: 50409952,FlexNet900,930.5125 MHz,86,901.8875 MHz
43884,true,,LINE-12700S1,RTM II+,No,FlexNet,Enabled,4110005,No,2026-07-29 09:07:57.360,Normal,2018-11-13 10:03:12.579,2025-09-17 09:45:20.000,No,39.937376,-75.353434,FlexNetId: 50409191,FlexNet900,930.5125 MHz,78,901.8375 MHz
47204,true,,LINE-7500RM6,RTM II+,No,FlexNet,Enabled,4110005,No,2026-07-29 09:20:36.731,Normal,2020-02-25 09:05:53.266,2025-09-17 10:04:31.000,No,39.9875,-75.5424,FlexNetId: 50530843,FlexNet900,930.5125 MHz,43,901.8625 MHz
28037,true,,HOLIDAY-000RS1,RTM II+,No,FlexNet,Enabled,4110005,No,2026-07-29 09:19:55.032,Normal,2020-07-24 09:00:26.509,2025-09-17 09:58:40.000,No,40.248,-75.652,FlexNetId: 50401553,FlexNet900,930.5375 MHz,44,901.8375 MHz
42988,true,,LENAPE-351RM1,RTM II+,No,FlexNet,Enabled,4110005,No,2026-07-29 09:16:36.823,Normal,2018-07-17 13:23:02.426,2025-09-17 09:45:39.000,No,39.873,-75.643,FlexNetId: 50408074,FlexNet900,930.5125 MHz,26,901.8875 MHz
52185,true,,UNIVERSI-133SD1,RTM II+,No,FlexNet,Enabled,4110005,No,2026-07-29 09:20:44.875,Normal,2023-06-07 07:36:01.970,2025-09-17 09:50:17.000,No,39.954,-75.209,FlexNetId: 50532085,FlexNet900,930.5375 MHz,35,901.8375 MHz
43866,true,,BRYNMAWR-145RM1,RTM II+,No,FlexNet,Enabled,4110005,No,2026-07-29 09:15:19.531,Normal,2018-11-13 10:03:06.538,2025-09-17 09:45:20.000,No,40.02174,-75.3121,FlexNetId: 50409240,FlexNet900,930.5125 MHz,39,901.8875 MHz
42309,true,,LINE-1300R3,RTM II+,No,FlexNet,Enabled,4110005,No,2026-07-29 09:16:20.194,Normal,2018-07-17 13:47:47.153,2025-09-17 09:43:35.000,No,40.1304,-75.5248,FlexNetId: 50408522,FlexNet900,930.5125 MHz,33,901.8375 MHz
52323,true,,BURHOLME-132T1068,RTM II+,No,FlexNet,Enabled,4110005,No,2026-07-29 09:16:24.720,Normal,2023-08-11 08:02:55.993,2025-09-17 09:29:42.000,No,40.07295,-75.08452,FlexNetId: 50533415,FlexNet900,930.5125 MHz,50,901.8375 MHz
40186,true,,LINE-7200T326,RTM II+,No,FlexNet,Enabled,4110005,No,2026-07-29 09:18:46.351,Normal,2017-10-10 09:09:46.033,2025-09-17 10:00:00.000,No,40.149905,-75.221082,FlexNetId: 50407052,FlexNet900,930.5125 MHz,79,901.8375 MHz
43278,true,,WAYNE-134R1,RTM II+,No,FlexNet,Enabled,4110005,No,2026-07-29 09:13:40.469,Normal,2018-11-27 10:03:20.650,2025-09-17 09:30:21.000,No,40.031016,-75.369728,FlexNetId: 50408236,FlexNet900,930.5125 MHz,29,901.8375 MHz
47896,true,,LINE-2232S1,RTM II+,No,FlexNet,Enabled,4110005,No,2026-07-29 09:11:14.423,Normal,2020-08-15 21:32:43.886,2025-09-17 10:05:17.000,No,40.038,-75.121,FlexNetId: 50530306,FlexNet900,930.5125 MHz,34,901.8875 MHz
43189,true,,BURHOLME-132T176,RTM II+,No,FlexNet,Enabled,4110005,No,2026-07-29 09:20:41.344,Normal,2018-10-02 13:29:15.223,2025-09-17 09:44:36.000,No,40.065918,-75.089734,FlexNetId: 50408161,FlexNet900,930.5125 MHz,42,901.8625 MHz
44517,true,,NORWALES-361RM1,RTM II+,No,FlexNet,Enabled,4110005,No,2026-07-29 09:14:27.225,Normal,2019-01-10 14:49:22.292,2025-09-17 09:48:10.000,No,40.254655,-75.355038,FlexNetId: 50409913,FlexNet900,930.5125 MHz,16,901.8375 MHz
45481,true,,PERKIOME-344R1,RTM II+,No,FlexNet,Enabled,4110005,No,2026-07-29 09:19:46.466,Normal,2019-03-06 17:48:27.203,2025-09-17 10:09:59.000,No,40.182,-75.444,FlexNetId: 50409953,FlexNet900,930.5125 MHz,92,901.8875 MHz
52192,true,,BALA-133RM1,RTM II+,No,FlexNet,Enabled,4110005,No,2026-07-29 09:15:41.139,Normal,2023-06-07 07:36:03.374,2025-09-17 09:54:57.000,No,40.00127,-75.25525,FlexNetId: 50533136,FlexNet900,930.5125 MHz,23,901.8375 MHz
43596,true,,LINTON-342RM2,RTM II+,No,FlexNet,Enabled,4110005,No,2026-07-29 09:13:35.571,Normal,2018-10-30 14:16:52.965,2025-09-17 09:41:29.000,No,40.236482,-74.945567,FlexNetId: 50408734,FlexNet900,930.5125 MHz,53,901.8375 MHz
44614,true,,LENAPE-343RM1,RTM II+,No,FlexNet,Enabled,4110005,No,2026-07-29 09:20:48.290,Normal,2019-02-12 11:16:19.149,2025-09-17 10:04:23.000,No,39.92275,-75.57003,FlexNetId: 50409730,FlexNet900,930.5125 MHz,26,901.8375 MHz
41328,true,,NEWLINVI-362S1,RTM II+,No,FlexNet,Enabled,4110005,No,2026-07-29 09:15:24.753,Normal,2018-03-26 15:46:50.416,2025-09-17 09:41:29.000,No,39.98042,-75.88971,FlexNetId: 50407427,FlexNet900,930.5375 MHz,31,901.8625 MHz
45496,true,,PACKER-132S1,RTM II+,No,FlexNet,Enabled,4110005,No,2026-07-29 09:15:31.053,Normal,2019-03-06 17:48:33.066,2025-09-17 10:24:45.000,No,39.918,-75.159,FlexNetId: 50410267,FlexNet900,930.5125 MHz,41,901.8375 MHz
42502,true,,PARRISH-140T414,RTM II+,No,FlexNet,Enabled,4110005,No,2026-07-29 09:15:33.410,Normal,2018-03-26 15:47:57.620,2025-09-17 09:30:17.000,No,39.95984,-75.193653,FlexNetId: 50408523,FlexNet900,930.5125 MHz,39,901.8375 MHz
44774,true,,EAGLE-351RS1,RTM II+,No,FlexNet,Enabled,4110005,No,2026-07-29 09:14:59.885,Normal,2019-02-12 11:18:18.670,2025-09-17 10:01:35.000,No,40.073582,-75.69969,FlexNetId: 50409634,FlexNet900,930.5375 MHz,38,901.8875 MHz
43644,true,,UPMERION-134T69,RTM II+,No,FlexNet,Enabled,4110005,No,2026-07-29 09:18:41.342,Normal,2018-10-05 14:49:17.698,2025-09-17 09:41:27.000,No,40.069442,-75.446507,FlexNetId: 50408825,FlexNet900,930.5125 MHz,20,901.8375 MHz
44430,true,,TACONY-131T287,RTM II+,No,FlexNet,Enabled,4110005,No,2026-07-29 09:07:25.784,Normal,2019-02-12 11:19:58.707,2025-09-17 10:00:48.000,No,40.019,-75.059,FlexNetId: 50409275,FlexNet900,930.5125 MHz,48,901.8875 MHz
48263,true,,LINE-1080RS3,RTM II+,No,FlexNet,Enabled,4110005,No,2026-07-29 09:15:54.784,Normal,2020-10-16 12:34:26.430,2025-09-17 09:51:53.000,No,40.017,-75.209,FlexNetId: 50530388,FlexNet900,930.5125 MHz,45,901.8875 MHz
47752,true,,TABOR-139S1,RTM II+,No,FlexNet,Enabled,4110005,No,2026-07-29 09:19:26.349,Normal,2020-08-13 09:23:39.861,2025-09-17 09:57:57.000,No,40.041,-75.119,FlexNetId: 50530540,FlexNet900,930.5125 MHz,44,901.8375 MHz
48802,true,,MASTER-132RS1,RTM II+,No,FlexNet,Enabled,4110005,No,2026-07-29 09:20:40.478,Normal,2020-12-03 12:46:51.583,2025-09-17 10:08:08.000,No,39.9814,-75.1818,FlexNetId: 50530941,FlexNet900,930.5375 MHz,38,901.8875 MHz
43711,true,,LENAPE-351R6,RTM II+,No,FlexNet,Enabled,4110005,No,2026-07-29 09:18:33.650,Normal,2018-10-30 14:17:14.173,2025-09-17 09:42:27.000,No,39.859126,-75.646521,FlexNetId: 50408993,FlexNet900,930.5125 MHz,35,901.8625 MHz
46824,true,,ANGORA-132T607,RTM II+,No,FlexNet,Enabled,4110005,No,2026-07-29 09:18:49.260,Normal,2019-12-12 09:45:04.648,2025-09-17 10:02:17.000,No,39.955397,-75.222663,FlexNetId: 50410769,FlexNet900,930.5125 MHz,38,901.8375 MHz
48807,true,,WANEETA-137T802,RTM II+,No,FlexNet,Enabled,4110005,No,2026-07-29 09:15:22.499,Normal,2020-12-03 12:46:26.901,2025-09-17 10:06:10.000,No,39.997,-75.127,FlexNetId: 50530864,FlexNet900,930.5125 MHz,49,901.8375 MHz
44982,true,,BALA-132S2,RTM II+,No,FlexNet,Enabled,4110005,No,2026-07-29 09:20:12.741,Normal,2019-02-12 11:18:04.438,2025-09-17 10:01:57.000,No,40.006837,-75.257669,FlexNetId: 50409804,FlexNet900,930.5375 MHz,16,901.8625 MHz
44798,true,,WHITEMAR-141S2,RTM II+,No,FlexNet,Enabled,4110005,No,2026-07-29 09:19:29.088,Normal,2019-02-12 11:17:49.615,2025-09-17 10:01:35.000,No,40.136665,-75.246531,FlexNetId: 50409866,FlexNet900,930.5375 MHz,23,901.8375 MHz
43577,true,,MORTON-142T492,RTM II+,No,FlexNet,Enabled,4110005,No,2026-07-29 09:18:38.687,Normal,2019-06-28 10:57:23.650,2025-09-17 09:45:22.000,No,39.877078,-75.37058,FlexNetId: 50408715,FlexNet900,930.5125 MHz,27,901.8375 MHz
51505,true,,LINE-328T844,RTM II+,No,FlexNet,Enabled,4110005,No,2026-07-29 09:15:19.303,Normal,2022-10-18 09:16:35.575,2025-09-17 09:51:03.000,No,39.9381,-75.1954,FlexNetId: 50532701,FlexNet900,930.5125 MHz,25,901.8375 MHz
43144,true,,MIDDLETO-143RM1,RTM II+,No,FlexNet,Enabled,4110005,No,2026-07-29 09:20:44.349,Normal,2018-10-02 13:29:00.979,2025-09-17 09:45:00.000,No,39.91645,-75.38724,FlexNetId: 50408192,FlexNet900,930.5375 MHz,35,901.8375 MHz
43794,true,,WANEETA-136T882,RTM II+,No,FlexNet,Enabled,4110005,No,2026-07-29 09:19:29.470,Normal,2019-02-01 15:06:44.547,2025-09-17 09:49:15.000,No,39.99282,-75.11376,FlexNetId: 50409091,FlexNet900,930.5375 MHz,51,901.8625 MHz
46821,true,,TREVOSE-136RM3,RTM II+,No,FlexNet,Enabled,4110005,No,2026-07-29 09:18:58.820,Normal,2019-12-10 09:34:38.520,2025-09-17 10:24:45.000,No,40.179,-75.01,FlexNetId: 50410772,FlexNet900,930.5125 MHz,42,901.8875 MHz
43941,true,,TREDYFFR-132RM1,RTM II+,No,FlexNet,Enabled,4110005,No,2026-07-29 09:18:42.482,Normal,2018-11-12 10:54:22.628,2025-09-17 09:30:20.000,No,40.060822,-75.44272,FlexNetId: 50409079,FlexNet900,930.5125 MHz,16,901.8375 MHz
42338,true,,BLUEGRAS-141R3,RTM II+,No,FlexNet,Enabled,4110005,No,2026-07-29 09:15:24.540,Normal,2018-06-21 10:31:17.864,2025-09-17 09:50:41.000,No,40.085967,-75.039677,FlexNetId: 50408499,FlexNet900,930.5375 MHz,19,901.8625 MHz
46427,true,,FOXCHASE-141T611,RTM II+,No,FlexNet,Enabled,4110005,No,2026-07-29 09:15:23.975,Normal,2019-09-03 12:47:55.296,2025-09-17 09:56:03.000,No,40.078,-75.071,FlexNetId: 50410843,FlexNet900,930.5125 MHz,27,901.8375 MHz
46745,true,,LLANERCH-146T63,RTM II+,No,FlexNet,Enabled,4110005,No,2026-07-29 09:08:26.449,Normal,2019-12-12 09:46:23.488,2025-09-17 10:20:24.000,No,39.959985,-75.308849,FlexNetId: 50410773,FlexNet900,930.5125 MHz,30,901.8375 MHz
46964,true,,WARMINST-142T299,RTM II+,No,FlexNet,Enabled,4110005,No,2026-07-29 09:11:18.085,Normal,2020-01-05 21:03:49.106,2025-09-17 09:44:38.000,No,40.1917,-75.033,FlexNetId: 50530137,FlexNet900,930.5375 MHz,28,901.8375 MHz
53733,true,,LINE-2331RS2,RTMx,No,FlexNet,Enabled,4110005,No,2026-07-29 09:20:41.045,Normal,2024-08-27 14:51:16.878,2025-09-17 10:17:48.000,No,40.073,-75.199,FlexNetId: 50480656,FlexNet900K24,930.5125 MHz,19,901.8375 MHz
41388,true,,BALA-136RM1,RTM II+,No,FlexNet,Enabled,4110005,No,2026-07-29 09:08:07.341,Normal,2018-03-26 15:47:12.289,2025-09-17 09:45:23.000,No,39.999539,-75.219446,FlexNetId: 50407905,FlexNet900,930.5125 MHz,32,901.8625 MHz
50471,true,,CALLOWHI-137RM1,RTM II+,No,FlexNet,Enabled,4110005,No,2026-07-29 09:13:38.197,Normal,2021-12-14 08:31:13.924,2025-09-17 09:51:03.000,No,39.9603,-75.1536,FlexNetId: 50531718,FlexNet900,930.5125 MHz,33,901.8875 MHz
49215,true,,POPLAR-004RS1,RTM II+,No,FlexNet,Enabled,4110005,No,2026-07-29 09:20:41.172,Normal,2021-03-23 08:50:39.412,2025-09-17 10:06:16.000,No,40.2591,-75.6339,FlexNetId: 50531189,FlexNet900,930.5125 MHz,59,901.8375 MHz
48985,true,,LLANERCH-143RM2,RTM II+,No,FlexNet,Enabled,4110005,No,2026-07-29 09:09:24.994,Normal,2021-01-24 09:14:19.237,2025-09-17 09:56:02.000,No,39.9623,-75.2927,FlexNetId: 50531074,FlexNet900,930.5375 MHz,15,901.8375 MHz
48224,true,,PARRISH-136T764,RTM II+,No,FlexNet,Enabled,4110005,No,2026-07-29 09:15:21.809,Normal,2020-09-25 11:41:59.110,2025-09-17 10:00:30.000,No,39.9657,-75.2452,FlexNetId: 50530151,FlexNet900,930.5125 MHz,38,901.8375 MHz
44695,true,,STOWE-001RS1,RTM II+,No,FlexNet,Enabled,4110005,No,2026-07-29 09:10:53.070,Normal,2019-02-12 11:16:57.158,2025-09-17 10:06:12.000,No,40.2528,-75.682,FlexNetId: 50409682,FlexNet900,930.5125 MHz,41,901.8625 MHz
44524,true,,CRESCENT-132T285,RTM II+,No,FlexNet,Enabled,4110005,No,2026-07-29 09:07:47.857,Normal,2019-02-12 11:21:12.082,2025-09-17 09:49:40.000,No,40.025,-75.073,FlexNetId: 50409878,FlexNet900,930.5375 MHz,38,901.8625 MHz
43848,true,,CALLOWHI-131RM3,RTM II+,No,FlexNet,Enabled,4110005,No,2026-07-29 09:17:35.466,Normal,2018-11-13 10:03:00.611,2025-09-17 09:55:39.000,No,39.973216,-75.148601,FlexNetId: 50409125,FlexNet900,930.5375 MHz,30,901.8875 MHz
43725,true,,BYBERRY-132RM1,RTM II+,No,FlexNet,Enabled,4110005,No,2026-07-29 09:11:43.492,Normal,2018-10-30 14:17:18.609,2025-09-17 09:42:26.000,No,40.15018277,-75.05981272,FlexNetId: 50408960,FlexNet900,930.5375 MHz,26,901.8875 MHz
33040,true,,LINE-3600R2,RTM II+,No,FlexNet,Enabled,4110005,No,2026-07-29 09:13:24.095,Normal,2015-06-11 13:20:25.913,2025-09-17 10:10:01.000,No,40.143905,-75.549203,FlexNetId: 50403427,FlexNet900,930.5375 MHz,41,901.8625 MHz
43891,true,,JENKINTO-136RM2,RTM II+,No,FlexNet,Enabled,4110005,No,2026-07-29 09:16:30.409,Normal,2018-11-13 10:03:14.928,2025-09-17 10:08:46.000,No,40.127114,-75.1307,FlexNetId: 50409174,FlexNet900,930.5375 MHz,42,901.8875 MHz
48268,true,,FOXCHASE-135RS2,RTM II+,No,FlexNet,Enabled,4110005,No,2026-07-29 09:19:37.541,Normal,2020-10-16 12:34:30.711,2025-09-17 10:17:08.000,No,40.0462,-75.0678,FlexNetId: 50530350,FlexNet900,930.5125 MHz,38,901.8375 MHz
44973,true,,EDDINGTO-133RM1,RTM II+,No,FlexNet,Enabled,4110005,No,2026-07-29 09:18:31.401,Normal,2019-02-12 11:17:54.474,2025-09-17 10:08:09.000,No,40.07,-74.968,FlexNetId: 50409721,FlexNet900,930.5125 MHz,36,901.8375 MHz
51246,true,,BYBERRY-171T158,RTM II+,No,FlexNet,Enabled,4110005,No,2026-07-29 09:19:26.360,Normal,2022-08-04 09:21:05.916,2025-09-17 10:24:45.000,No,40.137,-74.972,FlexNetId: 50532513,FlexNet900,930.5125 MHz,17,901.8375 MHz
44519,true,,LINE-1099T349,RTM II+,No,FlexNet,Enabled,4110005,No,2026-07-29 09:07:05.080,Normal,2019-01-10 14:49:23.163,2025-09-17 10:01:12.000,No,39.987736,-75.16033,FlexNetId: 50409827,FlexNet900,930.5375 MHz,21,901.8625 MHz
42968,true,,BUCKINGH-346RM4,RTM II+,No,FlexNet,Enabled,4110005,No,2026-07-29 09:16:34.155,Normal,2018-07-17 13:22:55.417,2025-09-17 09:58:38.000,No,40.40396,-75.19601,FlexNetId: 50408121,FlexNet900,930.5125 MHz,38,901.8625 MHz
42789,true,,NEWLINVI-353S1,RTM II+,No,FlexNet,Enabled,4110005,No,2026-07-29 09:07:13.427,Normal,2018-06-07 14:18:15.357,2025-09-17 10:24:45.000,No,40.008618,-75.760996,FlexNetId: 50408062,FlexNet900,930.5125 MHz,25,901.8875 MHz
51348,true,,BLUEGRAS-146T979,RTM II+,No,FlexNet,Enabled,4110005,No,2026-07-29 09:06:53.877,Normal,2022-09-21 07:54:35.623,2025-09-17 09:50:59.000,No,40.0821,-75.0291,FlexNetId: 50532711,FlexNet900,930.5125 MHz,25,901.8375 MHz
44746,true,,PACKER-131RM3,RTM II+,No,FlexNet,Enabled,4110005,No,2026-07-29 09:18:24.278,Normal,2019-02-12 11:17:20.567,2025-09-17 09:55:41.000,No,39.920062,-75.163787,FlexNetId: 50409673,FlexNet900,930.5375 MHz,37,901.8625 MHz
50444,true,,ISLANDRD-131S1,RTM II+,No,FlexNet,Enabled,4110005,No,2026-07-29 09:07:17.105,Normal,2021-12-07 09:20:06.256,2025-09-17 09:29:43.000,No,39.9111713,-75.2432667,FlexNetId: 50531900,FlexNet900,930.5125 MHz,18,901.8375 MHz
43882,true,,NORWALES-354T284,RTM II+,No,FlexNet,Enabled,4110005,No,2026-07-29 09:16:12.448,Normal,2018-11-13 10:03:11.915,2025-09-17 09:42:28.000,No,40.242,-75.2419,FlexNetId: 50409155,FlexNet900,930.5375 MHz,61,901.8625 MHz
43777,true,,UPPRPROV-351S1,RTM II+,No,FlexNet,Enabled,4110005,No,2026-07-29 09:15:30.957,Normal,2019-01-10 14:27:26.482,2025-09-17 09:57:32.000,No,40.176863,-75.530465,FlexNetId: 50409083,FlexNet900,930.5375 MHz,56,901.8375 MHz
44425,true,,LINE-13900T10,RTM II+,No,FlexNet,Enabled,4110005,No,2026-07-29 09:15:52.232,Normal,2019-01-23 11:37:47.132,2025-09-17 09:48:08.000,No,40.039303,-75.514438,FlexNetId: 50409566,FlexNet900,930.5125 MHz,35,901.8625 MHz
51808,true,,EDDINGTO-131RM1,RTM II+,No,FlexNet,Enabled,4110005,No,2026-07-29 09:09:47.138,Normal,2022-12-07 09:54:50.814,2025-09-17 09:49:58.000,No,40.0925,-75.9473,FlexNetId: 50532953,FlexNet900,930.5125 MHz,37,901.8375 MHz
45492,true,,BYBERRY-183S1,RTM II+,No,FlexNet,Enabled,4110005,No,2026-07-29 09:17:44.202,Normal,2019-03-06 17:48:31.550,2025-09-17 10:08:49.000,No,40.1,-74.977,FlexNetId: 50410010,FlexNet900,930.5375 MHz,38,901.8375 MHz
52309,true,,FALLS-353RM2,RTM II+,No,FlexNet,Enabled,4110005,No,2026-07-29 09:15:34.684,Normal,2023-08-11 08:02:54.376,2025-09-17 09:29:41.000,No,40.2099484,-74.8089884,FlexNetId: 50533217,FlexNet900,930.5125 MHz,15,901.8375 MHz
51724,true,,LINTON-352RS1,RTM II+,No,FlexNet,Enabled,4110005,No,2026-07-29 09:13:39.929,Normal,2022-11-17 07:00:20.677,2025-09-17 09:43:57.000,No,40.2268,-74.9457,FlexNetId: 50532831,FlexNet900,930.5125 MHz,42,901.8375 MHz
44750,true,,COOPER-354T268,RTM II+,No,FlexNet,Enabled,4110005,No,2026-07-29 09:20:50.855,Normal,2019-02-12 11:17:22.782,2025-09-17 09:57:05.000,No,39.7846963287408,-76.3571134860599,FlexNetId: 50409608,FlexNet900,930.5125 MHz,63,901.8875 MHz
48266,true,,PENTRIDG-012RS1,RTM II+,No,FlexNet,Enabled,4110005,No,2026-07-29 09:20:29.896,Normal,2020-09-25 11:34:11.091,2025-09-17 09:56:02.000,No,39.9509,-75.2288,FlexNetId: 50530404,FlexNet900,930.5125 MHz,52,901.8375 MHz
43185,true,,EDDYSTON-131T1206,RTM II+,No,FlexNet,Enabled,4110005,No,2026-07-29 09:09:00.207,Normal,2018-10-02 13:29:18.991,2025-09-17 09:45:40.000,No,39.85446,-75.35761,FlexNetId: 50408303,FlexNet900,930.5125 MHz,28,901.8375 MHz
47737,true,,LINE-7700S1,RTM II+,No,FlexNet,Enabled,4110005,No,2026-07-29 09:19:49.457,Normal,2020-08-13 09:23:57.154,2025-09-17 10:04:19.000,No,40.006,-75.3,FlexNetId: 50530523,FlexNet900,930.5125 MHz,20,901.8375 MHz
47183,true,,PHOENIXV-004RS2,RTM II+,No,FlexNet,Enabled,4110005,No,2026-07-29 09:20:22.223,Normal,2020-02-25 09:05:49.287,2025-09-17 10:06:17.000,No,40.1255,-75.5177,FlexNetId: 50530455,FlexNet900,930.5125 MHz,41,901.8625 MHz
43947,true,,UPPRPROV-351S2,RTM II+,No,FlexNet,Enabled,4110005,No,2026-07-29 09:07:34.331,Normal,2019-08-19 13:43:20.740,2025-09-17 09:43:55.000,No,40.191,-75.543,FlexNetId: 50409156,FlexNet900,930.5125 MHz,23,901.8375 MHz
44513,true,,WARRINGT-343RM3,RTM II+,No,FlexNet,Enabled,4110005,No,2026-07-29 09:18:04.880,Normal,2019-01-10 14:49:20.724,2025-09-17 09:49:12.000,No,40.232206,-75.063493,FlexNetId: 50409855,FlexNet900,930.5375 MHz,30,901.8875 MHz
44159,true,,LINE-2235RM2,RTM II+,No,FlexNet,Enabled,4110005,No,2026-07-29 09:16:45.953,Normal,2018-11-20 15:04:32.484,2025-09-17 09:29:17.000,No,40.058525,-75.092518,FlexNetId: 50409432,FlexNet900,930.5375 MHz,35,901.8625 MHz
46952,true,,LINE-372RM1,RTM II+,No,FlexNet,Enabled,4110005,No,2026-07-29 09:11:11.864,Normal,2020-01-05 21:03:46.491,2025-09-17 09:55:20.000,No,39.944,-75.177,FlexNetId: 50530108,FlexNet900,930.5125 MHz,56,901.8875 MHz
44421,true,,EAGLE-341T218,RTM II+,No,FlexNet,Enabled,4110005,No,2026-07-29 09:14:32.284,Normal,2019-01-23 11:37:42.790,2025-09-17 09:49:38.000,No,40.077856,-75.683709,FlexNetId: 50409544,FlexNet900,930.5125 MHz,23,901.8375 MHz
42570,true,,LOCK-341T314,RTM II+,No,FlexNet,Enabled,4110005,No,2026-07-29 09:06:49.469,Normal,2018-04-13 09:02:33.953,2025-09-17 09:51:04.000,No,40.1916,-75.6146,FlexNetId: 50408403,FlexNet900,930.5125 MHz,18,901.8875 MHz
52801,true,,LINE-9600R2,RTM II+,No,FlexNet,Enabled,4110005,No,2026-07-29 09:14:17.469,Normal,2023-11-20 12:14:09.511,2025-09-17 10:17:07.000,No,40.12426,-75.26425,FlexNetId: 50533546,FlexNet900,930.5125 MHz,49,901.8375 MHz
45458,true,,LINTON-351RMP2,RTM II+,No,FlexNet,Enabled,4110005,No,2026-07-29 09:15:52.556,Normal,2019-03-06 17:48:49.044,2025-09-17 10:13:10.000,No,40.320999,-74.924,FlexNetId: 50410281,FlexNet900,930.5375 MHz,18,901.8875 MHz
43799,true,,CRESCENT-131T456,RTM II+,No,FlexNet,Enabled,4110005,No,2026-07-29 09:11:59.903,Normal,2019-05-22 11:49:46.477,2025-09-17 10:13:10.000,No,40.044,-75.103,FlexNetId: 50409107,FlexNet900,930.5375 MHz,41,901.8625 MHz
47772,true,,PERKIOME-362RS2,RTM II+,No,FlexNet,Enabled,4110005,No,2026-07-29 09:09:49.055,Normal,2020-08-13 09:23:43.203,2025-09-17 10:05:14.000,No,40.2,-75.468,FlexNetId: 50530663,FlexNet900,930.5125 MHz,37,901.8875 MHz
45253,true,,NEWL-INTELLITEAM,RTM II+,No,FlexNet,Enabled,4110005,No,2026-07-29 09:08:23.483,Normal,2019-02-19 09:16:06.119,2025-09-17 09:51:54.000,No,40.002825,-75.87857,FlexNetId: 50410159,FlexNet900,930.5125 MHz,39,901.8375 MHz
48830,true,,LINE-1060T783,RTM II+,No,FlexNet,Enabled,4110005,No,2026-07-29 09:20:53.562,Normal,2020-12-03 12:46:30.716,2025-09-17 10:06:17.000,No,40.0322,-75.1627,FlexNetId: 50530881,FlexNet900,930.5125 MHz,56,901.8875 MHz
42848,true,,NORWALES-363T174,RTM II+,No,FlexNet,Enabled,4110005,No,2026-07-29 09:07:59.892,Normal,2018-06-07 14:18:01.553,2025-09-17 09:28:54.000,No,40.200727,-75.313086,FlexNetId: 50408340,FlexNet900,930.5375 MHz,17,901.8625 MHz
44807,true,,BURHOLME-135RM2,RTM II+,No,FlexNet,Enabled,4110005,No,2026-07-29 09:20:47.671,Normal,2019-02-12 11:18:13.999,2025-09-17 09:59:23.000,No,40.05,-75.091,FlexNetId: 50409642,FlexNet900,930.5125 MHz,38,901.8625 MHz
51889,true,,SAVILLE-132T58,RTM II+,No,FlexNet,Enabled,4110005,No,2026-07-29 09:10:09.507,Normal,2023-02-13 06:02:35.947,2025-09-17 09:49:41.000,No,39.8617,-75.3535,FlexNetId: 50532904,FlexNet900,930.5125 MHz,51,901.8375 MHz
42496,true,,LINTON-342RM5,RTM II+,No,FlexNet,Enabled,4110005,No,2026-07-29 09:19:27.055,Normal,2018-03-26 15:42:25.257,2025-09-17 09:30:43.000,No,40.2549,-74.9584,FlexNetId: 50408631,FlexNet900,930.5375 MHz,30,901.8625 MHz
42125,true,,CLAY-343R2,RTM II+,No,FlexNet,Enabled,4110005,No,2026-07-29 09:19:20.248,Normal,2018-03-26 15:47:53.529,2025-09-17 09:57:54.000,No,39.800062,-75.79787,FlexNetId: 50408534,FlexNet900,930.5125 MHz,25,901.8375 MHz
50866,true,,LLANERCH-135RM1,RTM II+,No,FlexNet,Enabled,4110005,No,2026-07-29 09:13:11.116,Normal,2022-06-23 10:28:35.334,2025-09-17 09:44:17.000,No,39.9519,-75.3124,FlexNetId: 50531925,FlexNet900,930.5375 MHz,29,901.8375 MHz
49561,true,,FALLS-351R2,RTM II+,No,FlexNet,Enabled,4110005,No,2026-07-29 09:20:02.767,Normal,2021-07-22 09:40:21.019,2025-09-17 10:24:45.000,No,40.207,-74.832,FlexNetId: 50531339,FlexNet900,930.5125 MHz,48,901.8875 MHz
28077,true,,BURHOLME-132S1,RTM II+,No,FlexNet,Enabled,4110005,No,2026-07-29 09:17:44.473,Normal,2014-11-19 09:16:09.617,2025-09-17 10:00:02.000,No,40.061306,-75.083506,FlexNetId: 50401744,FlexNet900,930.5125 MHz,52,901.8375 MHz
51893,true,,LOMBARD-136T123,RTM II+,No,FlexNet,Enabled,4110005,No,2026-07-29 09:10:37.001,Normal,2023-02-13 06:02:36.614,2025-09-17 10:24:45.000,No,39.93774,-75.15011,FlexNetId: 50532921,FlexNet900,930.5125 MHz,27,901.8375 MHz
47796,true,,JENKINTO-138T659,RTM II+,No,FlexNet,Enabled,4110005,No,2026-07-29 09:11:37.968,Normal,2020-08-13 09:23:46.176,2025-09-17 10:05:17.000,No,40.1102,-75.165,FlexNetId: 50530629,FlexNet900,930.5125 MHz,55,901.8375 MHz
44598,true,,LLANERCH-141T338,RTM II+,No,FlexNet,Enabled,4110005,No,2026-07-29 09:10:49.864,Normal,2019-02-12 11:16:11.839,2025-09-17 10:01:55.000,No,39.979011,-75.333841,FlexNetId: 50409621,FlexNet900,930.5125 MHz,37,901.8375 MHz
48811,true,,CLAY-352RS3,RTM II+,No,FlexNet,Enabled,4110005,No,2026-07-29 09:20:50.807,Normal,2020-12-03 12:46:27.681,2025-09-17 09:30:40.000,No,39.80427,-75.74962,FlexNetId: 50530938,FlexNet900,930.5125 MHz,74,901.8625 MHz
44784,true,,NORWALES-354T335,RTM II+,No,FlexNet,Enabled,4110005,No,2026-07-29 09:13:37.721,Normal,2019-02-12 11:17:48.563,2025-09-17 10:05:11.000,No,40.253,-75.254,FlexNetId: 50409854,FlexNet900,930.5375 MHz,47,901.8625 MHz
51643,true,,NORPHILA-135S1,RTM II+,No,FlexNet,Enabled,4110005,No,2026-07-29 09:19:51.986,Normal,2022-10-28 07:28:48.873,2025-09-17 09:50:20.000,No,39.991,-75.14,FlexNetId: 50532827,FlexNet900,930.5125 MHz,40,901.8625 MHz
43611,true,,HARTMAN-353RS6,RTM II+,No,FlexNet,Enabled,4110005,No,2026-07-29 09:14:44.933,Normal,2018-10-05 14:49:18.375,2025-09-17 10:24:45.000,No,40.235531,-75.223934,FlexNetId: 50408722,FlexNet900,930.5375 MHz,31,901.8625 MHz
46954,true,,LINE-2377RM1,RTM II+,No,FlexNet,Enabled,4110005,No,2026-07-29 09:08:35.827,Normal,2020-01-05 21:03:46.941,2025-09-17 10:24:45.000,No,40.03303,-75.09097,FlexNetId: 50530107,FlexNet900,930.5375 MHz,27,901.8875 MHz
42120,true,,WOODBOUR-342S1,RTM II+,No,FlexNet,Enabled,4110005,No,2026-07-29 09:10:13.990,Normal,2018-03-26 15:48:01.574,2025-09-17 09:42:28.000,No,40.223368,-74.835883,FlexNetId: 50408459,FlexNet900,930.5375 MHz,45,901.8625 MHz
44741,true,,WHITEMAR-133T543,RTM II+,No,FlexNet,Enabled,4110005,No,2026-07-29 09:10:07.296,Normal,2019-02-12 11:17:17.935,2025-09-17 10:24:45.000,No,40.101,-75.213,FlexNetId: 50409668,FlexNet900,930.5375 MHz,24,901.8875 MHz
50413,true,,WAYNE-147RM1,RTM II+,No,FlexNet,Enabled,4110005,No,2026-07-29 09:19:57.593,Normal,2021-11-30 08:43:49.280,2025-09-17 09:51:04.000,No,40.042745,-75.3617,FlexNetId: 50531872,FlexNet900,930.5125 MHz,24,901.8375 MHz
28224,true,,NORPHILA-132T198,RTM II+,No,FlexNet,Enabled,4110005,No,2026-07-29 09:07:21.999,Normal,2014-08-26 14:13:25.260,2025-09-17 09:56:42.000,No,40.0033,-75.1415,FlexNetId: 50401810,FlexNet900,930.5375 MHz,38,901.8375 MHz
42130,true,,MOSER-342T306,RTM II+,No,FlexNet,Enabled,4110005,No,2026-07-29 09:18:36.745,Normal,2018-04-13 09:39:44.959,2025-09-17 09:51:52.000,No,40.26236,-75.63878,FlexNetId: 50408417,FlexNet900,930.5125 MHz,62,901.8375 MHz
43166,true,,LINE-18300T270,RTM II+,No,FlexNet,Enabled,4110005,No,2026-07-29 09:08:41.988,Normal,2018-10-02 13:29:07.964,2025-09-17 09:45:44.000,No,40.177796,-74.90253,FlexNetId: 50408058,FlexNet900,930.5375 MHz,33,901.8875 MHz
43723,true,,WHITEMAR-141RM3,RTM II+,No,FlexNet,Enabled,4110005,No,2026-07-29 09:08:05.098,Normal,2018-10-30 14:17:17.977,2025-09-17 09:42:25.000,No,40.137755,-75.243525,FlexNetId: 50408972,FlexNet900,930.5375 MHz,34,901.8375 MHz
41327,true,,NEWLINVI-352RM2,RTM II+,No,FlexNet,Enabled,4110005,No,2026-07-29 09:20:52.079,Normal,2018-03-26 15:46:49.935,2025-09-17 09:42:24.000,No,40.034,-75.8129,FlexNetId: 50407609,FlexNet900,930.5375 MHz,81,901.8625 MHz
45404,true,,HOLMESBU-133T513,RTM II+,No,FlexNet,Enabled,4110005,No,2026-07-29 09:14:38.622,Normal,2019-04-03 08:30:15.628,2025-09-17 10:09:56.000,No,40.039,-75.039,FlexNetId: 50410393,FlexNet900,930.5125 MHz,27,901.8375 MHz
42070,true,,NEWSQUA-136S1,RTM II+,No,FlexNet,Enabled,4110005,No,2026-07-29 09:12:59.814,Normal,2018-03-26 15:47:30.646,2025-09-17 09:29:15.000,No,40.0033951004885,-75.3614270418049,FlexNetId: 50408435,FlexNet900,930.5125 MHz,27,901.8375 MHz
46732,true,,LLANERCH-162RM1,RTM II+,No,FlexNet,Enabled,4110005,No,2026-07-29 09:09:11.981,Normal,2020-01-05 21:01:13.519,2025-09-17 09:57:05.000,No,39.96098,-75.275082,FlexNetId: 50530379,FlexNet900,930.5375 MHz,26,901.8625 MHz
44368,true,,BLUEGRAS-132T247,RTM II+,No,FlexNet,Enabled,4110005,No,2026-07-29 09:13:01.409,Normal,2019-02-07 15:29:13.122,2025-09-17 09:49:16.000,No,40.05706,-75.02887,FlexNetId: 50409268,FlexNet900,930.5125 MHz,24,901.8375 MHz
52506,true,,TREDYFFR-341T38,RTM II+,No,FlexNet,Enabled,4110005,No,2026-07-29 09:07:46.787,Normal,2023-10-09 07:23:48.510,2025-09-17 10:17:02.000,No,40.0634,-75.47451,FlexNetId: 50533112,FlexNet900,930.5125 MHz,14,901.8375 MHz
44998,true,,MACDADE-133T450,RTM II+,No,FlexNet,Enabled,4110005,No,2026-07-29 09:09:43.344,Normal,2019-02-12 11:18:12.559,2025-09-17 10:01:55.000,No,39.9064,-75.2938,FlexNetId: 50409808,FlexNet900,930.5125 MHz,48,901.8375 MHz
45568,true,,PASSYUNK-141RM1,RTM II+,No,FlexNet,Enabled,4110005,No,2026-07-29 09:15:25.142,Normal,2019-03-06 17:49:01.309,2025-09-17 09:44:57.000,No,39.928,-75.157,FlexNetId: 50410335,FlexNet900,930.5375 MHz,32,901.8625 MHz
44626,true,,LINE-200RM3,RTM II+,No,FlexNet,Enabled,4110005,No,2026-07-29 09:17:41.587,Normal,2019-02-12 11:16:24.826,2025-09-17 10:01:12.000,No,40.07075,-75.64078,FlexNetId: 50409788,FlexNet900,930.5125 MHz,40,901.8375 MHz
45502,true,,PACKER-132T575,RTM II+,No,FlexNet,Enabled,4110005,No,2026-07-29 09:08:25.829,Normal,2019-03-06 17:48:35.308,2025-09-17 09:58:59.000,No,39.921,-75.15,FlexNetId: 50410365,FlexNet900,930.5375 MHz,70,901.8875 MHz
49306,true,,TUNA-144RM1,RTM II+,No,FlexNet,Enabled,4110005,No,2026-07-29 09:14:25.427,Normal,2021-04-18 10:04:10.818,2025-09-17 09:58:15.000,No,39.9626,-75.142,FlexNetId: 50531034,FlexNet900,930.5125 MHz,34,901.8375 MHz
43014,true,,BRYNMAWR-145T131,RTM II+,No,FlexNet,Enabled,4110005,No,2026-07-29 09:06:16.792,Normal,2018-07-17 13:23:11.536,2025-09-17 09:45:21.000,No,40.023511,-75.307105,FlexNetId: 50408281,FlexNet900,930.5375 MHz,28,901.8625 MHz
44107,true,,HARTMAN-351T837,RTM II+,No,FlexNet,Enabled,4110005,No,2026-07-29 09:08:54.441,Normal,2018-10-24 04:46:59.644,2025-09-17 09:37:49.000,No,40.23123,-75.17242,FlexNetId: 50409423,FlexNet900,930.5375 MHz,35,901.8625 MHz
45190,true,,PHOENIXV-008RS2,RTM II+,No,FlexNet,Enabled,4110005,No,2026-07-29 09:19:40.179,Normal,2019-02-19 09:15:53.167,2025-09-17 09:29:43.000,No,39.98326,-75.82251,FlexNetId: 50410208,FlexNet900,930.5125 MHz,29,901.8625 MHz
42071,true,,NEWSQUA-131SD2,RTM II+,No,FlexNet,Enabled,4110005,No,2026-07-29 09:20:39.783,Normal,2018-03-26 15:47:51.122,2025-09-17 09:43:34.000,No,39.9958,-75.3856,FlexNetId: 50408571,FlexNet900,930.5125 MHz,44,901.8875 MHz
43008,true,,PEACHBOT-361RM1,RTM II+,No,FlexNet,Enabled,4110005,No,2026-07-29 09:14:57.601,Normal,2018-07-17 13:23:09.562,2025-09-17 09:44:17.000,No,39.75897,-76.283578,FlexNetId: 50408283,FlexNet900,930.5125 MHz,50,901.8375 MHz
46765,true,,PHOENIXV-004RS1,RTM II+,No,FlexNet,Enabled,4110005,No,2026-07-29 09:20:35.027,Normal,2019-12-12 09:45:01.176,2025-09-17 10:08:08.000,No,40.1261,-75.5164,FlexNetId: 50410767,FlexNet900,930.5125 MHz,31,901.8375 MHz
52799,true,,CHICHEST-131S2,RTM II+,No,FlexNet,Enabled,4110005,No,2026-07-29 09:09:15.284,Normal,2023-11-20 12:14:09.179,2025-09-17 10:16:32.000,No,39.82768,-75.42944,FlexNetId: 50533117,FlexNet900,930.5125 MHz,36,901.8375 MHz
48831,true,,TABOR-134S2,RTM II+,No,FlexNet,Enabled,4110005,No,2026-07-29 09:18:02.252,Normal,2020-12-03 12:46:30.925,2025-09-17 10:08:42.000,No,40.0417,-75.1461,FlexNetId: 50530936,FlexNet900,930.5125 MHz,29,901.8375 MHz
49545,true,,FALLS-351S2,RTM II+,No,FlexNet,Enabled,4110005,No,2026-07-29 09:15:28.496,Normal,2021-07-22 09:38:06.736,2025-09-17 09:55:39.000,No,40.2063,-74.8401,FlexNetId: 50531418,FlexNet900,930.5125 MHz,21,901.8375 MHz
47191,true,,BRADFORD-342RS1,RTM II+,No,FlexNet,Enabled,4110005,No,2026-07-29 09:18:49.040,Normal,2020-02-25 09:05:50.921,2025-09-17 09:56:06.000,No,39.9729403,-75.7165093,FlexNetId: 50530858,FlexNet900,930.5125 MHz,36,901.8875 MHz
45039,true,,BYBERRY-143T462,RTM II+,No,FlexNet,Enabled,4110005,No,2026-07-29 09:06:28.470,Normal,2019-02-14 09:40:17.725,2025-09-17 10:01:55.000,No,40.094653,-74.968937,FlexNetId: 50409286,FlexNet900,930.5125 MHz,31,901.8625 MHz
43604,true,,BELLEVUE-134T81,RTM II+,No,FlexNet,Enabled,4110005,No,2026-07-29 09:11:34.164,Normal,2018-10-30 14:16:55.867,2025-09-17 09:43:34.000,No,40.166027,-74.978857,FlexNetId: 50408747,FlexNet900,930.5375 MHz,44,901.8625 MHz
52876,true,,TUNA-136RM2,RTM II+,No,FlexNet,Enabled,4110005,No,2026-07-29 09:19:56.350,Normal,2023-12-11 09:22:28.334,2025-09-17 09:44:00.000,No,40.0447245,-75.1622363,FlexNetId: 50533236,FlexNet900,930.5125 MHz,31,901.8375 MHz
40196,true,,BLUEGRAS-136T279,RTM II+,No,FlexNet,Enabled,4110005,No,2026-07-29 09:20:10.131,Normal,2017-10-10 09:09:46.407,2025-09-17 10:17:07.000,No,40.104402,-75.044844,FlexNetId: 50405873,FlexNet900,930.5375 MHz,20,901.8875 MHz
43027,true,,CROYDON-144RM1,RTM II+,No,FlexNet,Enabled,4110005,No,2026-07-29 09:19:30.418,Normal,2018-07-17 13:23:16.119,2025-09-17 09:45:40.000,No,40.100828,-74.892273,FlexNetId: 50408217,FlexNet900,930.5125 MHz,24,901.8625 MHz
49300,true,,PLANEBRO-344RS4,RTM II+,No,FlexNet,Enabled,4110005,No,2026-07-29 09:05:56.394,Normal,2021-04-18 10:04:12.836,2025-09-17 10:24:45.000,No,40.0101,-75.5633,FlexNetId: 50531054,FlexNet900,930.5375 MHz,42,901.8875 MHz
43649,true,,MIDDLETO-352RM3,RTM II+,No,FlexNet,Enabled,4110005,No,2026-07-29 09:18:48.590,Normal,2018-10-05 14:49:19.054,2025-09-17 09:45:41.000,No,39.948764,-75.413185,FlexNetId: 50408822,FlexNet900,930.5125 MHz,34,901.8625 MHz
45131,true,,BETZWOOD-352T137,RTM II+,No,FlexNet,Enabled,4110005,No,2026-07-29 09:07:50.103,Normal,2019-02-19 09:16:21.620,2025-09-17 10:04:19.000,No,40.110877,-75.420776,FlexNetId: 50410026,FlexNet900,930.5125 MHz,40,901.8625 MHz
43199,true,,LENAPE-351S1,RTM II+,No,FlexNet,Enabled,4110005,No,2026-07-29 09:17:42.587,Normal,2018-10-02 13:29:18.562,2025-09-17 09:43:37.000,No,39.847928,-75.675466,FlexNetId: 50408157,FlexNet900,930.5375 MHz,34,901.8375 MHz
52796,true,,FOXCHASE-133T516,RTM II+,No,FlexNet,Enabled,4110005,No,2026-07-29 09:11:06.847,Normal,2023-11-20 12:14:08.884,2025-09-17 12:35:10.000,No,40.08166,-75.07989,FlexNetId: 50533110,FlexNet900,930.5125 MHz,24,901.8375 MHz
43926,true,,FLINT-144T268,RTM II+,No,FlexNet,Enabled,4110005,No,2026-07-29 09:20:19.510,Normal,2019-02-01 15:06:36.103,2025-09-17 09:49:38.000,No,40.06214,-75.29455,FlexNetId: 50409065,FlexNet900,930.5125 MHz,32,901.8875 MHz
45219,true,,BRADFORD-342RM2,RTM II+,No,FlexNet,Enabled,4110005,No,2026-07-29 09:20:43.753,Normal,2019-02-19 09:16:03.377,2025-09-17 10:01:16.000,No,39.979,-75.731,FlexNetId: 50410187,FlexNet900,930.5125 MHz,35,901.8875 MHz
52189,true,,FOXCHASE-134S3,RTM II+,No,FlexNet,Enabled,4110005,No,2026-07-29 09:05:59.907,Normal,2023-06-07 07:36:02.665,2025-09-17 09:29:40.000,No,40.0765481,-75.0844529,FlexNetId: 50533262,FlexNet900,930.5125 MHz,43,901.8375 MHz
52407,true,,LANE-002RS1,RTM II+,No,FlexNet,Enabled,4110005,No,2026-07-29 09:20:42.780,Normal,2023-08-15 08:49:37.845,2025-09-17 10:17:07.000,No,40.34271,-75.45595,FlexNetId: 50533200,FlexNet900,930.5125 MHz,33,901.8375 MHz
52438,true,,CORNOG-002RS1,RTM II+,No,FlexNet,Enabled,4110005,No,2026-07-29 09:19:59.191,Normal,2023-09-12 09:07:31.904,2025-09-17 09:30:22.000,No,40.06268,-75.78051,FlexNetId: 50533183,FlexNet900,930.5125 MHz,25,901.8375 MHz
43953,true,,TREDYFFR-341RM1,RTM II+,No,FlexNet,Enabled,4110005,No,2026-07-29 09:14:38.894,Normal,2018-11-12 10:54:15.733,2025-09-17 09:55:42.000,No,40.054559,-75.472041,FlexNetId: 50409031,FlexNet900,930.5125 MHz,19,901.8375 MHz
53629,true,,LINE-1060T105,RTMx,No,FlexNet,Enabled,4110005,No,2026-07-29 09:16:04.963,Normal,2024-08-27 14:43:04.352,2025-09-17 10:17:48.000,No,40.031034,-75.14971,FlexNetId: 50480571,FlexNet900K24,930.5125 MHz,33,901.8375 MHz
48764,true,,LLANERCH-145S1,RTM II+,No,FlexNet,Enabled,4110005,No,2026-07-29 09:19:22.722,Normal,2020-12-02 10:01:25.540,2025-09-17 10:24:45.000,No,39.982,-75.28,FlexNetId: 50530592,FlexNet900,930.5125 MHz,34,901.8375 MHz
46896,true,,LINE-600RM3,RTM II+,No,FlexNet,Enabled,4110005,No,2026-07-29 09:16:59.787,Normal,2020-01-05 21:03:54.853,2025-09-17 10:02:19.000,No,40.152,-75.38,FlexNetId: 50410659,FlexNet900,930.5375 MHz,22,901.8625 MHz
51838,true,,MACDADE-134SD1,RTM II+,No,FlexNet,Enabled,4110005,No,2026-07-29 09:13:17.751,Normal,2023-01-12 09:19:27.553,2025-09-17 09:29:39.000,No,39.9041681,-75.2700701,FlexNetId: 50532900,FlexNet900,930.5125 MHz,59,901.8375 MHz
42868,true,,LINTON-343R1,RTM II+,No,FlexNet,Enabled,4110005,No,2026-07-29 09:16:00.173,Normal,2018-06-07 14:18:04.219,2025-09-17 09:28:54.000,No,40.21472,-74.944688,FlexNetId: 50408153,FlexNet900,930.5125 MHz,28,901.8875 MHz
47899,true,,LINE-2232T800,RTM II+,No,FlexNet,Enabled,4110005,No,2026-07-29 09:20:22.198,Normal,2020-08-15 21:32:44.745,2025-09-17 10:05:14.000,No,40.04,-75.12,FlexNetId: 50530295,FlexNet900,930.5125 MHz,26,901.8375 MHz
43241,true,,UPPRPROV-342T2,RTM II+,No,FlexNet,Enabled,4110005,No,2026-07-29 09:15:49.169,Normal,2018-12-07 10:47:01.308,2025-09-17 10:01:11.000,No,40.19555,-75.49394,FlexNetId: 50408353,FlexNet900,930.5125 MHz,57,901.8625 MHz
42554,true,,LOCK-341S1,RTM II+,No,FlexNet,Enabled,4110005,No,2026-07-29 09:11:33.205,Normal,2018-04-13 09:02:34.896,2025-09-17 09:51:02.000,No,40.244117,-75.579596,FlexNetId: 50408544,FlexNet900,930.5125 MHz,21,901.8375 MHz
45068,true,,PLANEBRO-361RS5,RTM II+,No,FlexNet,Enabled,4110005,No,2026-07-29 09:11:15.389,Normal,2019-02-14 09:40:27.751,2025-09-17 10:09:59.000,No,40.033,-75.632,FlexNetId: 50409354,FlexNet900,930.5375 MHz,25,901.8625 MHz
44580,true,,PERKIOME-343S3,RTM II+,No,FlexNet,Enabled,4110005,No,2026-07-29 09:10:18.368,Normal,2019-02-12 11:16:01.982,2025-09-17 10:05:11.000,No,40.238,-75.54,FlexNetId: 50409917,FlexNet900,930.5125 MHz,37,901.8625 MHz
42068,true,,BUCKINGH-362RS1,RTM II+,No,FlexNet,Enabled,4110005,No,2026-07-29 09:19:03.499,Normal,2018-03-26 15:47:29.809,2025-09-17 09:43:57.000,No,40.361,-75.09,FlexNetId: 50408574,FlexNet900,930.5375 MHz,25,901.8375 MHz
45177,true,,PULASKI-138RM2,RTM II+,No,FlexNet,Enabled,4110005,No,2026-07-29 09:16:22.947,Normal,2019-02-19 09:15:48.606,2025-09-17 10:24:46.000,No,40.037,-75.161,FlexNetId: 50410087,FlexNet900,930.5125 MHz,54,901.8375 MHz
48799,true,,BIGOAK-002RS2,RTM II+,No,FlexNet,Enabled,4110005,No,2026-07-29 09:20:47.837,Normal,2020-12-04 15:04:22.470,2025-09-17 10:17:50.000,No,40.2065,-74.8047,FlexNetId: 50530931,FlexNet900,930.5125 MHz,55,901.8625 MHz
52166,true,,BUCKINGH-346S1,RTM II+,No,FlexNet,Enabled,4110005,No,2026-07-29 09:20:21.465,Normal,2023-05-12 07:47:57.702,2025-09-17 09:43:59.000,No,40.3925,-75.1775,FlexNetId: 50532109,FlexNet900,930.5125 MHz,59,901.8625 MHz
47908,true,,CLAY-342R2,RTM II+,No,FlexNet,Enabled,4110005,No,2026-07-29 09:13:57.589,Normal,2020-08-15 21:32:46.946,2025-09-17 09:50:59.000,No,39.7503,-75.8301,FlexNetId: 50530149,FlexNet900,930.5125 MHz,24,901.8375 MHz
43234,true,,PLANEBRO-352T222,RTM II+,No,FlexNet,Enabled,4110005,No,2026-07-29 09:11:58.747,Normal,2018-12-07 10:47:04.441,2025-09-17 10:24:46.000,No,40.03121,-75.61052,FlexNetId: 50408474,FlexNet900,930.5125 MHz,35,901.8375 MHz
42103,true,,HOLMESBU-133RM1,RTM II+,No,FlexNet,Enabled,4110005,No,2026-07-29 09:18:39.498,Normal,2018-03-26 15:47:45.095,2025-09-17 09:49:39.000,No,40.042489,-75.034791,FlexNetId: 50408393,FlexNet900,930.5375 MHz,29,901.8625 MHz
43686,true,,CEDARBRO-134RM1,RTM II+,No,FlexNet,Enabled,4110005,No,2026-07-29 09:13:42.318,Normal,2018-10-30 14:17:06.654,2025-09-17 09:46:01.000,No,40.0622,-75.1736,FlexNetId: 50408117,FlexNet900,930.5375 MHz,22,901.8625 MHz
51241,true,,PULASKI-131S4,RTM II+,No,FlexNet,Enabled,4110005,No,2026-07-29 09:14:42.644,Normal,2022-08-03 07:53:16.656,2025-09-17 09:50:40.000,No,40.0264,-75.1638,FlexNetId: 50532663,FlexNet900,930.5125 MHz,28,901.8375 MHz
42115,true,,NORWALES-361S1,RTM II+,No,FlexNet,Enabled,4110005,No,2026-07-29 09:17:26.623,Normal,2018-03-26 15:47:49.541,2025-09-17 10:00:26.000,No,40.24258,-75.35048,FlexNetId: 50408466,FlexNet900,930.5125 MHz,31,901.8375 MHz
49974,true,,NESHAMIN-144RM3,RTM II+,No,FlexNet,Enabled,4110005,No,2026-07-29 09:20:07.827,Normal,2021-10-08 09:26:25.596,2025-09-17 09:59:24.000,No,40.1498,-74.9472,FlexNetId: 50531677,FlexNet900,930.5125 MHz,20,901.8375 MHz
42572,true,,WARRINGT-341T181,RTM II+,No,FlexNet,Enabled,4110005,No,2026-07-29 09:13:44.484,Normal,2018-04-13 09:02:34.549,2025-09-17 10:24:46.000,No,40.25644,-75.165401,FlexNetId: 50408540,FlexNet900,930.5125 MHz,26,901.8625 MHz
44209,true,,NORWALES-346T744,RTM II+,No,FlexNet,Enabled,4110005,No,2026-07-29 09:06:45.535,Normal,2018-12-13 17:09:16.943,2025-09-17 09:48:08.000,No,40.21098,-75.28039,FlexNetId: 50409510,FlexNet900,930.5375 MHz,19,901.8875 MHz
42564,true,,JARRETT-132T569,RTM II+,No,FlexNet,Enabled,4110005,No,2026-07-29 09:13:42.776,Normal,2018-04-13 09:02:32.165,2025-09-17 09:28:59.000,No,40.183,-75.189,FlexNetId: 50408586,FlexNet900,930.5375 MHz,28,901.8625 MHz
46406,true,Activated,BRYNMAWR-142S1,RTM II+,No,Verizon,Not Applicable,4110005,No,2026-07-29 09:18:41.019,Normal,2019-11-14 11:12:44.488,,,40.018752,-75.28655,IMEI: 353238064048191,Cell_LE910_VER,,-78,
46406,true,Activated,BRYNMAWR-142S1,RTM II+,No,Verizon,Not Applicable,4110005,No,2026-07-29 09:18:41.019,Normal,2019-11-14 11:12:44.488,,,40.018752,-75.28655,ICCID: 89148000002637323426,Cell_LE910_VER,,-78,
45221,true,,WARRINGT-343T3,RTM II+,No,FlexNet,Enabled,4110005,No,2026-07-29 09:17:10.313,Normal,2019-02-19 09:16:04.028,2025-09-17 10:20:24.000,No,40.217837,-75.077283,FlexNetId: 50410071,FlexNet900,930.5125 MHz,22,901.8875 MHz
42389,true,,PLYMOUTH-182RM1,RTM II+,No,FlexNet,Enabled,4110005,No,2026-07-29 09:15:27.605,Normal,2018-03-26 15:47:54.386,2025-09-17 09:30:17.000,No,40.07859,-75.312365,FlexNetId: 50408520,FlexNet900,930.5125 MHz,27,901.8625 MHz
49470,true,,PENCOYD-131T819,RTM II+,No,FlexNet,Enabled,4110005,No,2026-07-29 09:09:45.802,Normal,2021-06-18 09:04:28.186,2025-09-17 10:24:46.000,No,40.021,-75.21,FlexNetId: 50531530,FlexNet900,930.5125 MHz,36,901.8375 MHz
46965,true,,BRYNMAWR-134T50,RTM II+,No,FlexNet,Enabled,4110005,No,2026-07-29 09:06:20.564,Normal,2020-01-05 21:03:49.283,2023-03-01 20:20:07.000,No,40.0456555,-75.3031208,FlexNetId: 50530180,FlexNet900,930.5125 MHz,30,901.8375 MHz
44496,true,,NORWALES-343RM3,RTM II+,No,FlexNet,Enabled,4110005,No,2026-07-29 09:20:35.666,Normal,2019-01-10 14:49:12.311,2025-09-17 10:00:28.000,No,40.250424,-75.363299,FlexNetId: 50409895,FlexNet900,930.5125 MHz,17,901.8375 MHz
45556,true,,LLANERCH-147RM2,RTM II+,No,FlexNet,Enabled,4110005,No,2026-07-29 09:18:55.458,Normal,2019-03-06 17:48:56.928,2025-09-17 09:57:07.000,No,39.946,-75.284,FlexNetId: 50410296,FlexNet900,930.5125 MHz,34,901.8875 MHz
43146,true,,WANEETA-133RM1,RTM II+,No,FlexNet,Enabled,4110005,No,2026-07-29 09:20:46.478,Normal,2018-10-02 13:29:01.590,2025-09-17 09:49:16.000,No,39.987852,-75.126205,FlexNetId: 50408048,FlexNet900,930.5125 MHz,48,901.8625 MHz
45123,true,,PARRISH-141RM5,RTM II+,No,FlexNet,Enabled,4110005,No,2026-07-29 09:20:48.630,Normal,2019-02-14 09:41:06.569,2025-09-17 10:17:50.000,No,39.961225,-75.206669,FlexNetId: 50409988,FlexNet900,930.5375 MHz,33,901.8625 MHz
50448,true,,LINE-1099RM1,RTM II+,No,FlexNet,Enabled,4110005,No,2026-07-29 09:07:17.552,Normal,2021-12-07 09:19:46.842,2025-09-17 09:28:31.000,No,39.98371,-75.161,FlexNetId: 50531903,FlexNet900,930.5125 MHz,32,901.8375 MHz
43019,true,,COOPER-371S1,RTM II+,No,FlexNet,Enabled,4110005,No,2026-07-29 09:20:49.527,Normal,2018-07-17 13:23:13.326,2025-09-17 10:08:46.000,No,39.746777,-76.358213,FlexNetId: 50408102,FlexNet900,930.5125 MHz,76,901.8625 MHz
41372,true,,JENKINTO-132T1,RTM II+,No,FlexNet,Enabled,4110005,No,2026-07-29 09:09:45.356,Normal,2018-03-26 15:47:07.062,2025-09-17 09:51:51.000,No,40.0995,-75.162555,FlexNetId: 50407275,FlexNet900,930.5125 MHz,22,901.8375 MHz
44447,true,,NORPHILA-133T857,RTM II+,No,FlexNet,Enabled,4110005,No,2026-07-29 09:15:35.550,Normal,2019-01-03 15:36:29.006,2025-09-17 09:49:15.000,No,39.996493,-75.149848,FlexNetId: 50409534,FlexNet900,930.5125 MHz,64,901.8375 MHz
45561,true,,UNIVERSI-132RS1,RTM II+,No,FlexNet,Enabled,4110005,No,2026-07-29 09:07:34.874,Normal,2019-03-06 17:48:58.740,2025-09-17 10:16:31.000,No,39.956114,-75.212693,FlexNetId: 50410298,FlexNet900,930.5125 MHz,21,901.8375 MHz
45379,true,,UNIVERSI-132S3,RTM II+,No,FlexNet,Enabled,4110005,No,2026-07-29 09:18:08.435,Normal,2019-10-10 10:10:02.420,2025-09-17 09:59:01.000,No,39.956924,-75.206667,FlexNetId: 50410403,FlexNet900,930.5125 MHz,29,901.8875 MHz
52882,true,,HEATON-136RM1,RTM II+,No,FlexNet,Enabled,4110005,No,2026-07-29 09:20:27.870,Normal,2023-12-11 09:23:23.414,2025-09-17 10:16:30.000,No,40.15094,-75.11685,FlexNetId: 50533248,FlexNet900,930.5125 MHz,14,901.8375 MHz
48129,true,,BUCKINGH-362T765,RTM II+,No,FlexNet,Enabled,4110005,No,2026-07-29 09:11:05.906,Normal,2020-09-22 09:17:08.615,2025-09-17 10:00:30.000,No,40.36,-75.127,FlexNetId: 50530008,FlexNet900,930.5375 MHz,58,901.8625 MHz
51818,true,,WARMINST-141R2,RTM II+,No,FlexNet,Enabled,4110005,No,2026-07-29 09:19:13.996,Normal,2022-12-12 07:40:09.484,2025-09-17 09:49:41.000,No,40.1877,-75.0674,FlexNetId: 50533002,FlexNet900,930.5125 MHz,38,901.8625 MHz
49810,true,,PASSYUNK-137RM2,RTM II+,No,FlexNet,Enabled,4110005,No,2026-07-29 09:20:27.008,Normal,2021-09-15 15:29:20.858,2025-09-17 09:57:34.000,No,39.923,-75.172,FlexNetId: 50531871,FlexNet900,930.5375 MHz,35,901.8375 MHz
51199,true,,BRADFORD-344S1,RTM II+,No,FlexNet,Enabled,4110005,No,2026-07-29 09:09:09.544,Normal,2022-07-20 09:09:26.758,2025-09-17 09:50:20.000,No,39.996621,-75.6442888,FlexNetId: 50532604,FlexNet900,930.5125 MHz,24,901.8375 MHz
44366,true,,BRADFORD-346S1,RTM II+,No,FlexNet,Enabled,4110005,No,2026-07-29 09:09:49.996,Normal,2019-01-03 17:07:18.859,2025-09-17 09:45:43.000,No,39.951372,-75.696047,FlexNetId: 50409310,FlexNet900,930.5125 MHz,80,901.8875 MHz
52447,true,,NORWALES-354S1,RTM II+,No,FlexNet,Enabled,4110005,No,2026-07-29 09:20:07.156,Normal,2023-09-12 09:07:33.413,2025-09-17 09:33:31.000,No,40.25788,-75.26351,FlexNetId: 50533196,FlexNet900,930.5125 MHz,41,901.8375 MHz
46716,true,Activated,BRADFORD-342RS2,RTM II+,No,Verizon,Not Applicable,4110005,No,2026-07-29 09:19:18.499,Normal,2020-01-05 21:19:59.697,,,39.965,-75.714,IMEI: 353238061369434,Cell_LE910_VER,,-71,
46716,true,Activated,BRADFORD-342RS2,RTM II+,No,Verizon,Not Applicable,4110005,No,2026-07-29 09:19:18.499,Normal,2020-01-05 21:19:59.697,,,39.965,-75.714,ICCID: 89148000002637307502,Cell_LE910_VER,,-71,
45384,true,,RICHMOND-132T75,RTM II+,No,FlexNet,Enabled,4110005,No,2026-07-29 09:06:48.933,Normal,2019-04-03 08:30:07.409,2025-09-17 10:08:52.000,No,40.014,-75.088,FlexNetId: 50410423,FlexNet900,930.5125 MHz,13,901.8375 MHz
44603,true,,PLYMOUTH-171RS1,RTM II+,No,FlexNet,Enabled,4110005,No,2026-07-29 09:17:08.122,Normal,2019-02-12 11:16:14.159,2025-09-17 09:55:19.000,No,40.07971,-75.301671,FlexNetId: 50409937,FlexNet900,930.5125 MHz,43,901.8875 MHz
48979,true,,MORRISVI-012RS3,RTM II+,No,FlexNet,Enabled,4110005,No,2026-07-29 09:20:50.394,Normal,2021-01-24 09:14:36.961,2025-09-17 09:56:46.000,No,40.2045,-74.7714,FlexNetId: 50531112,FlexNet900,930.5125 MHz,52,901.8625 MHz
52790,true,,LENAPE-341RS1,RTM II+,No,FlexNet,Enabled,4110005,No,2026-07-29 09:15:33.819,Normal,2023-11-20 12:14:07.089,2025-09-17 09:32:43.000,No,39.8757565,-75.70488,FlexNetId: 50533668,FlexNet900,930.5375 MHz,67,901.8375 MHz
42081,true,,CEDARBRO-131RM1,RTM II+,No,FlexNet,Enabled,4110005,No,2026-07-29 09:20:06.732,Normal,2018-03-26 15:47:35.376,2025-09-17 10:00:00.000,No,40.09694,-75.19602,FlexNetId: 50408428,FlexNet900,930.5375 MHz,28,901.8875 MHz
45107,true,,LLANERCH-162S2,RTM II+,No,FlexNet,Enabled,4110005,No,2026-07-29 09:15:34.763,Normal,2019-02-14 09:40:40.783,2025-09-17 10:06:20.000,No,39.96057,-75.28236,FlexNetId: 50409990,FlexNet900,930.5125 MHz,26,901.8625 MHz
43717,true,,PERKIOME-344T230,RTM II+,No,FlexNet,Enabled,4110005,No,2026-07-29 09:20:03.506,Normal,2018-10-30 14:17:16.013,2025-09-17 09:43:34.000,No,40.180034,-75.453826,FlexNetId: 50408967,FlexNet900,930.5125 MHz,56,901.8375 MHz
51841,true,,TABOR-134S3,RTM II+,No,FlexNet,Enabled,4110005,No,2026-07-29 09:06:42.962,Normal,2023-01-12 09:19:27.942,2025-09-17 09:43:58.000,No,40.048313,-75.148407,FlexNetId: 50532928,FlexNet900,930.5125 MHz,32,901.8875 MHz
33099,true,,HEATON-169RM1,RTM II+,No,FlexNet,Enabled,4110005,No,2026-07-29 09:18:50.858,Normal,2015-06-23 08:45:16.163,2025-09-17 09:59:23.000,No,40.1344,-75.1499,FlexNetId: 50403707,FlexNet900,930.5375 MHz,20,901.8875 MHz
43903,true,,NESHAMIN-134T1,RTM II+,No,FlexNet,Enabled,4110005,No,2026-07-29 09:19:47.990,Normal,2019-02-17 08:54:10.055,2025-09-17 10:05:16.000,No,40.1098,-74.9361,FlexNetId: 50409074,FlexNet900,930.5125 MHz,33,901.8375 MHz
46426,true,,MIDWAY-134T231,RTM II+,No,FlexNet,Enabled,4110005,No,2026-07-29 09:17:45.306,Normal,2019-09-03 12:47:55.088,2025-09-17 10:13:02.000,No,40.150421,-74.894687,FlexNetId: 50410841,FlexNet900,930.5375 MHz,31,901.8875 MHz
49564,true,,FORREST-004RS1,RTM II+,No,FlexNet,Enabled,4110005,No,2026-07-29 09:19:56.679,Normal,2021-07-22 09:40:20.517,2025-09-17 10:06:12.000,No,40.12,-75.3611,FlexNetId: 50531575,FlexNet900,930.5125 MHz,52,901.8375 MHz
42973,true,,BYBERRY-135RS3,RTM II+,No,FlexNet,Enabled,4110005,No,2026-07-29 09:12:36.541,Normal,2018-07-17 13:22:57.117,2025-09-17 09:43:35.000,No,40.12,-75.036,FlexNetId: 50408130,FlexNet900,930.5375 MHz,23,901.8625 MHz
40193,true,,PARRISH-135RM2,RTM II+,No,FlexNet,Enabled,4110005,No,2026-07-29 09:16:18.997,Normal,2017-10-10 09:09:46.523,2025-09-17 10:10:03.000,No,39.966667,-75.240444,FlexNetId: 50406438,FlexNet900,930.5375 MHz,32,901.8625 MHz
43217,true,,PLANEBRO-347RM1,RTM II+,No,FlexNet,Enabled,4110005,No,2026-07-29 09:12:32.534,Normal,2019-02-13 12:25:57.584,2025-09-17 09:56:05.000,No,40.05616,-75.51623,FlexNetId: 50408328,FlexNet900,930.5125 MHz,28,901.8375 MHz
42077,true,,PASSYUNK-133S1,RTM II+,No,FlexNet,Enabled,4110005,No,2026-07-29 09:20:07.252,Normal,2018-03-26 15:47:33.498,2025-09-17 09:43:34.000,No,39.924,-75.178,FlexNetId: 50408568,FlexNet900,930.5125 MHz,34,901.8375 MHz
44796,true,,CRESCENT-136S5,RTM II+,No,FlexNet,Enabled,4110005,No,2026-07-29 09:18:06.177,Normal,2019-02-12 11:18:39.321,2025-09-17 10:13:09.000,No,40.025,-75.082,FlexNetId: 50409640,FlexNet900,930.5375 MHz,35,901.8625 MHz
46818,true,,HEATON-164T302,RTM II+,No,FlexNet,Enabled,4110005,No,2026-07-29 09:17:43.928,Normal,2019-12-10 09:34:57.960,2025-09-17 09:58:59.000,No,40.1507,-75.0585,FlexNetId: 50410762,FlexNet900,930.5125 MHz,49,901.8625 MHz
46208,true,,LLANERCH-147T440,RTM II+,No,FlexNet,Enabled,4110005,No,2026-07-29 09:14:27.665,Normal,2019-07-22 11:09:20.817,2025-09-17 10:16:33.000,No,39.936,-75.289,FlexNetId: 50410713,FlexNet900,930.5125 MHz,22,901.8375 MHz
53900,true,,ELMWOOD-132T954,RTMx,No,FlexNet,Enabled,4110005,No,2026-07-29 09:19:06.476,Normal,2024-09-06 10:10:05.862,2025-09-17 09:33:31.000,No,39.9278913,-75.2405039,FlexNetId: 50480591,FlexNet900K24,930.5375 MHz,38,901.8375 MHz
30657,true,,LENAPE-343R3,RTM II+,No,FlexNet,Enabled,4110005,No,2026-07-29 09:20:26.583,Normal,2018-06-27 12:35:52.503,2025-09-17 10:02:19.000,No,39.9273,-75.5603,FlexNetId: 50402578,FlexNet900,930.5125 MHz,21,901.8375 MHz
43909,true,,CEDARBRO-134S1,RTM II+,No,FlexNet,Enabled,4110005,No,2026-07-29 09:10:53.409,Normal,2019-02-17 08:53:50.446,2025-09-17 09:59:38.000,No,40.05817,-75.169545,FlexNetId: 50409051,FlexNet900,930.5375 MHz,31,901.8375 MHz
42557,true,,LLANERCH-136T273,RTM II+,No,FlexNet,Enabled,4110005,No,2026-07-29 09:13:21.005,Normal,2018-04-13 09:02:59.968,2025-09-17 09:28:56.000,No,39.95586,-75.34059,FlexNetId: 50408582,FlexNet900,930.5125 MHz,42,901.8875 MHz
40373,true,,WOODBOUR-352RM5,RTM II+,No,FlexNet,Enabled,4110005,No,2026-07-29 09:19:17.322,Normal,2017-10-24 06:24:05.120,2025-09-17 09:50:59.000,No,40.240279,-74.846654,FlexNetId: 50406694,FlexNet900,930.5375 MHz,41,901.8625 MHz
44685,true,,BUCKINGH-361RM3,RTM II+,No,FlexNet,Enabled,4110005,No,2026-07-29 09:12:49.814,Normal,2019-02-12 11:16:52.251,2025-09-17 09:59:22.000,No,40.325,-75.066,FlexNetId: 50409693,FlexNet900,930.5125 MHz,39,901.8625 MHz
45517,true,,LINE-10900R1,RTM II+,No,FlexNet,Enabled,4110005,No,2026-07-29 09:15:51.687,Normal,2019-03-06 17:48:41.461,2025-09-17 10:13:09.000,No,40.152442,-75.005522,FlexNetId: 50410299,FlexNet900,930.5125 MHz,28,901.8375 MHz
45149,true,,CLAY-352T77,RTM II+,No,FlexNet,Enabled,4110005,No,2026-07-29 09:20:32.780,Normal,2019-02-19 09:15:38.344,2025-09-17 10:08:12.000,No,39.805043,-75.745588,FlexNetId: 50410212,FlexNet900,930.5125 MHz,53,901.8375 MHz
45130,true,,PLYMOUTH-172S1,RTM II+,No,FlexNet,Enabled,4110005,No,2026-07-29 09:20:12.287,Normal,2019-02-19 09:16:16.608,2025-09-17 09:59:23.000,No,40.07257,-75.301684,FlexNetId: 50410033,FlexNet900,930.5125 MHz,37,901.8875 MHz
43257,true,,LINE-3335S2,RTM II+,No,FlexNet,Enabled,4110005,No,2026-07-29 09:18:07.197,Normal,2018-12-07 14:59:28.235,2025-09-17 09:44:19.000,No,39.924414,-75.260547,FlexNetId: 50408704,FlexNet900,930.5375 MHz,29,901.8625 MHz
53609,true,,HEATON-167RM1,RTMx,No,FlexNet,Enabled,4110005,No,2026-07-29 09:11:38.541,Normal,2024-08-27 14:42:56.879,2025-09-17 09:33:00.000,No,40.1462,-75.0843,FlexNetId: 50480512,FlexNet900K24,930.5375 MHz,27,901.8625 MHz
43005,true,,COOPER-353R1,RTM II+,No,FlexNet,Enabled,4110005,No,2026-07-29 09:17:35.750,Normal,2018-07-17 13:23:08.546,2025-09-17 09:44:38.000,No,39.740205,-76.324517,FlexNetId: 50408482,FlexNet900,930.5125 MHz,44,901.8375 MHz
46900,true,,LINE-600T947,RTM II+,No,FlexNet,Enabled,4110005,No,2026-07-29 09:09:40.206,Normal,2020-01-05 21:03:35.627,2025-09-17 10:24:46.000,No,40.157,-75.375,FlexNetId: 50410649,FlexNet900,930.5375 MHz,42,901.8875 MHz
44354,true,,BRADFORD-344RM5,RTM II+,No,FlexNet,Enabled,4110005,No,2026-07-29 09:06:44.427,Normal,2019-01-03 17:07:14.643,2025-09-17 09:46:02.000,No,40.033048,-75.67788,FlexNetId: 50409450,FlexNet900,930.5125 MHz,27,901.8625 MHz
51250,true,,WHITEMAR-161S1,RTM II+,No,FlexNet,Enabled,4110005,No,2026-07-29 09:06:31.705,Normal,2022-08-04 09:21:06.508,2025-09-17 09:50:38.000,No,40.15216,-75.22276,FlexNetId: 50532508,FlexNet900,930.5125 MHz,85,901.8375 MHz
42939,true,,NEWLINVI-344T97,RTM II+,No,FlexNet,Enabled,4110005,No,2026-07-29 09:08:23.034,Normal,2018-07-17 13:22:45.593,2025-09-17 09:43:55.000,No,39.995273,-75.87994,FlexNetId: 50408076,FlexNet900,930.5375 MHz,22,901.8625 MHz
42961,true,,BUCKINGH-341T1256,RTM II+,No,FlexNet,Enabled,4110005,No,2026-07-29 09:15:19.196,Normal,2018-07-17 13:22:52.974,2025-09-17 09:54:52.000,No,40.250058,-75.089506,FlexNetId: 50408065,FlexNet900,930.5125 MHz,21,901.8375 MHz
42955,true,,LENAPE-344S2,RTM II+,No,FlexNet,Enabled,4110005,No,2026-07-29 09:15:39.771,Normal,2018-07-17 13:22:50.920,2025-09-17 09:28:54.000,No,39.938866,-75.590483,FlexNetId: 50408253,FlexNet900,930.5125 MHz,25,901.8375 MHz
43151,true,,BLUEGRAS-137T445,RTM II+,No,FlexNet,Enabled,4110005,No,2026-07-29 09:09:25.622,Normal,2018-10-02 13:29:03.162,2025-09-17 10:00:30.000,No,40.07195,-74.9876,FlexNetId: 50408215,FlexNet900,930.5125 MHz,31,901.8625 MHz
46741,true,,NORWALES-351T3,RTM II+,No,FlexNet,Enabled,4110005,No,2026-07-29 09:09:59.130,Normal,2019-12-12 09:46:22.388,2025-09-17 09:30:17.000,No,40.2079,-75.2245,FlexNetId: 50410676,FlexNet900,930.5375 MHz,29,901.8875 MHz
44174,true,,BETZWOOD-342T135,RTM II+,No,FlexNet,Enabled,4110005,No,2026-07-29 09:06:58.143,Normal,2018-12-13 17:09:44.924,2025-09-17 09:46:02.000,No,40.121422,-75.423462,FlexNetId: 50408933,FlexNet900,930.5375 MHz,8,901.8375 MHz
43609,true,,BRADFORD-342R1,RTM II+,No,FlexNet,Enabled,4110005,No,2026-07-29 09:18:22.573,Normal,2018-10-30 14:16:57.661,2025-09-17 09:43:37.000,No,39.980628,-75.734236,FlexNetId: 50408738,FlexNet900,930.5125 MHz,20,901.8375 MHz
45624,true,,LOCK-341S3,RTM II+,No,FlexNet,Enabled,4110005,No,2026-07-29 09:13:00.725,Normal,2019-04-04 14:20:03.961,2024-10-11 10:08:22.000,No,40.207,-75.587,FlexNetId: 50410256,FlexNet900,930.5125 MHz,25,901.8375 MHz
48772,true,,MACDADE-135T35,RTM II+,No,FlexNet,Enabled,4110005,No,2026-07-29 09:12:26.928,Normal,2020-12-02 10:01:27.100,2025-09-17 10:04:21.000,No,39.8826,-75.3064,FlexNetId: 50530916,FlexNet900,930.5125 MHz,24,901.8625 MHz
47890,true,,COLWYN-132T791,RTM II+,No,FlexNet,Enabled,4110005,No,2026-07-29 09:09:36.085,Normal,2020-08-15 21:32:52.774,2025-09-17 10:05:09.000,No,39.9114,-75.2687,FlexNetId: 50530302,FlexNet900,930.5125 MHz,58,901.8375 MHz
53505,true,,PULASKI-133S5,RTM II+,No,FlexNet,Enabled,4110005,No,2026-07-29 09:17:43.591,Normal,2024-06-07 13:16:44.064,2025-09-17 10:17:04.000,No,40.05227,-75.15972,FlexNetId: 50534106,FlexNet900,930.5125 MHz,21,901.8375 MHz
42985,true,,COOPER-354T265,RTM II+,No,FlexNet,Enabled,4110005,No,2026-07-29 09:20:52.408,Normal,2018-07-17 13:23:01.394,2025-09-17 09:30:20.000,No,39.749539,-76.333361,FlexNetId: 50408494,FlexNet900,930.5125 MHz,52,901.8375 MHz
31453,true,,NORWALES-363RM3,RTM II+,No,FlexNet,Enabled,4110005,No,2026-07-29 09:20:17.084,Normal,2019-09-03 13:19:46.321,2025-09-17 10:13:02.000,No,40.19,-75.328,FlexNetId: 50403233,FlexNet900,930.5375 MHz,36,901.8625 MHz
46820,true,,WARMINST-161S1,RTM II+,No,FlexNet,Enabled,4110005,No,2026-07-29 09:10:40.062,Normal,2019-12-10 09:34:38.283,2025-09-17 10:24:46.000,No,40.194,-75.058,FlexNetId: 50410599,FlexNet900,930.5375 MHz,23,901.8375 MHz
47758,true,,EMILIE-134RM1,RTM II+,No,FlexNet,Enabled,4110005,No,2026-07-29 09:18:01.310,Normal,2020-08-13 09:23:41.113,2025-09-17 09:45:02.000,No,40.106,-74.865,FlexNetId: 50530537,FlexNet900,930.5125 MHz,26,901.8375 MHz
45026,true,,SOUTHWAR-141RM2,RTM II+,No,FlexNet,Enabled,4110005,No,2026-07-29 09:17:37.130,Normal,2019-02-14 09:40:13.028,2025-09-17 10:05:12.000,No,39.931074,-75.15158,FlexNetId: 50409380,FlexNet900,930.5375 MHz,40,901.8625 MHz
43275,true,,HEATON-148T182,RTM II+,No,FlexNet,Enabled,4110005,No,2026-07-29 09:15:31.544,Normal,2018-11-27 10:03:19.611,2025-09-17 09:30:17.000,No,40.182365,-75.11528,FlexNetId: 50408473,FlexNet900,930.5125 MHz,20,901.8375 MHz
45377,true,,JENKINTO-146T498,RTM II+,No,FlexNet,Enabled,4110005,No,2026-07-29 09:08:50.861,Normal,2019-04-03 08:30:04.629,2025-09-17 10:24:46.000,No,40.103309,-75.142207,FlexNetId: 50410058,FlexNet900,930.5375 MHz,54,901.8625 MHz
50788,true,,WARRINGT-361RS4,RTM II+,No,FlexNet,Enabled,4110005,No,2026-07-29 09:15:23.473,Normal,2022-04-21 10:14:45.524,2025-09-17 09:30:41.000,No,40.2435,-75.0912,FlexNetId: 50531932,FlexNet900,930.5125 MHz,38,901.8375 MHz
45621,true,,LINE-11600T359,RTM II+,No,FlexNet,Enabled,4110005,No,2026-07-29 09:16:38.015,Normal,2019-04-04 14:20:08.972,2025-09-17 10:13:06.000,No,39.965,-75.419,FlexNetId: 50410260,FlexNet900,930.5375 MHz,15,901.8375 MHz
49820,true,,LLANERCH-141RM1,RTM II+,No,FlexNet,Enabled,4110005,No,2026-07-29 09:16:03.482,Normal,2021-09-15 15:29:08.938,2025-09-17 09:51:50.000,No,39.9712,-75.3258,FlexNetId: 50531504,FlexNet900,930.5125 MHz,41,901.8625 MHz
43207,true,,HEATON-133T336,RTM II+,No,FlexNet,Enabled,4110005,No,2026-07-29 09:16:46.293,Normal,2018-11-12 11:56:44.631,2025-09-17 09:44:20.000,No,40.132816,-75.130771,FlexNetId: 50408306,FlexNet900,930.5375 MHz,26,901.8625 MHz
45035,true,,BURHOLME-133RS3,RTM II+,No,FlexNet,Enabled,4110005,No,2026-07-29 09:19:09.989,Normal,2019-02-14 09:40:41.550,2025-09-17 10:09:57.000,No,40.032,-75.068,FlexNetId: 50409332,FlexNet900,930.5125 MHz,43,901.8625 MHz
41377,true,,NEWSQUA-136RM1,RTM II+,No,FlexNet,Enabled,4110005,No,2026-07-29 09:17:46.769,Normal,2018-03-26 15:47:09.056,2025-09-17 09:58:13.000,No,39.99841185,-75.35460824,FlexNetId: 50407669,FlexNet900,930.5125 MHz,22,901.8625 MHz
44755,true,,LINE-2345T741,RTM II+,No,FlexNet,Enabled,4110005,No,2026-07-29 09:18:24.311,Normal,2019-10-09 09:44:29.203,2025-09-17 09:30:41.000,No,40.0346,-75.0386,FlexNetId: 50409622,FlexNet900,930.5125 MHz,41,901.8375 MHz
44594,true,,SAVILLE-130T402,RTM II+,No,FlexNet,Enabled,4110005,No,2026-07-29 09:12:57.195,Normal,2019-02-12 11:16:09.672,2025-09-17 10:05:12.000,No,39.8416,-75.3722,FlexNetId: 50409780,FlexNet900,930.5125 MHz,49,901.8375 MHz
43911,true,,ANGORA-131T3,RTM II+,No,FlexNet,Enabled,4110005,No,2026-07-29 09:16:39.218,Normal,2019-02-17 08:53:50.784,2025-09-17 10:08:10.000,No,39.959511,-75.22754,FlexNetId: 50409061,FlexNet900,930.5125 MHz,29,901.8625 MHz
44590,true,,CRESCENT-140RM1,RTM II+,No,FlexNet,Enabled,4110005,No,2026-07-29 09:11:58.926,Normal,2019-02-12 11:16:07.536,2025-09-17 10:01:58.000,No,40.032962,-75.106952,FlexNetId: 50409755,FlexNet900,930.5375 MHz,72,901.8625 MHz
42980,true,,LLANERCH-147T46,RTM II+,No,FlexNet,Enabled,4110005,No,2026-07-29 09:08:45.850,Normal,2018-07-17 13:22:59.550,2025-09-17 09:45:21.000,No,39.9370133,-75.2863617,FlexNetId: 50408095,FlexNet900,930.5375 MHz,33,901.8375 MHz
45490,true,,LLANERCH-163RM1,RTM II+,No,FlexNet,Enabled,4110005,No,2026-07-29 09:18:02.956,Normal,2019-03-06 17:48:30.800,2025-09-17 10:04:31.000,No,40.003568,-75.287483,FlexNetId: 50410360,FlexNet900,930.5375 MHz,9,901.8875 MHz
42108,true,,BELLEVUE-133S2,RTM II+,No,FlexNet,Enabled,4110005,No,2026-07-29 09:20:05.150,Normal,2018-03-26 15:47:46.685,2024-10-08 13:10:20.000,No,40.16591,-75.954942,FlexNetId: 50408514,FlexNet900,930.5375 MHz,17,901.8875 MHz
43656,true,,FOULK-143S2,RTM II+,No,FlexNet,Enabled,4110005,No,2026-07-29 09:18:53.586,Normal,2018-10-05 14:49:21.416,2025-09-17 09:45:40.000,No,39.835554,-75.473041,FlexNetId: 50408806,FlexNet900,930.5125 MHz,27,901.8875 MHz
42128,true,,MORTON-142S2,RTM II+,No,FlexNet,Enabled,4110005,No,2026-07-29 09:09:34.555,Normal,2018-04-13 09:39:44.290,2025-09-17 10:00:03.000,No,39.900156,-75.346771,FlexNetId: 50408463,FlexNet900,930.5375 MHz,27,901.8875 MHz
48994,true,,CALLOWHI-136RM2,RTM II+,No,FlexNet,Enabled,4110005,No,2026-07-29 09:13:26.890,Normal,2021-01-24 09:14:21.630,2025-09-17 10:08:46.000,No,39.9641,-75.1493,FlexNetId: 50531106,FlexNet900,930.5375 MHz,30,901.8625 MHz
47193,true,,NORWALES-353RM4,RTM II+,No,FlexNet,Enabled,4110005,No,2026-07-29 09:12:41.857,Normal,2020-02-25 09:05:51.316,2025-09-17 10:05:16.000,No,40.1631,-75.2952,FlexNetId: 50530681,FlexNet900,930.5125 MHz,22,901.8875 MHz
42916,true,,NEWLINVI-341T70,RTM II+,No,FlexNet,Enabled,4110005,No,2026-07-29 09:17:46.556,Normal,2018-06-21 10:31:10.105,2025-09-17 09:28:58.000,No,39.9865,-75.7922,FlexNetId: 50408346,FlexNet900,930.5125 MHz,39,901.8625 MHz
43627,true,,LINTON-341T238,RTM II+,No,FlexNet,Enabled,4110005,No,2026-07-29 09:10:15.638,Normal,2018-10-05 14:49:12.165,2025-09-17 10:24:46.000,No,40.268091,-74.866739,FlexNetId: 50408800,FlexNet900,930.5125 MHz,29,901.8875 MHz
46744,true,,TACONY-134T715,RTM II+,No,FlexNet,Enabled,4110005,No,2026-07-29 09:10:26.092,Normal,2019-12-12 09:46:23.261,2025-09-17 09:58:15.000,No,40.016,-75.076,FlexNetId: 50530384,FlexNet900,930.5375 MHz,32,901.8625 MHz
45565,true,,NEWLINVI-354RS7,RTM II+,No,FlexNet,Enabled,4110005,No,2026-07-29 09:17:08.946,Normal,2019-03-06 17:49:00.143,2025-09-17 09:56:06.000,No,39.941,-75.913,FlexNetId: 50410310,FlexNet900,930.5375 MHz,35,901.8875 MHz
49444,true,,LINE-2025RM1,RTM II+,No,FlexNet,Enabled,4110005,No,2026-07-29 09:07:08.381,Normal,2021-06-18 09:03:18.955,2025-09-17 10:00:01.000,No,39.9148,-75.1773,FlexNetId: 50531536,FlexNet900,930.5125 MHz,54,901.8625 MHz
51211,true,,GAP-000RS1,RTM II+,No,FlexNet,Enabled,4110005,No,2026-07-29 09:20:48.145,Normal,2022-07-20 09:09:28.498,2025-09-17 09:51:02.000,No,39.9693,-75.8191,FlexNetId: 50532403,FlexNet900,930.5125 MHz,45,901.8625 MHz
48986,true,,WOODBOUR-353R1,RTM II+,No,FlexNet,Enabled,4110005,No,2026-07-29 09:20:27.569,Normal,2021-01-24 09:14:19.727,2025-09-17 09:59:38.000,No,40.2052,-74.9492,FlexNetId: 50531071,FlexNet900,930.5125 MHz,27,901.8875 MHz
42772,true,,WARRINGT-363RS1,RTM II+,No,FlexNet,Enabled,4110005,No,2026-07-29 09:15:58.747,Normal,2018-05-11 12:14:11.311,2025-09-17 10:13:10.000,No,40.24708885,-75.15189969,FlexNetId: 50408036,FlexNet900,930.5125 MHz,22,901.8375 MHz
51245,true,,LINE-1093T1348,RTM II+,No,FlexNet,Enabled,4110005,No,2026-07-29 09:17:25.581,Normal,2022-08-03 07:45:09.387,2025-09-17 09:50:42.000,No,40.0225,-75.1579,FlexNetId: 50532631,FlexNet900,930.5125 MHz,32,901.8375 MHz
48816,true,,CONCORD-354RS6,RTM II+,No,FlexNet,Enabled,4110005,No,2026-07-29 09:20:09.811,Normal,2020-12-03 12:46:28.494,2025-09-17 09:59:20.000,No,39.8434,-75.5157,FlexNetId: 50530958,FlexNet900,930.5375 MHz,35,901.8875 MHz
43305,true,,WARMINST-172RM2,RTM II+,No,FlexNet,Enabled,4110005,No,2026-07-29 09:07:31.572,Normal,2018-09-18 10:17:01.914,2025-09-17 09:28:55.000,No,40.191147,-75.08884,FlexNetId: 50408865,FlexNet900,930.5125 MHz,15,901.8375 MHz
44758,true,,MACDADE-145S2,RTM II+,No,FlexNet,Enabled,4110005,No,2026-07-29 09:19:32.340,Normal,2019-02-12 11:17:26.598,2025-09-17 10:16:27.000,No,39.886,-75.309,FlexNetId: 50409647,FlexNet900,930.5375 MHz,37,901.8875 MHz
52434,true,,BRADFORD-344RM4,RTM II+,No,FlexNet,Enabled,4110005,No,2026-07-29 09:15:55.994,Normal,2023-09-12 09:07:31.286,2025-09-17 09:30:40.000,No,40.02197,-75.68141,FlexNetId: 50533180,FlexNet900,930.5125 MHz,43,901.8375 MHz
48765,true,,DOYLESTO-004RS3,RTM II+,No,FlexNet,Enabled,4110005,No,2026-07-29 09:18:45.916,Normal,2020-12-02 10:01:25.711,2025-09-17 10:04:18.000,No,40.3044,-75.1347,FlexNetId: 50530918,FlexNet900,930.5125 MHz,76,901.8875 MHz
46819,true,,HEATON-164T304,RTM II+,No,FlexNet,Enabled,4110005,No,2026-07-29 09:17:37.651,Normal,2019-12-10 09:35:02.982,2025-09-17 10:02:19.000,No,40.185,-75.036,FlexNetId: 50410759,FlexNet900,930.5125 MHz,39,901.8875 MHz
52845,true,,JENKINTO-136T114,RTM II+,No,FlexNet,Enabled,4110005,No,2026-07-29 09:11:16.069,Normal,2023-12-11 09:22:21.342,2025-09-17 10:17:04.000,No,40.127879,-75.147347,FlexNetId: 50533320,FlexNet900,930.5375 MHz,32,901.8375 MHz
44583,true,,ELMWOOD-133T475,RTM II+,No,FlexNet,Enabled,4110005,No,2026-07-29 09:09:32.515,Normal,2019-02-12 11:16:49.004,2025-09-17 10:05:12.000,No,39.921475,-75.224761,FlexNetId: 50409762,FlexNet900,930.5375 MHz,28,901.8625 MHz
47834,true,,HEATON-131RM1,RTM II+,No,FlexNet,Enabled,4110005,No,2026-07-29 09:20:34.508,Normal,2020-08-15 21:30:06.854,2025-09-17 10:24:46.000,No,40.153,-75.136,FlexNetId: 50530543,FlexNet900,930.5375 MHz,29,901.8625 MHz
44673,true,,MACDADE-134S5,RTM II+,No,FlexNet,Enabled,4110005,No,2026-07-29 09:07:08.062,Normal,2019-02-12 11:16:46.532,2025-09-17 10:09:53.000,No,39.911,-75.2637,FlexNetId: 50409819,FlexNet900,930.5125 MHz,34,901.8875 MHz
51175,true,,MACDADE-143T19,RTM II+,No,FlexNet,Enabled,4110005,No,2026-07-29 09:06:47.099,Normal,2022-07-21 14:52:23.676,2025-09-17 09:49:41.000,No,39.8859,-75.3008,FlexNetId: 50532532,FlexNet900,930.5125 MHz,29,901.8375 MHz
51827,true,,GRAYSFER-141S2,RTM II+,No,FlexNet,Enabled,4110005,No,2026-07-29 09:15:29.318,Normal,2022-12-15 07:27:55.117,2025-09-17 10:24:46.000,No,39.9422,-75.1708,FlexNetId: 50532918,FlexNet900,930.5375 MHz,38,901.8375 MHz
45522,true,,CALLOWHI-132T904,RTM II+,No,FlexNet,Enabled,4110005,No,2026-07-29 09:15:19.304,Normal,2019-03-06 17:48:43.491,2025-09-17 10:24:46.000,No,39.969,-75.179,FlexNetId: 50410333,FlexNet900,930.5125 MHz,44,901.8625 MHz
46880,true,,CEDARBRO-138RS4,RTM II+,No,FlexNet,Enabled,4110005,No,2026-07-29 09:15:50.212,Normal,2020-01-05 21:03:31.212,2025-09-17 10:24:46.000,No,40.054,-75.178,FlexNetId: 50410629,FlexNet900,930.5125 MHz,32,901.8625 MHz
45553,true,,CHICHEST-133S2,RTM II+,No,FlexNet,Enabled,4110005,No,2026-07-29 09:16:16.245,Normal,2019-03-06 17:48:55.824,2025-09-17 10:24:47.000,No,39.84609,-75.42919,FlexNetId: 50410232,FlexNet900,930.5125 MHz,36,901.8625 MHz
42113,true,,HEATON-166T326,RTM II+,No,FlexNet,Enabled,4110005,No,2026-07-29 09:19:28.982,Normal,2018-03-26 15:47:48.689,2025-09-17 09:50:41.000,No,40.145925,-75.168936,FlexNetId: 50408461,FlexNet900,930.5375 MHz,31,901.8625 MHz
51740,true,,LINE-1080S1,RTM II+,No,FlexNet,Enabled,4110005,No,2026-07-29 09:20:05.707,Normal,2022-11-17 07:08:07.817,2025-09-17 09:29:38.000,No,40.018874,-75.211371,FlexNetId: 50532873,FlexNet900,930.5125 MHz,39,901.8375 MHz
42984,true,,BRYNMAWR-131RM2,RTM II+,No,FlexNet,Enabled,4110005,No,2026-07-29 09:16:16.346,Normal,2018-07-17 13:23:01.012,2025-09-17 09:45:40.000,No,40.013615,-75.326456,FlexNetId: 50408104,FlexNet900,930.5125 MHz,66,901.8625 MHz
44631,true,,UPPRPROV-351R5,RTM II+,No,FlexNet,Enabled,4110005,No,2026-07-29 09:13:36.887,Normal,2019-02-12 11:16:26.978,2025-09-17 10:04:18.000,No,40.22629,-75.55148,FlexNetId: 50409781,FlexNet900,930.5125 MHz,23,901.8625 MHz
51837,true,,BLUEGRAS-131RM1,RTM II+,No,FlexNet,Enabled,4110005,No,2026-07-29 09:12:05.658,Normal,2023-01-12 09:19:27.280,2025-09-17 09:43:58.000,No,40.06812,-75.02983,FlexNetId: 50532872,FlexNet900,930.5125 MHz,20,901.8375 MHz
43952,true,,LENAPE-341T146,RTM II+,No,FlexNet,Enabled,4110005,No,2026-07-29 09:13:47.083,Normal,2018-11-12 10:54:15.348,2025-09-17 09:43:37.000,No,39.84361,-75.70352,FlexNetId: 50409172,FlexNet900,930.5125 MHz,38,901.8625 MHz
44682,true,,JENKINTO-140S2,RTM II+,No,FlexNet,Enabled,4110005,No,2026-07-29 09:19:09.535,Normal,2019-02-12 11:16:50.844,2025-09-17 09:56:46.000,No,40.121,-75.131,FlexNetId: 50409828,FlexNet900,930.5375 MHz,21,901.8875 MHz
43227,true,,LINE-13900RM1,RTM II+,No,FlexNet,Enabled,4110005,No,2026-07-29 09:13:57.071,Normal,2019-02-13 12:25:45.237,2025-09-17 10:00:49.000,No,40.04144,-75.5181,FlexNetId: 50408296,FlexNet900,930.5125 MHz,41,901.8875 MHz
43595,true,,NEWSQUA-133T102,RTM II+,No,FlexNet,Enabled,4110005,No,2026-07-29 09:10:43.512,Normal,2018-10-30 14:16:52.624,2025-09-17 09:41:30.000,No,40.038843,-75.430702,FlexNetId: 50408743,FlexNet900,930.5375 MHz,17,901.8875 MHz
49816,true,,ANGORA-131T1,RTM II+,No,FlexNet,Enabled,4110005,No,2026-07-29 09:15:23.311,Normal,2021-09-15 15:29:09.761,2025-09-17 09:57:54.000,No,39.9616,-75.2442,FlexNetId: 50531874,FlexNet900,930.5125 MHz,36,901.8625 MHz
41385,true,,BALA-133S3,RTM II+,No,FlexNet,Enabled,4110005,No,2026-07-29 09:13:19.334,Normal,2018-03-26 15:47:10.780,2025-09-17 09:50:38.000,No,40.005499,-75.240222,FlexNetId: 50407285,FlexNet900,930.5375 MHz,35,901.8875 MHz
44676,true,,TUNA-133RM1,RTM II+,No,FlexNet,Enabled,4110005,No,2026-07-29 09:20:28.708,Normal,2019-02-12 11:16:47.958,2025-09-17 09:45:01.000,No,39.974,-75.137,FlexNetId: 50409831,FlexNet900,930.5375 MHz,25,901.8875 MHz
44389,true,,WOODBOUR-341RM3,RTM II+,No,FlexNet,Enabled,4110005,No,2026-07-29 09:12:45.105,Normal,2019-02-07 15:32:25.662,2025-09-17 09:58:15.000,No,40.205,-74.879,FlexNetId: 50409556,FlexNet900,930.5125 MHz,28,901.8375 MHz
45034,true,,LINE-16100RM1,RTM II+,No,FlexNet,Enabled,4110005,No,2026-07-29 09:19:22.194,Normal,2019-02-14 09:40:16.014,2025-09-17 09:56:01.000,No,39.868886,-75.65131,FlexNetId: 50409398,FlexNet900,930.5125 MHz,77,901.8625 MHz
49275,true,,PARRISH-133S1,RTM II+,No,FlexNet,Enabled,4110005,No,2026-07-29 09:15:42.115,Normal,2021-04-18 10:04:19.585,2025-09-17 10:09:59.000,No,39.976,-75.228,FlexNetId: 50530993,FlexNet900,930.5125 MHz,28,901.8625 MHz
51437,true,,HARTMAN-351T959,RTM II+,No,FlexNet,Enabled,4110005,No,2026-07-29 09:19:03.824,Normal,2022-10-11 07:28:10.927,2025-09-17 09:49:42.000,No,40.2493,-75.1698,FlexNetId: 50532311,FlexNet900,930.5125 MHz,42,901.8375 MHz
50864,true,,LINE-2409T718,RTM II+,No,FlexNet,Enabled,4110005,No,2026-07-29 09:19:40.450,Normal,2022-06-23 10:28:35.129,2025-09-17 09:30:43.000,No,39.94127,-75.16159,FlexNetId: 50532178,FlexNet900,930.5125 MHz,40,901.8875 MHz
44346,true,,LINE-12900RM1,RTM II+,No,FlexNet,Enabled,4110005,No,2026-07-29 09:12:18.664,Normal,2019-01-03 17:07:11.964,2025-09-17 09:48:09.000,No,40.1931365,-74.850586,FlexNetId: 50409577,FlexNet900,930.5375 MHz,30,901.8625 MHz
47790,true,,FLINT-131T1,RTM II+,No,FlexNet,Enabled,4110005,No,2026-07-29 09:16:47.110,Normal,2020-08-13 09:23:45.102,2025-09-17 09:55:39.000,No,40.08,-75.331,FlexNetId: 50530665,FlexNet900,930.5125 MHz,51,901.8375 MHz
43944,true,,NORWALES-352T192,RTM II+,No,FlexNet,Enabled,4110005,No,2026-07-29 09:16:15.789,Normal,2018-11-12 10:54:27.692,2025-09-17 09:43:37.000,No,40.240763,-75.335431,FlexNetId: 50409036,FlexNet900,930.5125 MHz,20,901.8875 MHz
43776,true,,BETZWOOD-341R3,RTM II+,No,FlexNet,Enabled,4110005,No,2026-07-29 09:07:33.146,Normal,2019-01-10 14:27:16.456,2025-09-17 09:45:44.000,No,40.14031,-75.458081,FlexNetId: 50409241,FlexNet900,930.5125 MHz,23,901.8375 MHz
43832,true,,CRESCENT-131T473,RTM II+,No,FlexNet,Enabled,4110005,No,2026-07-29 09:12:15.465,Normal,2018-11-13 10:02:56.196,2025-09-17 10:01:34.000,No,40.03814,-75.109342,FlexNetId: 50409237,FlexNet900,930.5375 MHz,82,901.8375 MHz
45201,true,,HARTMAN-353RS1,RTM II+,No,FlexNet,Enabled,4110005,No,2026-07-29 09:14:46.292,Normal,2019-02-19 09:15:57.072,2025-09-17 10:08:13.000,No,40.238,-75.222,FlexNetId: 50410043,FlexNet900,930.5375 MHz,34,901.8625 MHz
49594,true,,MIDDLETO-352R1,RTM II+,No,FlexNet,Enabled,4110005,No,2026-07-29 09:20:21.892,Normal,2021-07-28 11:26:16.877,2025-09-17 09:51:51.000,No,39.972,-75.416,FlexNetId: 50531508,FlexNet900,930.5375 MHz,24,901.8375 MHz
44487,true,,ANGORA-131T22,RTM II+,No,FlexNet,Enabled,4110005,No,2026-07-29 09:12:18.504,Normal,2019-01-10 14:49:29.145,2025-09-17 09:57:04.000,No,39.94486,-75.24253,FlexNetId: 50409851,FlexNet900,930.5125 MHz,42,901.8875 MHz
42079,true,,MASTER-162SD4,RTM II+,No,FlexNet,Enabled,4110005,No,2026-07-29 09:18:36.909,Normal,2018-03-26 15:47:34.554,2025-09-17 09:48:05.000,No,39.974962,-75.156453,FlexNetId: 50408566,FlexNet900,930.5375 MHz,55,901.8875 MHz
42940,true,,PLANEBRO-344S2,RTM II+,No,FlexNet,Enabled,4110005,No,2026-07-29 09:13:31.069,Normal,2018-07-17 13:22:45.890,2025-09-17 09:28:33.000,No,39.996008,-75.562822,FlexNetId: 50408219,FlexNet900,930.5125 MHz,22,901.8375 MHz
52793,true,,PERKIOME-361R2,RTM II+,No,FlexNet,Enabled,4110005,No,2026-07-29 09:17:38.847,Normal,2023-11-20 12:14:07.405,2025-09-17 10:16:30.000,No,40.13837,-75.42841,FlexNetId: 50533121,FlexNet900,930.5125 MHz,32,901.8375 MHz
43303,true,,WARRINGT-342R1,RTM II+,No,FlexNet,Enabled,4110005,No,2026-07-29 09:19:15.197,Normal,2018-10-16 11:20:34.423,2025-09-17 09:42:29.000,No,40.261258,-75.179532,FlexNetId: 50408678,FlexNet900,930.5125 MHz,36,901.8375 MHz
44730,true,,TACONY-132RM1,RTM II+,No,FlexNet,Enabled,4110005,No,2026-07-29 09:19:06.113,Normal,2019-02-12 11:17:13.015,2025-09-17 10:16:27.000,No,40.022369,-75.058268,FlexNetId: 50409683,FlexNet900,930.5125 MHz,46,901.8625 MHz
52328,true,,FALLS-351T1184,RTM II+,No,FlexNet,Enabled,4110005,No,2026-07-29 09:16:38.997,Normal,2023-08-11 08:02:56.630,2025-09-17 09:28:56.000,No,40.20303,-74.85322,FlexNetId: 50533405,FlexNet900,930.5125 MHz,21,901.8375 MHz
42808,true,,BYBERRY-135T381,RTM II+,No,FlexNet,Enabled,4110005,No,2026-07-29 09:17:23.574,Normal,2018-06-07 14:17:59.309,2025-09-17 10:06:20.000,No,40.1167,-75.0308,FlexNetId: 50408179,FlexNet900,930.5375 MHz,10,901.8375 MHz
29766,true,,LINE-2352T624,RTM II+,No,FlexNet,Enabled,4110005,No,2026-07-29 09:06:32.893,Normal,2020-03-27 09:52:41.570,2025-09-17 10:08:08.000,No,40.065,-75.147,FlexNetId: 50402241,FlexNet900,930.5375 MHz,19,901.8625 MHz
52291,true,,PARRISH-134T1045,RTM II+,No,FlexNet,Enabled,4110005,No,2026-07-29 09:13:28.669,Normal,2023-08-11 08:02:52.356,2025-09-17 09:28:32.000,No,39.95007,-75.20178,FlexNetId: 50533218,FlexNet900,930.5125 MHz,37,901.8375 MHz
46947,true,,NEWSQUA-133RS1,RTM II+,No,FlexNet,Enabled,4110005,No,2026-07-29 09:08:53.092,Normal,2020-01-05 21:03:45.222,2025-09-17 10:02:19.000,No,40.031,-75.4186,FlexNetId: 50530134,FlexNet900,930.5375 MHz,31,901.8625 MHz
42497,true,,PLYMOUTH-140T166,RTM II+,No,FlexNet,Enabled,4110005,No,2026-07-29 09:19:21.126,Normal,2018-03-26 15:47:55.585,2025-09-17 09:44:19.000,No,40.100975,-75.238738,FlexNetId: 50408524,FlexNet900,930.5375 MHz,29,901.8875 MHz
42490,true,,LLANERCH-144RM1,RTM II+,No,FlexNet,Enabled,4110005,No,2026-07-29 09:09:42.697,Normal,2018-06-28 09:34:30.875,2025-09-17 10:24:47.000,No,39.963267,-75.300743,FlexNetId: 50408545,FlexNet900,930.5375 MHz,48,901.8875 MHz
48272,true,,BLUEGRAS-142RS2,RTM II+,No,FlexNet,Enabled,4110005,No,2026-07-29 09:18:43.910,Normal,2020-09-25 11:34:31.073,2025-09-17 10:08:42.000,No,40.0528,-75.0274,FlexNetId: 50530500,FlexNet900,930.5375 MHz,25,901.8625 MHz
43927,true,,JENKINTO-136RM3,RTM II+,No,FlexNet,Enabled,4110005,No,2026-07-29 09:13:02.105,Normal,2018-12-18 09:56:21.604,2025-09-17 10:08:46.000,No,40.12654,-75.13141,FlexNetId: 50409076,FlexNet900,930.5375 MHz,37,901.8625 MHz
30325,true,,PULASKI-131RM2,RTM II+,No,FlexNet,Enabled,4110005,No,2026-07-29 09:20:26.317,Normal,2014-07-21 16:07:19.847,2025-09-17 09:56:48.000,No,40.022383,-75.164031,FlexNetId: 50402069,FlexNet900,930.5375 MHz,30,901.8625 MHz
46214,true,,PASSYUNK-132T559,RTM II+,No,FlexNet,Enabled,4110005,No,2026-07-29 09:08:11.926,Normal,2019-07-22 11:09:05.843,2025-09-17 10:16:27.000,No,39.929,-75.176,FlexNetId: 50410725,FlexNet900,930.5125 MHz,19,901.8375 MHz
52440,true,,NORPHILA-132S2,RTM II+,No,FlexNet,Enabled,4110005,No,2026-07-29 09:12:05.582,Normal,2023-09-12 09:07:32.127,2025-09-17 09:30:39.000,No,40.002072,-75.140788,FlexNetId: 50533186,FlexNet900,930.5125 MHz,37,901.8375 MHz
52322,true,,RICHMOND-131T1081,RTM II+,No,FlexNet,Enabled,4110005,No,2026-07-29 09:09:46.840,Normal,2023-08-11 08:02:55.872,2025-09-17 09:28:32.000,No,39.99698,-75.10025,FlexNetId: 50533210,FlexNet900,930.5375 MHz,37,901.8375 MHz
50469,true,,LINE-2478T849,RTM II+,No,FlexNet,Enabled,4110005,No,2026-07-29 09:11:52.021,Normal,2021-12-14 08:31:23.983,2025-09-17 10:00:00.000,No,39.933,-75.169,FlexNetId: 50531862,FlexNet900,930.5375 MHz,31,901.8375 MHz
49867,true,,UPPERDAR-139S2,RTM II+,No,FlexNet,Enabled,4110005,No,2026-07-29 09:20:30.030,Normal,2021-10-05 10:05:46.262,2025-09-17 09:59:39.000,No,39.9367669,-75.265062,FlexNetId: 50531678,FlexNet900,930.5125 MHz,71,901.8375 MHz
46920,true,,ROXBOROU-133S1,RTM II+,No,FlexNet,Enabled,4110005,No,2026-07-29 09:06:45.599,Normal,2020-01-05 21:03:39.153,2025-09-17 10:02:19.000,No,40.038,-75.222,FlexNetId: 50410597,FlexNet900,930.5125 MHz,38,901.8625 MHz
51159,true,,FOXCHASE-137T2,RTM II+,No,FlexNet,Enabled,4110005,No,2026-07-29 09:06:41.824,Normal,2022-07-13 07:37:19.103,2025-09-17 09:50:41.000,No,40.0869,-75.0872,FlexNetId: 50532491,FlexNet900,930.5125 MHz,20,901.8375 MHz
48823,true,,STOWE-001RS2,RTM II+,No,FlexNet,Enabled,4110005,No,2026-07-29 09:20:00.584,Normal,2020-12-03 12:46:29.536,2025-09-17 10:24:47.000,No,40.2475,-75.6823,FlexNetId: 50530929,FlexNet900,930.5125 MHz,44,901.8875 MHz
43784,true,,BRYNMAWR-144T301,RTM II+,No,FlexNet,Enabled,4110005,No,2026-07-29 09:12:01.752,Normal,2018-12-17 13:58:43.475,2025-09-17 09:54:54.000,No,40.027965,-75.3198,FlexNetId: 50409219,FlexNet900,930.5125 MHz,19,901.8375 MHz
45405,true,,HOLMESBU-134RS1,RTM II+,No,FlexNet,Enabled,4110005,No,2026-07-29 09:20:49.759,Normal,2019-04-03 08:30:16.062,2025-09-17 10:09:59.000,No,40.053,-75.047,FlexNetId: 50410430,FlexNet900,930.5125 MHz,33,901.8875 MHz
48158,true,,BUCKINGH-362T604,RTM II+,No,FlexNet,Enabled,4110005,No,2026-07-29 09:19:58.599,Normal,2020-09-22 09:17:11.953,2025-09-17 10:00:30.000,No,40.373,-75.109,FlexNetId: 50530003,FlexNet900,930.5375 MHz,31,901.8875 MHz
44162,true,,MACDADE-133RM2,RTM II+,No,FlexNet,Enabled,4110005,No,2026-07-29 09:20:54.054,Normal,2018-11-20 15:02:59.656,2025-09-17 09:56:46.000,No,39.9113,-75.2998,FlexNetId: 50409438,FlexNet900,930.5125 MHz,10,901.8375 MHz
44630,true,,UPPRPROV-351R3,RTM II+,No,FlexNet,Enabled,4110005,No,2026-07-29 09:14:12.770,Normal,2019-02-12 11:16:26.562,2025-09-17 10:20:23.000,No,40.20106,-75.53921,FlexNetId: 50409768,FlexNet900,930.5375 MHz,23,901.8375 MHz
43709,true,,LENAPE-341RM1,RTM II+,No,FlexNet,Enabled,4110005,No,2026-07-29 09:15:21.595,Normal,2018-10-30 14:17:13.528,2025-09-17 09:43:55.000,No,39.878699,-75.673356,FlexNetId: 50409002,FlexNet900,930.5375 MHz,25,901.8375 MHz
43703,true,,WOODBOUR-341RS2,RTM II+,No,FlexNet,Enabled,4110005,No,2026-07-29 09:20:27.608,Normal,2019-07-11 17:28:15.250,2025-09-17 09:43:37.000,No,40.208,-74.866,FlexNetId: 50408641,FlexNet900,930.5125 MHz,24,901.8375 MHz
43284,true,,CRUMLYNN-138T491,RTM II+,No,FlexNet,Enabled,4110005,No,2026-07-29 09:06:32.365,Normal,2019-04-22 08:49:43.947,2025-09-17 10:08:46.000,No,39.872496,-75.357587,FlexNetId: 50408849,FlexNet900,930.5125 MHz,48,901.8375 MHz
44705,true,,FOULK-141RM1,RTM II+,No,FlexNet,Enabled,4110005,No,2026-07-29 09:20:04.816,Normal,2019-02-12 11:17:01.701,2025-09-17 10:24:47.000,No,39.87203,-75.44322,FlexNetId: 50409911,FlexNet900,930.5375 MHz,43,901.8875 MHz
42924,true,,FALLS-342T944,RTM II+,No,FlexNet,Enabled,4110005,No,2026-07-29 09:14:33.124,Normal,2018-06-21 10:31:12.695,2025-09-17 09:28:34.000,No,40.16741,-74.77101,FlexNetId: 50408068,FlexNet900,930.5125 MHz,10,901.8375 MHz
44352,true,,BRADFORD-342S1,RTM II+,No,FlexNet,Enabled,4110005,No,2026-07-29 09:17:33.131,Normal,2019-01-03 17:07:13.979,2025-09-17 09:49:11.000,No,39.9779497,-75.7158714,FlexNetId: 50409491,FlexNet900,930.5375 MHz,20,901.8625 MHz
47602,true,,SAVILLE-136RM2,RTM II+,No,FlexNet,Enabled,4110005,No,2026-07-29 09:18:04.204,Normal,2020-05-26 12:40:32.699,2025-09-17 10:06:10.000,No,39.87244,-75.35802,FlexNetId: 50530566,FlexNet900,930.5125 MHz,35,901.8375 MHz
42119,true,,BRADFORD-351RM2,RTM II+,No,FlexNet,Enabled,4110005,No,2026-07-29 09:14:29.756,Normal,2018-03-26 15:48:11.344,2025-09-17 10:24:47.000,No,39.99224,-75.67988,FlexNetId: 50408529,FlexNet900,930.5125 MHz,60,901.8375 MHz
45210,true,,JENNERSV-341RS3,RTM II+,No,FlexNet,Enabled,4110005,No,2026-07-29 09:19:21.288,Normal,2019-02-19 09:16:00.214,2025-09-17 10:09:56.000,No,39.822,-75.871,FlexNetId: 50409345,FlexNet900,930.5375 MHz,43,901.8875 MHz
50859,true,,PERKIOME-342RM6,RTM II+,No,FlexNet,Enabled,4110005,No,2026-07-29 09:14:29.391,Normal,2022-06-23 10:33:23.053,2025-09-17 09:27:12.000,No,40.28035,-75.3885,FlexNetId: 50532199,FlexNet900,930.5125 MHz,30,901.8375 MHz
48814,true,,WANEETA-139S2,RTM II+,No,FlexNet,Enabled,4110005,No,2026-07-29 09:14:32.846,Normal,2020-12-03 12:46:28.181,2025-09-17 10:04:19.000,No,39.998,-75.128,FlexNetId: 50530897,FlexNet900,930.5375 MHz,44,901.8875 MHz
51469,true,,PACKER-132T847,RTM II+,No,FlexNet,Enabled,4110005,No,2026-07-29 09:12:02.492,Normal,2022-10-17 08:46:50.365,2025-09-17 09:49:59.000,No,39.9172,-75.163,FlexNetId: 50532320,FlexNet900,930.5125 MHz,51,901.8375 MHz
51126,true,,PULASKI-135RM1,RTM II+,No,FlexNet,Enabled,4110005,No,2026-07-29 09:18:07.871,Normal,2022-06-24 09:34:54.249,2025-09-17 09:30:42.000,No,40.041173,-75.175544,FlexNetId: 50532507,FlexNet900,930.5375 MHz,18,901.8875 MHz
42921,true,,WHITEMAR-162T312,RTM II+,No,FlexNet,Enabled,4110005,No,2026-07-29 09:11:40.121,Normal,2018-06-21 10:31:11.739,2025-09-17 09:45:02.000,No,40.1418,-75.169062,FlexNetId: 50408147,FlexNet900,930.5125 MHz,20,901.8375 MHz
45629,true,,BYBERRY-160RM2,RTM II+,No,FlexNet,Enabled,4110005,No,2026-07-29 09:20:21.206,Normal,2019-04-04 14:19:55.830,2025-09-17 09:55:39.000,No,40.124,-75.002,FlexNetId: 50410226,FlexNet900,930.5375 MHz,34,901.8625 MHz
45258,true,,BUCKINGH-353S2,RTM II+,No,FlexNet,Enabled,4110005,No,2026-07-29 09:13:17.510,Normal,2019-02-19 09:16:07.876,2025-09-17 10:13:05.000,No,40.217,-75.02,FlexNetId: 50410158,FlexNet900,930.5125 MHz,19,901.8875 MHz
45372,true,,PARRISH-136S1,RTM II+,No,FlexNet,Enabled,4110005,No,2026-07-29 09:08:28.081,Normal,2019-04-03 08:30:02.636,2025-09-17 10:13:01.000,No,39.965,-75.224,FlexNetId: 50410013,FlexNet900,930.5125 MHz,34,901.8625 MHz
42909,true,,CONCORD-349T56,RTM II+,No,FlexNet,Enabled,4110005,No,2026-07-29 09:09:15.791,Normal,2018-06-21 10:31:08.771,2025-09-17 09:28:30.000,No,39.917754,-75.575598,FlexNetId: 50408344,FlexNet900,930.5125 MHz,22,901.8375 MHz
50447,true,,PASSYUNK-135RM3,RTM II+,No,FlexNet,Enabled,4110005,No,2026-07-29 09:07:10.758,Normal,2021-12-07 09:19:56.232,2025-09-17 10:00:46.000,No,39.9335,-75.1745,FlexNetId: 50531899,FlexNet900,930.5125 MHz,32,901.8375 MHz
45381,true,,LOMBARD-138S4,RTM II+,No,FlexNet,Enabled,4110005,No,2026-07-29 09:20:42.280,Normal,2019-04-03 08:30:06.165,2025-09-17 10:24:47.000,No,39.933,-75.149,FlexNetId: 50410424,FlexNet900,930.5375 MHz,29,901.8875 MHz
52783,true,,WOODBOUR-352S2,RTM II+,No,FlexNet,Enabled,4110005,No,2026-07-29 09:19:05.953,Normal,2023-11-20 12:14:05.239,2025-09-17 10:17:02.000,No,40.2398,-74.8359,FlexNetId: 50533635,FlexNet900,930.5375 MHz,48,901.8375 MHz
44194,true,,BRADFORD-344T25,RTM II+,No,FlexNet,Enabled,4110005,No,2026-07-29 09:12:34.033,Normal,2018-12-13 17:09:11.530,2025-09-17 09:45:40.000,No,39.969893,-75.663116,FlexNetId: 50408988,FlexNet900,930.5125 MHz,13,901.8875 MHz
47735,true,,COLWYN-133S4,RTM II+,No,FlexNet,Enabled,4110005,No,2026-07-29 09:17:20.340,Normal,2020-08-13 09:23:37.282,2025-09-17 09:55:41.000,No,39.922,-75.256,FlexNetId: 50530671,FlexNet900,930.5375 MHz,43,901.8625 MHz
45119,true,,UPPRPROV-341R2,RTM II+,No,FlexNet,Enabled,4110005,No,2026-07-29 09:10:35.894,Normal,2019-02-14 09:40:45.155,2025-09-17 10:09:59.000,No,40.195,-75.52,FlexNetId: 50410039,FlexNet900,930.5125 MHz,34,901.8625 MHz
49211,true,,BUCKINGH-352R2,RTM II+,No,FlexNet,Enabled,4110005,No,2026-07-29 09:06:18.149,Normal,2021-03-23 08:50:19.606,2025-09-17 10:16:25.000,No,40.322012,-75.132033,FlexNetId: 50531270,FlexNet900,930.5125 MHz,38,901.8375 MHz
50885,true,,PULASKI-132RMP5,RTM II+,No,FlexNet,Enabled,4110005,No,2026-07-29 09:20:09.008,Normal,2022-06-23 10:26:06.987,2025-09-17 09:44:17.000,No,40.022906,-75.169958,FlexNetId: 50532686,FlexNet900,930.5375 MHz,34,901.8875 MHz
47740,true,,TACONY-132S3,RTM II+,No,FlexNet,Enabled,4110005,No,2026-07-29 09:19:44.560,Normal,2020-08-13 09:23:37.568,2025-09-17 09:29:19.000,No,40.024,-75.06,FlexNetId: 50530686,FlexNet900,930.5125 MHz,42,901.8375 MHz
49184,true,,NORPHILA-131T398,RTM II+,No,FlexNet,Enabled,4110005,No,2026-07-29 09:14:04.750,Normal,2021-03-14 09:56:50.693,2025-09-17 10:24:47.000,No,39.9921,-75.1282,FlexNetId: 50531253,FlexNet900,930.5125 MHz,32,901.8375 MHz
44482,true,,LINE-2677T1091,RTM II+,No,FlexNet,Enabled,4110005,No,2026-07-29 09:10:55.922,Normal,2019-01-10 14:49:19.058,2025-09-17 10:16:31.000,No,39.964712,-75.207658,FlexNetId: 50409850,FlexNet900,930.5375 MHz,39,901.8625 MHz
51346,true,,LINE-14500T931,RTM II+,No,FlexNet,Enabled,4110005,No,2026-07-29 09:16:33.409,Normal,2022-09-21 07:54:35.229,2025-09-17 09:49:59.000,No,40.0447,-75.4485,FlexNetId: 50532632,FlexNet900,930.5125 MHz,63,901.8375 MHz
44794,true,,LINE-3344T305,RTM II+,No,FlexNet,Enabled,4110005,No,2026-07-29 09:07:52.244,Normal,2019-02-12 11:17:43.295,2025-09-17 10:24:47.000,No,39.8666,-75.376276,FlexNetId: 50409852,FlexNet900,930.5375 MHz,44,901.8875 MHz
44412,true,,PULASKI-136T871,RTM II+,No,FlexNet,Enabled,4110005,No,2026-07-29 09:07:35.252,Normal,2019-01-23 11:38:03.982,2025-09-17 09:48:05.000,No,40.045,-75.162,FlexNetId: 50409542,FlexNet900,930.5125 MHz,38,901.8375 MHz
52293,true,,LINE-529S1,RTM II+,No,FlexNet,Enabled,4110005,No,2026-07-29 09:19:42.208,Normal,2023-08-11 08:02:52.562,2025-09-17 09:30:38.000,No,39.9718247,-75.1307447,FlexNetId: 50533409,FlexNet900,930.5125 MHz,30,901.8375 MHz
44768,true,,NORWALES-361R3,RTM II+,No,FlexNet,Enabled,4110005,No,2026-07-29 09:17:27.487,Normal,2019-02-12 11:17:30.853,2025-09-17 10:01:12.000,No,40.22855,-75.348357,FlexNetId: 50409947,FlexNet900,930.5375 MHz,11,901.8625 MHz
43038,true,,GOSHEN-352R3,RTM II+,No,FlexNet,Enabled,4110005,No,2026-07-29 09:14:59.196,Normal,2018-07-17 13:23:20.047,2025-09-17 09:28:13.000,No,39.9643925,-75.5079932,FlexNetId: 50408258,FlexNet900,930.5125 MHz,52,901.8375 MHz
49432,true,,JEFFERSO-006RS3,RTM II+,No,FlexNet,Enabled,4110005,No,2026-07-29 09:18:27.592,Normal,2021-06-10 09:56:06.120,2025-09-17 09:51:54.000,No,40.1316,-75.3689,FlexNetId: 50531029,FlexNet900,930.5125 MHz,62,901.8875 MHz
45141,true,,CRESCENT-140RM2,RTM II+,No,FlexNet,Enabled,4110005,No,2026-07-29 09:19:20.381,Normal,2019-02-19 09:15:35.091,2025-09-17 09:55:42.000,No,40.03125,-75.110313,FlexNetId: 50410029,FlexNet900,930.5125 MHz,49,901.8375 MHz
49195,true,,CALLOWHI-132T906,RTM II+,No,FlexNet,Enabled,4110005,No,2026-07-29 09:06:28.725,Normal,2021-03-14 09:56:48.475,2025-09-17 10:08:48.000,No,39.97,-75.179,FlexNetId: 50531229,FlexNet900,930.5375 MHz,44,901.8375 MHz
40371,true,,CALLOWHI-132RS5,RTM II+,No,FlexNet,Enabled,4110005,No,2026-07-29 09:14:37.175,Normal,2017-10-24 06:24:05.200,2025-09-17 10:13:10.000,No,39.96949,-75.17497,FlexNetId: 50405787,FlexNet900,930.5375 MHz,33,901.8375 MHz
45374,true,,LLANERCH-141T311,RTM II+,No,FlexNet,Enabled,4110005,No,2026-07-29 09:13:40.160,Normal,2019-10-21 13:36:17.605,2025-09-17 10:13:07.000,No,39.9729,-75.3225,FlexNetId: 50410054,FlexNet900,930.5375 MHz,52,901.8625 MHz
45120,true,,BYBERRY-137T404,RTM II+,No,FlexNet,Enabled,4110005,No,2026-07-29 09:15:21.819,Normal,2019-02-14 09:40:45.515,2025-09-17 10:10:01.000,No,40.131,-75.016,FlexNetId: 50409991,FlexNet900,930.5375 MHz,33,901.8625 MHz
42114,true,,WHITEMAR-141T1,RTM II+,No,FlexNet,Enabled,4110005,No,2026-07-29 09:13:52.443,Normal,2018-03-26 15:47:49.162,2025-09-17 10:16:25.000,No,40.149786,-75.230071,FlexNetId: 50408465,FlexNet900,930.5125 MHz,42,901.8875 MHz
47186,true,,TABOR-132S1,RTM II+,No,FlexNet,Enabled,4110005,No,2026-07-29 09:11:39.118,Normal,2020-02-25 09:05:49.990,2025-09-17 10:10:00.000,No,40.057,-75.145,FlexNetId: 50530840,FlexNet900,930.5125 MHz,13,901.8375 MHz
43930,true,,PASSYUNK-131S2,RTM II+,No,FlexNet,Enabled,4110005,No,2026-07-29 09:17:43.596,Normal,2018-11-30 14:36:14.464,2025-09-17 09:45:01.000,No,39.938,-75.169,FlexNetId: 50409075,FlexNet900,930.5125 MHz,53,901.8625 MHz
45509,true,,MACDADE-130S3,RTM II+,No,FlexNet,Enabled,4110005,No,2026-07-29 09:14:19.171,Normal,2019-03-06 17:48:38.395,2025-09-17 10:16:32.000,No,39.913,-75.274,FlexNetId: 50410275,FlexNet900,930.5375 MHz,26,901.8375 MHz
42504,true,,MIDDLETO-141S1,RTM II+,No,FlexNet,Enabled,4110005,No,2026-07-29 09:06:32.533,Normal,2018-03-26 15:47:58.466,2025-09-17 09:44:15.000,No,39.9179,-75.3939,FlexNetId: 50408548,FlexNet900,930.5125 MHz,44,901.8875 MHz
50791,true,,WARRINGT-361R2,RTM II+,No,FlexNet,Enabled,4110005,No,2026-07-29 09:12:16.746,Normal,2022-04-21 10:14:45.983,2025-09-17 09:50:01.000,No,40.2492,-75.1046,FlexNetId: 50532238,FlexNet900,930.5125 MHz,24,901.8875 MHz
44740,true,,PULASKI-134T2,RTM II+,No,FlexNet,Enabled,4110005,No,2026-07-29 09:07:34.380,Normal,2019-02-12 11:17:17.451,2025-09-17 10:17:50.000,No,40.05,-75.149,FlexNetId: 50409665,FlexNet900,930.5125 MHz,38,901.8375 MHz
53507,true,,CALLOWHI-142RM2,RTM II+,No,FlexNet,Enabled,4110005,No,2026-07-29 09:20:44.039,Normal,2024-06-07 13:11:57.819,2025-09-17 10:17:06.000,No,39.9646,-75.15869,FlexNetId: 50534056,FlexNet900,930.5125 MHz,30,901.8375 MHz
51806,true,,LINE-2345T740,RTM II+,No,FlexNet,Enabled,4110005,No,2026-07-29 09:19:53.329,Normal,2022-12-07 09:54:50.540,2025-09-17 09:49:43.000,No,40.035521,-75.030927,FlexNetId: 50532884,FlexNet900,930.5125 MHz,60,901.8375 MHz
44712,true,,LLANERCH-167RM1,RTM II+,No,FlexNet,Enabled,4110005,No,2026-07-29 09:12:33.107,Normal,2019-02-12 11:17:04.794,2025-09-17 10:01:33.000,No,39.972002,-75.312579,FlexNetId: 50409664,FlexNet900,930.5375 MHz,49,901.8625 MHz
45487,true,,BLUEGRAS-146RM1,RTM II+,No,FlexNet,Enabled,4110005,No,2026-07-29 09:18:12.546,Normal,2019-03-06 17:48:29.378,2025-09-17 10:16:29.000,No,40.087,-75.028,FlexNetId: 50410359,FlexNet900,930.5375 MHz,19,901.8625 MHz
47209,true,,HARTMAN-352RS1,RTM II+,No,FlexNet,Enabled,4110005,No,2026-07-29 09:12:32.916,Normal,2020-02-25 09:05:54.195,2025-09-17 10:20:24.000,No,40.2588,-75.2165,FlexNetId: 50530852,FlexNet900,930.5375 MHz,42,901.8625 MHz
42731,true,,PARRISH-132RM2,RTM II+,No,FlexNet,Enabled,4110005,No,2026-07-29 09:18:19.865,Normal,2018-05-11 12:14:04.656,2025-09-17 09:43:38.000,No,39.970373,-75.204717,FlexNetId: 50408191,FlexNet900,930.5375 MHz,35,901.8875 MHz
44219,true,,CRESCENT-164RS3,RTM II+,No,FlexNet,Enabled,4110005,No,2026-07-29 09:11:18.549,Normal,2018-12-13 17:09:20.446,2025-09-17 09:49:15.000,No,40.03679,-75.127,FlexNetId: 50409516,FlexNet900,930.5125 MHz,22,901.8875 MHz
44635,true,,PLANEBRO-343R1,RTM II+,No,FlexNet,Enabled,4110005,No,2026-07-29 09:18:43.686,Normal,2019-02-12 11:16:28.757,2025-09-17 10:04:23.000,No,40.059413,-75.531326,FlexNetId: 50409740,FlexNet900,930.5375 MHz,34,901.8375 MHz
45186,true,,TABOR-140S2,RTM II+,No,FlexNet,Enabled,4110005,No,2026-07-29 09:20:00.906,Normal,2019-02-19 09:15:51.791,2025-09-17 09:44:39.000,No,40.038,-75.14,FlexNetId: 50410180,FlexNet900,930.5375 MHz,36,901.8875 MHz
42116,true,,ISLANDRD-133S1,RTM II+,No,FlexNet,Enabled,4110005,No,2026-07-29 09:13:01.036,Normal,2018-03-26 15:47:49.974,2025-09-17 09:46:00.000,No,39.914555,-75.244312,FlexNetId: 50408533,FlexNet900,930.5375 MHz,27,901.8625 MHz
43814,true,,BLUEGRAS-137RS2,RTM II+,No,FlexNet,Enabled,4110005,No,2026-07-29 09:20:49.404,Normal,2018-11-13 10:02:50.567,2025-09-17 10:01:35.000,No,40.07716,-74.9949,FlexNetId: 50409213,FlexNet900,930.5375 MHz,23,901.8375 MHz
44427,true,,LINE-13900T11,RTM II+,No,FlexNet,Enabled,4110005,No,2026-07-29 09:06:06.649,Normal,2019-01-23 11:37:48.173,2025-09-17 09:48:09.000,No,40.0366,-75.5596,FlexNetId: 50409260,FlexNet900,930.5125 MHz,50,901.8625 MHz
44747,true,,PACKER-132RM2,RTM II+,No,FlexNet,Enabled,4110005,No,2026-07-29 09:17:44.244,Normal,2019-02-12 11:17:21.163,2025-09-17 09:56:42.000,No,39.916905,-75.161086,FlexNetId: 50409659,FlexNet900,930.5125 MHz,38,901.8375 MHz
45353,true,,PACKER-135T614,RTM II+,No,FlexNet,Enabled,4110005,No,2026-07-29 09:07:13.935,Normal,2019-04-03 08:29:53.931,2025-09-17 10:24:47.000,No,39.925,-75.16,FlexNetId: 50410057,FlexNet900,930.5125 MHz,44,901.8375 MHz
43632,true,,WOODBOUR-352R4,RTM II+,No,FlexNet,Enabled,4110005,No,2026-07-29 09:20:03.720,Normal,2018-10-05 14:49:13.726,2025-09-17 09:42:24.000,No,40.233399,-74.827968,FlexNetId: 50408798,FlexNet900,930.5125 MHz,79,901.8875 MHz
53488,true,,FLINT-143T1187,RTM II+,No,FlexNet,Enabled,4110005,No,2026-07-29 09:06:13.645,Normal,2024-06-07 13:16:41.294,2026-01-12 11:13:12.000,No,40.075728,-75.311764,FlexNetId: 50534134,FlexNet900,930.5125 MHz,38,901.8375 MHz
48217,true,,PACKER-135T1,RTM II+,No,FlexNet,Enabled,4110005,No,2026-07-29 09:07:26.192,Normal,2020-09-25 11:42:03.511,2025-09-17 09:29:18.000,No,39.926651,-75.155818,FlexNetId: 50530197,FlexNet900,930.5125 MHz,34,901.8875 MHz
41357,true,,MIDDLETO-143S1,RTM II+,No,FlexNet,Enabled,4110005,No,2026-07-29 09:20:08.490,Normal,2018-03-26 15:47:01.210,2025-09-17 09:41:30.000,No,39.914488,-75.391738,FlexNetId: 50407530,FlexNet900,930.5375 MHz,26,901.8625 MHz
45155,true,,BYBERRY-134RM2,RTM II+,No,FlexNet,Enabled,4110005,No,2026-07-29 09:20:25.378,Normal,2019-02-19 09:15:40.518,2025-09-17 10:01:57.000,No,40.098105,-74.985648,FlexNetId: 50410177,FlexNet900,930.5375 MHz,31,901.8875 MHz
53685,true,,BYBERRY-183RM1,RTMx,No,FlexNet,Enabled,4110005,No,2026-07-29 09:14:06.103,Normal,2024-08-27 14:47:30.865,2025-09-17 12:31:22.000,No,40.102411,-74.968489,FlexNetId: 50480640,FlexNet900K24,930.5125 MHz,23,901.8375 MHz
44589,true,,CRESCENT-162RM1,RTM II+,No,FlexNet,Enabled,4110005,No,2026-07-29 09:17:49.473,Normal,2019-02-12 11:16:06.827,2025-09-17 10:04:22.000,No,40.022154,-75.093289,FlexNetId: 50409794,FlexNet900,930.5375 MHz,40,901.8625 MHz
44984,true,,FOULK-143S1,RTM II+,No,FlexNet,Enabled,4110005,No,2026-07-29 09:19:19.454,Normal,2019-02-12 11:18:05.568,2025-09-17 10:01:57.000,No,39.8388,-75.4639,FlexNetId: 50409814,FlexNet900,930.5375 MHz,14,901.8375 MHz
45417,true,,ISLANDRD-138RM2,RTM II+,No,FlexNet,Enabled,4110005,No,2026-07-29 09:20:53.165,Normal,2019-04-03 08:30:20.596,2025-09-17 10:08:49.000,No,39.91666,-75.232192,FlexNetId: 50410426,FlexNet900,930.5125 MHz,32,901.8875 MHz
43031,true,,CONCORD-351S5,RTM II+,No,FlexNet,Enabled,4110005,No,2026-07-29 09:17:27.110,Normal,2018-07-17 13:23:17.647,2025-09-17 09:45:41.000,No,39.91211,-75.51991,FlexNetId: 50408254,FlexNet900,930.5125 MHz,31,901.8375 MHz
53650,true,,LINE-1300S1,RTMx,No,FlexNet,Enabled,4110005,No,2026-07-29 09:20:17.752,Normal,2024-08-27 14:43:06.305,2025-09-17 10:17:11.000,No,40.105571,-75.505344,FlexNetId: 50480517,FlexNet900K24,930.5125 MHz,20,901.8375 MHz
29761,true,,LINE-2621S3,RTM II+,No,FlexNet,Enabled,4110005,No,2026-07-29 09:20:30.250,Normal,2020-04-15 09:38:03.220,2025-09-17 10:05:08.000,No,40.079,-75.077,FlexNetId: 50402098,FlexNet900,930.5125 MHz,46,901.8875 MHz
44636,true,,PLANEBRO-341R1,RTM II+,No,FlexNet,Enabled,4110005,No,2026-07-29 09:17:34.780,Normal,2019-02-12 11:16:29.240,2025-09-17 10:04:18.000,No,40.015015,-75.559926,FlexNetId: 50409741,FlexNet900,930.5125 MHz,46,901.8875 MHz
47211,true,,LINE-5100RS2,RTM II+,No,FlexNet,Enabled,4110005,No,2026-07-29 09:15:47.229,Normal,2020-02-25 09:05:54.533,2025-09-17 10:04:21.000,No,39.9774,-75.5868,FlexNetId: 50530854,FlexNet900,930.5125 MHz,33,901.8875 MHz
46826,true,,LINE-14800RMP4,RTM II+,No,FlexNet,Enabled,4110005,No,2026-07-29 09:19:34.202,Normal,2020-01-05 21:03:29.954,2025-09-17 09:54:54.000,No,40.008,-75.615,FlexNetId: 50410603,FlexNet900,930.5375 MHz,17,901.8625 MHz
45209,true,,WHITEMAR-132T567,RTM II+,No,FlexNet,Enabled,4110005,No,2026-07-29 09:06:07.601,Normal,2019-02-19 09:15:59.876,2025-09-17 10:08:13.000,No,40.148431,-75.219809,FlexNetId: 50410168,FlexNet900,930.5375 MHz,91,901.8875 MHz
44617,true,,EAGLE-351S2,RTM II+,No,FlexNet,Enabled,4110005,No,2026-07-29 09:17:38.233,Normal,2019-02-12 11:16:20.614,2025-09-17 09:44:57.000,No,40.08494,-75.69088,FlexNetId: 50409704,FlexNet900,930.5125 MHz,55,901.8375 MHz
47833,true,,MACDADE-136T660,RTM II+,No,FlexNet,Enabled,4110005,No,2026-07-29 09:09:50.043,Normal,2020-08-15 21:30:06.645,2025-09-17 10:05:17.000,No,39.9243,-75.31094,FlexNetId: 50530535,FlexNet900,930.5125 MHz,31,901.8375 MHz
43782,true,,UPPRPROV-351R6,RTM II+,No,FlexNet,Enabled,4110005,No,2026-07-29 09:14:46.748,Normal,2019-01-10 14:27:16.792,2025-09-17 09:45:43.000,No,40.179017,-75.538606,FlexNetId: 50409106,FlexNet900,930.5375 MHz,40,901.8875 MHz
43907,true,,BLUEGRAS-140T461,RTM II+,No,FlexNet,Enabled,4110005,No,2026-07-29 09:08:11.471,Normal,2019-02-17 08:54:05.047,2025-09-17 10:01:13.000,No,40.081111,-74.989442,FlexNetId: 50409064,FlexNet900,930.5125 MHz,19,901.8375 MHz
49064,true,,NOLAN-004RS2,RTM II+,No,FlexNet,Enabled,4110005,No,2026-07-29 09:20:42.854,Normal,2021-02-09 09:33:59.565,2025-09-17 09:54:55.000,No,40.2168,-74.7871,FlexNetId: 50531079,FlexNet900,930.5125 MHz,45,901.8625 MHz
45920,true,,PULASKI-135RM2,RTM II+,No,FlexNet,Enabled,4110005,No,2026-07-29 09:13:17.501,Normal,2019-06-04 09:36:50.317,2025-09-17 10:10:00.000,No,40.043,-75.174,FlexNetId: 50410910,FlexNet900,930.5375 MHz,29,901.8625 MHz
45111,true,,PARRISH-141RM2,RTM II+,No,FlexNet,Enabled,4110005,No,2026-07-29 09:14:06.498,Normal,2019-02-14 09:40:42.296,2025-09-17 10:08:52.000,No,39.961,-75.202,FlexNetId: 50409983,FlexNet900,930.5375 MHz,27,901.8625 MHz
45343,true,,NEWLINVI-342RM1,RTM II+,No,FlexNet,Enabled,4110005,No,2026-07-29 09:19:00.164,Normal,2019-04-03 08:29:49.963,2025-09-17 10:05:15.000,No,40.033,-75.827,FlexNetId: 50409958,FlexNet900,930.5125 MHz,41,901.8625 MHz
45324,true,,LOMBARD-131S2,RTM II+,No,FlexNet,Enabled,4110005,No,2026-07-29 09:20:43.111,Normal,2019-04-03 08:29:44.208,2025-09-17 09:51:02.000,No,39.9315,-75.1576,FlexNetId: 50410056,FlexNet900,930.5125 MHz,37,901.8375 MHz
45388,true,,PARRISH-135T532,RTM II+,No,FlexNet,Enabled,4110005,No,2026-07-29 09:07:42.452,Normal,2019-04-03 08:30:09.063,2025-09-17 10:16:32.000,No,39.968,-75.25,FlexNetId: 50409295,FlexNet900,930.5375 MHz,36,901.8375 MHz
51185,true,,WANEETA-139RM1,RTM II+,No,FlexNet,Enabled,4110005,No,2026-07-29 09:15:30.335,Normal,2022-07-21 14:52:25.027,2025-09-17 09:49:59.000,No,40.00007214113975,-75.12496787471383,FlexNetId: 50532522,FlexNet900,930.5125 MHz,30,901.8375 MHz
49294,true,,LEVITT-004RS1,RTM II+,No,FlexNet,Enabled,4110005,No,2026-07-29 09:19:43.916,Normal,2021-04-18 10:04:14.277,2025-09-17 10:08:10.000,No,40.1571,-74.83,FlexNetId: 50531093,FlexNet900,930.5125 MHz,40,901.8375 MHz
33041,true,,WARMINST-131S1,RTM II+,No,FlexNet,Enabled,4110005,No,2026-07-29 09:08:44.294,Normal,2015-06-17 21:36:17.513,2025-09-17 10:00:02.000,No,40.184772,-75.093888,FlexNetId: 50403083,FlexNet900,930.5375 MHz,26,901.8625 MHz
42767,true,,MOSER-342RM1,RTM II+,No,FlexNet,Enabled,4110005,No,2026-07-29 09:10:01.644,Normal,2018-05-11 12:14:09.655,2025-09-17 10:00:01.000,No,40.244025,-75.611843,FlexNetId: 50408042,FlexNet900,930.5375 MHz,35,901.8625 MHz
44777,true,,BRADFORD-346T117,RTM II+,No,FlexNet,Enabled,4110005,No,2026-07-29 09:15:37.898,Normal,2019-02-12 11:17:35.144,2025-09-17 10:16:27.000,No,39.869879,-75.76148,FlexNetId: 50409877,FlexNet900,930.5375 MHz,24,901.8875 MHz
44607,true,,BYBERRY-137RM1,RTM II+,No,FlexNet,Enabled,4110005,No,2026-07-29 09:17:05.051,Normal,2019-02-12 11:16:15.995,2025-09-17 10:13:05.000,No,40.1309,-75.0128,FlexNetId: 50409919,FlexNet900,930.5375 MHz,40,901.8625 MHz
44171,true,,PERKIOME-351RM2,RTM II+,No,FlexNet,Enabled,4110005,No,2026-07-29 09:18:42.474,Normal,2018-12-13 17:09:39.734,2025-09-17 09:59:24.000,No,40.257,-75.4047,FlexNetId: 50409321,FlexNet900,930.5375 MHz,39,901.8625 MHz
42983,true,,BRYNMAWR-141T270,RTM II+,No,FlexNet,Enabled,4110005,No,2026-07-29 09:16:54.267,Normal,2018-07-17 13:23:00.663,2025-09-17 09:30:21.000,No,39.993337,-75.299528,FlexNetId: 50408092,FlexNet900,930.5375 MHz,17,901.8625 MHz
46210,true,,TABOR-137RM4,RTM II+,No,FlexNet,Enabled,4110005,No,2026-07-29 09:15:21.067,Normal,2019-07-22 11:09:05.701,2025-09-17 10:16:32.000,No,40.046,-75.158,FlexNetId: 50410714,FlexNet900,930.5375 MHz,52,901.8375 MHz
46963,true,,BUCKINGH-352RS5,RTM II+,No,FlexNet,Enabled,4110005,No,2026-07-29 09:18:02.265,Normal,2020-01-05 21:03:48.916,2025-09-17 10:08:43.000,No,40.337,-75.143,FlexNetId: 50530114,FlexNet900,930.5375 MHz,33,901.8625 MHz
43833,true,,LLANERCH-133RM2,RTM II+,No,FlexNet,Enabled,4110005,No,2026-07-29 09:09:00.057,Normal,2018-11-13 10:00:39.008,2025-09-17 10:01:36.000,No,39.9695,-75.2923,FlexNetId: 50409189,FlexNet900,930.5125 MHz,41,901.8625 MHz
47793,true,,WHITEMAR-142T746,RTM II+,No,FlexNet,Enabled,4110005,No,2026-07-29 09:06:21.200,Normal,2020-08-12 09:04:44.399,2025-09-17 10:20:23.000,No,40.145314,-75.199199,FlexNetId: 50530541,FlexNet900,930.5125 MHz,34,901.8625 MHz
52859,true,,HARTMAN-352T835,RTM II+,No,FlexNet,Enabled,4110005,No,2026-07-29 09:08:41.110,Normal,2023-12-11 09:22:24.068,2025-09-17 10:17:04.000,No,40.26626,-75.22781,FlexNetId: 50533291,FlexNet900,930.5125 MHz,32,901.8375 MHz
51160,true,,FLINT-132T985,RTM II+,No,FlexNet,Enabled,4110005,No,2026-07-29 09:08:21.658,Normal,2022-07-13 07:37:19.292,2025-09-17 09:50:39.000,No,40.0535,-75.3488,FlexNetId: 50532577,FlexNet900,930.5125 MHz,25,901.8375 MHz
45472,true,,BYBERRY-160T377,RTM II+,No,FlexNet,Enabled,4110005,No,2026-07-29 09:10:14.383,Normal,2019-03-06 17:48:23.602,2025-09-17 10:13:10.000,No,40.115,-74.989,FlexNetId: 50410380,FlexNet900,930.5375 MHz,30,901.8625 MHz
51201,true,,PLYMOUTH-160RM1,RTM II+,No,FlexNet,Enabled,4110005,No,2026-07-29 09:16:59.891,Normal,2022-07-20 09:09:27.044,2025-09-17 09:50:38.000,No,40.12,-75.33,FlexNetId: 50532494,FlexNet900,930.5125 MHz,14,901.8375 MHz
43161,true,,WHITEMAR-162S3,RTM II+,No,FlexNet,Enabled,4110005,No,2026-07-29 09:15:20.614,Normal,2018-10-02 13:29:06.340,2025-09-17 09:46:03.000,No,40.119946,-75.193443,FlexNetId: 50408114,FlexNet900,930.5125 MHz,38,901.8875 MHz
44732,true,,LLANERCH-135T439,RTM II+,No,FlexNet,Enabled,4110005,No,2026-07-29 09:13:34.654,Normal,2019-02-12 11:17:13.985,2025-09-17 10:08:52.000,No,39.953,-75.305,FlexNetId: 50409687,FlexNet900,930.5375 MHz,37,901.8375 MHz
48998,true,,BRIDGEPO-002RS2,RTM II+,No,FlexNet,Enabled,4110005,No,2026-07-29 09:15:32.304,Normal,2021-01-24 09:14:22.327,2025-09-17 10:08:09.000,No,40.1055,-75.3493,FlexNetId: 50531117,FlexNet900,930.5125 MHz,42,901.8625 MHz
43702,true,,NEWSQUA-148RM3,RTM II+,No,FlexNet,Enabled,4110005,No,2026-07-29 09:20:24.282,Normal,2018-10-30 14:17:11.337,2025-09-17 09:42:27.000,No,39.995816,-75.410093,FlexNetId: 50408766,FlexNet900,930.5375 MHz,28,901.8625 MHz
48219,true,,CRESCENT-131T794,RTM II+,No,FlexNet,Enabled,4110005,No,2026-07-29 09:20:21.591,Normal,2020-09-25 11:42:08.548,2025-09-17 10:05:15.000,No,40.049,-75.102,FlexNetId: 50530174,FlexNet900,930.5125 MHz,35,901.8375 MHz
42773,true,,ELMWOOD-134T330,RTM II+,No,FlexNet,Enabled,4110005,No,2026-07-29 09:15:49.443,Normal,2018-05-11 12:14:11.613,2025-09-17 09:50:41.000,No,39.944665,-75.215589,FlexNetId: 50408038,FlexNet900,930.5375 MHz,34,901.8875 MHz
43779,true,,BRYNMAWR-132T149,RTM II+,No,FlexNet,Enabled,4110005,No,2026-07-29 09:16:30.922,Normal,2018-12-17 09:16:38.839,2025-09-17 09:58:36.000,No,40.026272,-75.342496,FlexNetId: 50409113,FlexNet900,930.5125 MHz,25,901.8375 MHz
42689,true,,LOCK-342RM2,RTM II+,No,FlexNet,Enabled,4110005,No,2026-07-29 09:07:39.818,Normal,2018-05-03 20:30:43.804,2025-09-17 10:04:24.000,No,40.254439,-75.660072,FlexNetId: 50408270,FlexNet900,930.5125 MHz,50,901.8625 MHz
48810,true,,BURHOLME-133T3,RTM II+,No,FlexNet,Enabled,4110005,No,2026-07-29 09:10:56.383,Normal,2020-12-03 12:46:27.442,2025-09-17 10:06:10.000,No,40.0316,-75.07267,FlexNetId: 50530943,FlexNet900,930.5375 MHz,29,901.8875 MHz
50431,true,,PENCOYD-131T841,RTM II+,No,FlexNet,Enabled,4110005,No,2026-07-29 09:17:47.425,Normal,2021-12-02 08:41:11.096,2025-09-17 10:00:26.000,No,40.0301,-75.2111,FlexNetId: 50531912,FlexNet900,930.5375 MHz,51,901.8875 MHz
45055,true,,ELMWOOD-131S1,RTM II+,No,FlexNet,Enabled,4110005,No,2026-07-29 09:06:45.584,Normal,2019-02-14 09:40:23.086,2025-09-17 10:24:47.000,No,39.922,-75.231,FlexNetId: 50409279,FlexNet900,930.5125 MHz,27,901.8875 MHz
45154,true,,BYBERRY-145RM1,RTM II+,No,FlexNet,Enabled,4110005,No,2026-07-29 09:19:54.578,Normal,2019-02-19 09:15:40.135,2025-09-17 10:01:55.000,No,40.081808,-74.97675,FlexNetId: 50410190,FlexNet900,930.5125 MHz,32,901.8875 MHz
42065,true,,ISLANDRD-138T332,RTM II+,No,FlexNet,Enabled,4110005,No,2026-07-29 09:15:55.492,Normal,2018-04-13 09:39:43.630,2025-09-17 09:50:59.000,No,39.9186932,-75.2292507,FlexNetId: 50408567,FlexNet900,930.5375 MHz,48,901.8875 MHz
43730,true,,BUCKINGH-351T293,RTM II+,No,FlexNet,Enabled,4110005,No,2026-07-29 09:08:05.741,Normal,2018-09-18 16:13:46.410,2025-09-17 09:28:54.000,No,40.3662,-75.0264,FlexNetId: 50408653,FlexNet900,930.5125 MHz,22,901.8875 MHz
45346,true,,CRESCENT-141S2,RTM II+,No,FlexNet,Enabled,4110005,No,2026-07-29 09:12:34.160,Normal,2019-04-03 08:29:51.137,2025-09-17 10:01:55.000,No,40.039,-75.103,FlexNetId: 50410137,FlexNet900,930.5375 MHz,30,901.8625 MHz
49074,true,,LINE-800T33,RTM II+,No,FlexNet,Enabled,4110005,No,2026-07-29 09:08:18.468,Normal,2021-02-09 09:33:46.100,2025-09-17 10:24:47.000,No,40.0853,-75.5647,FlexNetId: 50531060,FlexNet900,930.5125 MHz,14,901.8375 MHz
46940,true,,JARRETT-135RM1,RTM II+,No,FlexNet,Enabled,4110005,No,2026-07-29 09:19:34.388,Normal,2020-01-05 21:03:43.302,2025-09-17 09:57:34.000,No,40.156097,-75.177589,FlexNetId: 50530115,FlexNet900,930.5375 MHz,33,901.8625 MHz
46967,true,,LINE-325T274,RTM II+,No,FlexNet,Enabled,4110005,No,2026-07-29 09:15:32.487,Normal,2020-01-05 21:03:59.768,2025-09-17 10:24:47.000,No,39.944,-75.179,FlexNetId: 50530169,FlexNet900,930.5125 MHz,45,901.8375 MHz
45406,true,,LINE-1049R2,RTM II+,No,FlexNet,Enabled,4110005,No,2026-07-29 09:20:18.183,Normal,2019-04-03 08:30:16.448,2025-09-17 09:58:58.000,No,39.991,-75.159,FlexNetId: 50410420,FlexNet900,930.5375 MHz,34,901.8625 MHz
42508,true,,BURHOLME-135T448,RTM II+,No,FlexNet,Enabled,4110005,No,2026-07-29 09:17:41.836,Normal,2018-03-26 15:48:00.133,2025-09-17 09:30:42.000,No,40.053,-75.089,FlexNetId: 50408546,FlexNet900,930.5375 MHz,45,901.8625 MHz
42106,true,,LINE-900T309,RTM II+,No,FlexNet,Enabled,4110005,No,2026-07-29 09:07:17.903,Normal,2018-03-26 15:47:46.323,2025-09-17 09:59:41.000,No,40.149081,-74.863025,FlexNetId: 50408394,FlexNet900,930.5125 MHz,20,901.8375 MHz
48159,true,,BUCKINGH-366T371,RTM II+,No,FlexNet,Enabled,4110005,No,2026-07-29 09:15:59.046,Normal,2020-09-22 09:17:12.149,2025-09-17 09:58:17.000,No,40.395,-75.138,FlexNetId: 50530042,FlexNet900,930.5125 MHz,31,901.8875 MHz
41346,true,,FOULK-133T899,RTM II+,No,FlexNet,Enabled,4110005,No,2026-07-29 09:08:34.432,Normal,2018-03-26 15:46:57.028,2025-09-17 10:16:24.000,No,39.8375,-75.4832,FlexNetId: 50407294,FlexNet900,930.5125 MHz,26,901.8625 MHz
49573,true,,LINE-6000RM2,RTM II+,No,FlexNet,Enabled,4110005,No,2026-07-29 09:14:09.866,Normal,2021-07-27 10:43:05.086,2025-09-17 09:58:40.000,No,40.1324,-74.9753,FlexNetId: 50531582,FlexNet900,930.5125 MHz,20,901.8625 MHz
44773,true,,LINE-14700S1,RTM II+,No,FlexNet,Enabled,4110005,No,2026-07-29 09:15:28.842,Normal,2019-02-12 11:17:33.147,2025-09-17 10:01:36.000,No,40.06897921,-75.55779715,FlexNetId: 50409889,FlexNet900,930.5125 MHz,49,901.8875 MHz
40381,true,,BRYNMAWR-132RM2,RTM II+,No,FlexNet,Enabled,4110005,No,2026-07-29 09:18:09.513,Normal,2017-11-09 09:57:51.853,2025-09-17 09:59:40.000,No,40.02346,-75.331746,FlexNetId: 50407132,FlexNet900,930.5125 MHz,30,901.8625 MHz
44739,true,,EDDINGTO-131S2,RTM II+,No,FlexNet,Enabled,4110005,No,2026-07-29 09:14:04.933,Normal,2019-02-12 11:17:16.980,2025-09-17 10:08:49.000,No,40.087,-74.951,FlexNetId: 50409658,FlexNet900,930.5375 MHz,26,901.8875 MHz
45000,true,,PASSYUNK-134T851,RTM II+,No,FlexNet,Enabled,4110005,No,2026-07-29 09:17:13.480,Normal,2019-02-12 11:18:13.590,2025-09-17 10:08:12.000,No,39.931,-75.17,FlexNetId: 50409703,FlexNet900,930.5375 MHz,38,901.8625 MHz
45922,true,,MASTER-163RM1,RTM II+,No,FlexNet,Enabled,4110005,No,2026-07-29 09:07:00.529,Normal,2019-06-04 09:36:10.252,2025-09-17 09:58:38.000,No,39.9711,-75.14255,FlexNetId: 50410518,FlexNet900,930.5375 MHz,26,901.8375 MHz
49646,true,,NORWALES-343T894,RTM II+,No,FlexNet,Enabled,4110005,No,2026-07-29 09:17:37.917,Normal,2021-08-16 09:56:47.907,2025-09-17 09:51:51.000,No,40.2621,-75.3886,FlexNetId: 50531459,FlexNet900,930.5125 MHz,32,901.8625 MHz
43132,true,,GOSHEN-352S4,RTM II+,No,FlexNet,Enabled,4110005,No,2026-07-29 09:16:29.390,Normal,2018-10-02 13:29:03.462,2025-09-17 09:46:01.000,No,39.957686,-75.521432,FlexNetId: 50408478,FlexNet900,930.5125 MHz,27,901.8875 MHz
52184,true,,LOMBARD-136S2,RTM II+,No,FlexNet,Enabled,4110005,No,2026-07-29 09:10:08.486,Normal,2023-06-07 07:36:01.805,2025-09-17 09:30:39.000,No,39.93789,-75.14818,FlexNetId: 50532079,FlexNet900,930.5125 MHz,23,901.8875 MHz
41326,true,,LINE-3307R4,RTM II+,No,FlexNet,Enabled,4110005,No,2026-07-29 09:19:19.902,Normal,2018-01-18 13:52:28.160,2025-09-17 10:00:00.000,No,39.769439,-75.976355,FlexNetId: 50407613,FlexNet900,930.5375 MHz,30,901.8625 MHz
49246,true,,PARRISH-135T913,RTM II+,No,FlexNet,Enabled,4110005,No,2026-07-29 09:13:55.203,Normal,2021-04-09 08:46:28.453,2025-09-17 09:55:42.000,No,39.9691,-75.2298,FlexNetId: 50531088,FlexNet900,930.5125 MHz,22,901.8375 MHz
45168,true,,PULASKI-133S4,RTM II+,No,FlexNet,Enabled,4110005,No,2026-07-29 09:07:37.371,Normal,2019-02-19 09:15:45.470,2025-09-17 10:20:24.000,No,40.05,-75.174,FlexNetId: 50410075,FlexNet900,930.5125 MHz,42,901.8625 MHz
52298,true,,CRESCENT-136S4,RTM II+,No,FlexNet,Enabled,4110005,No,2026-07-29 09:18:55.425,Normal,2023-08-11 08:02:53.189,2025-09-17 09:28:32.000,No,40.02388,-75.08414,FlexNetId: 50533404,FlexNet900,930.5125 MHz,18,901.8375 MHz
43592,true,,PASSYUNK-131T465,RTM II+,No,FlexNet,Enabled,4110005,No,2026-07-29 09:11:44.882,Normal,2018-10-30 14:16:51.645,2025-09-17 10:24:48.000,No,39.937,-75.17,FlexNetId: 50408896,FlexNet900,930.5125 MHz,40,901.8375 MHz
42908,true,,MACDADE-146S1,RTM II+,No,FlexNet,Enabled,4110005,No,2026-07-29 09:11:22.067,Normal,2018-06-21 10:31:18.627,2025-09-17 09:50:38.000,No,39.883335,-75.320398,FlexNetId: 50408444,FlexNet900,930.5125 MHz,28,901.8375 MHz
49870,true,,UPMERION-132T62,RTM II+,No,FlexNet,Enabled,4110005,No,2026-07-29 09:06:07.345,Normal,2021-10-05 10:05:51.142,2025-09-17 10:00:48.000,No,40.0591,-75.3932,FlexNetId: 50531638,FlexNet900,930.5125 MHz,19,901.8875 MHz
48878,true,,WAYNE-132T39,RTM II+,No,FlexNet,Enabled,4110005,No,2026-07-29 09:17:07.271,Normal,2020-12-28 11:58:46.271,2025-09-17 09:50:38.000,No,40.04192913,-75.41470343103639,FlexNetId: 50530281,FlexNet900,930.5125 MHz,22,901.8875 MHz
47697,true,,TREDYFFR-141T38,RTM II+,No,FlexNet,Enabled,4110005,No,2026-07-29 09:07:06.370,Normal,2020-08-15 21:35:21.283,2025-09-17 10:06:09.000,No,40.04632,-75.418177,FlexNetId: 50530774,FlexNet900,930.5375 MHz,33,901.8375 MHz
44189,true,,BETZWOOD-352T138,RTM II+,No,FlexNet,Enabled,4110005,No,2026-07-29 09:14:41.911,Normal,2018-12-13 17:09:09.821,2025-09-17 09:45:42.000,No,40.105161,-75.399627,FlexNetId: 50408932,FlexNet900,930.5125 MHz,41,901.8375 MHz
42135,true,,RICHMOND-138S1,RTM II+,No,FlexNet,Enabled,4110005,No,2026-07-29 09:20:31.506,Normal,2018-07-26 08:14:43.707,2025-09-17 09:30:43.000,No,40.007451,-75.077909,FlexNetId: 50408505,FlexNet900,930.5375 MHz,25,901.8625 MHz
48777,true,,PENLLYN-001RS1,RTM II+,No,FlexNet,Enabled,4110005,No,2026-07-29 09:20:22.602,Normal,2020-12-04 15:04:18.159,2025-09-17 10:06:20.000,No,40.1656,-75.2373,FlexNetId: 50530883,FlexNet900,930.5125 MHz,34,901.8375 MHz
40190,true,,NORWALES-343T288,RTM II+,No,FlexNet,Enabled,4110005,No,2026-07-29 09:11:04.034,Normal,2017-10-10 09:09:46.263,2025-09-17 09:58:38.000,No,40.217973,-75.349814,FlexNetId: 50405784,FlexNet900,930.5125 MHz,28,901.8375 MHz
42944,true,,BUCKINGH-353S1,RTM II+,No,FlexNet,Enabled,4110005,No,2026-07-29 09:16:01.354,Normal,2018-07-17 13:22:47.261,2025-09-17 09:59:41.000,No,40.234029,-75.012805,FlexNetId: 50408502,FlexNet900,930.5125 MHz,35,901.8875 MHz
47604,true,,WHITEMAR-142RM1,RTM II+,No,FlexNet,Enabled,4110005,No,2026-07-29 09:10:32.495,Normal,2020-08-03 08:56:19.111,2025-09-17 10:20:23.000,No,40.15,-75.199,FlexNetId: 50530521,FlexNet900,930.5125 MHz,40,901.8375 MHz
51830,true,,PARRISH-136RM2,RTM II+,No,FlexNet,Enabled,4110005,No,2026-07-29 09:18:57.766,Normal,2023-01-12 09:19:26.147,2025-09-17 09:49:57.000,No,39.9663,-75.2261,FlexNetId: 50532923,FlexNet900,930.5125 MHz,34,901.8875 MHz
42935,true,,NEWLINVI-351RM1,RTM II+,No,FlexNet,Enabled,4110005,No,2026-07-29 09:20:52.827,Normal,2018-07-17 13:22:44.332,2025-09-17 09:29:17.000,No,39.987473,-75.791187,FlexNetId: 50408243,FlexNet900,930.5375 MHz,32,901.8625 MHz
46968,true,,CHICHEST-134RM2,RTM II+,No,FlexNet,Enabled,4110005,No,2026-07-29 09:17:54.387,Normal,2020-01-05 21:03:49.863,2025-09-17 10:08:43.000,No,39.8335,-75.4016,FlexNetId: 50410656,FlexNet900,930.5125 MHz,33,901.8375 MHz
43856,true,,PERKIOME-353R1,RTM II+,No,FlexNet,Enabled,4110005,No,2026-07-29 09:16:59.824,Normal,2018-11-13 10:03:03.302,2025-09-17 09:45:20.000,No,40.2245,-75.4896,FlexNetId: 50409140,FlexNet900,930.5375 MHz,36,901.8375 MHz
48888,true,,MASTER-133T1363,RTM II+,No,FlexNet,Enabled,4110005,No,2026-07-29 09:20:36.281,Normal,2021-11-03 10:56:04.140,2025-09-17 09:57:31.000,No,39.984,-75.147,FlexNetId: 50530348,FlexNet900,930.5125 MHz,28,901.8625 MHz
45469,true,,BALA-132T45,RTM II+,No,FlexNet,Enabled,4110005,No,2026-07-29 09:11:38.200,Normal,2019-03-06 17:48:22.446,2025-09-17 10:13:05.000,No,40.010119,-75.257495,FlexNetId: 50410342,FlexNet900,930.5375 MHz,34,901.8875 MHz
44707,true,,CALLOWHI-132T585,RTM II+,No,FlexNet,Enabled,4110005,No,2026-07-29 09:06:26.882,Normal,2019-02-12 11:17:02.600,2025-09-17 10:06:14.000,No,39.971,-75.179,FlexNetId: 50409912,FlexNet900,930.5375 MHz,41,901.8625 MHz
42491,true,,JENKINTO-143S1,RTM II+,No,FlexNet,Enabled,4110005,No,2026-07-29 09:18:11.618,Normal,2018-03-26 15:42:43.793,2025-09-17 09:58:40.000,No,40.076899,-75.110082,FlexNetId: 50408633,FlexNet900,930.5375 MHz,17,901.8625 MHz
45018,true,,LINE-1800T315,RTM II+,No,FlexNet,Enabled,4110005,No,2026-07-29 09:13:40.640,Normal,2019-02-14 09:40:10.145,2025-09-17 09:59:01.000,No,40.13241,-75.512,FlexNetId: 50409375,FlexNet900,930.5125 MHz,36,901.8375 MHz
45160,true,,NEWLINVI-344RS3,RTM II+,No,FlexNet,Enabled,4110005,No,2026-07-29 09:10:53.240,Normal,2019-02-19 09:15:42.401,2025-09-17 10:10:04.000,No,39.984,-75.854,FlexNetId: 50410202,FlexNet900,930.5125 MHz,29,901.8375 MHz
46897,true,,BLUEGRAS-142T707,RTM II+,No,FlexNet,Enabled,4110005,No,2026-07-29 09:07:48.859,Normal,2020-01-05 21:03:34.987,2025-09-17 10:02:19.000,No,40.056433,-75.023668,FlexNetId: 50410611,FlexNet900,930.5375 MHz,20,901.8875 MHz
49648,true,,PASSYUNK-138RM2,RTM II+,No,FlexNet,Enabled,4110005,No,2026-07-29 09:19:20.444,Normal,2021-08-16 09:56:28.667,2025-09-17 10:20:23.000,No,39.91893,-75.17268,FlexNetId: 50531456,FlexNet900,930.5125 MHz,27,901.8875 MHz
44173,true,,BRADFORD-346T208,RTM II+,No,FlexNet,Enabled,4110005,No,2026-07-29 09:10:35.684,Normal,2018-12-13 17:09:24.682,2025-09-17 09:44:39.000,No,39.8749,-75.7132,FlexNetId: 50409326,FlexNet900,930.5375 MHz,69,901.8875 MHz
45914,true,,EDGMONT-133RM1,RTM II+,No,FlexNet,Enabled,4110005,No,2026-07-29 09:19:59.607,Normal,2019-06-04 09:36:49.641,2025-09-17 10:09:56.000,No,39.8589,-75.389624,FlexNetId: 50410904,FlexNet900,930.5125 MHz,31,901.8875 MHz
42308,true,,CONCORD-351R3,RTM II+,No,FlexNet,Enabled,4110005,No,2026-07-29 09:16:55.521,Normal,2018-07-17 13:47:42.167,2025-09-17 09:44:15.000,No,39.90551,-75.51276,FlexNetId: 50408390,FlexNet900,930.5375 MHz,32,901.8875 MHz
43623,true,,WOODBOUR-343R2,RTM II+,No,FlexNet,Enabled,4110005,No,2026-07-29 09:09:53.481,Normal,2018-10-05 14:49:10.893,2025-09-17 09:41:27.000,No,40.239476,-74.83664,FlexNetId: 50408732,FlexNet900,930.5375 MHz,21,901.8625 MHz
40367,true,,NEWLINVI-343RM1,RTM II+,No,FlexNet,Enabled,4110005,No,2026-07-29 09:11:26.530,Normal,2018-03-26 15:46:41.260,2025-09-17 09:41:27.000,No,39.992561,-75.81106,FlexNetId: 50406821,FlexNet900,930.5125 MHz,46,901.8375 MHz
46811,true,,LINTON-352RM2,RTM II+,No,FlexNet,Enabled,4110005,No,2026-07-29 09:18:06.483,Normal,2019-12-10 09:34:52.839,2025-09-17 10:02:18.000,No,40.199,-74.985,FlexNetId: 50410757,FlexNet900,930.5125 MHz,25,901.8625 MHz
46966,true,,PHOENIXV-003RS2,RTM II+,No,FlexNet,Enabled,4110005,No,2026-07-29 09:20:51.439,Normal,2020-01-05 21:03:49.532,2025-09-17 09:55:38.000,No,40.131,-75.531,FlexNetId: 50410764,FlexNet900,930.5125 MHz,36,901.8375 MHz
46748,true,,WANEETA-141RM2,RTM II+,No,FlexNet,Enabled,4110005,No,2026-07-29 09:11:15.192,Normal,2019-12-12 09:46:24.464,2025-09-17 10:00:44.000,No,39.995,-75.11,FlexNetId: 50530376,FlexNet900,930.5125 MHz,40,901.8375 MHz
51209,true,,MACDADE-137T20,RTM II+,No,FlexNet,Enabled,4110005,No,2026-07-29 09:14:19.122,Normal,2022-07-20 09:09:28.191,2025-09-17 09:43:58.000,No,39.8996,-75.2793,FlexNetId: 50532401,FlexNet900,930.5375 MHz,47,901.8375 MHz
42122,true,,LINE-3329SD1,RTM II+,No,FlexNet,Enabled,4110005,No,2026-07-29 09:20:51.189,Normal,2019-11-06 13:16:28.179,2025-09-17 09:44:17.000,No,39.924732,-75.362908,FlexNetId: 50408532,FlexNet900,930.5375 MHz,20,901.8625 MHz
49597,true,,WHITEMAR-141S4,RTM II+,No,FlexNet,Enabled,4110005,No,2026-07-29 09:06:29.226,Normal,2021-07-29 10:16:47.475,2025-09-17 09:58:39.000,No,40.124,-75.219,FlexNetId: 50531333,FlexNet900,930.5125 MHz,36,901.8375 MHz
46921,true,,HARTMAN-352RM2,RTM II+,No,FlexNet,Enabled,4110005,No,2026-07-29 09:11:33.370,Normal,2020-01-05 21:03:39.373,2025-09-17 09:56:04.000,No,40.271,-75.223,FlexNetId: 50530099,FlexNet900,930.5375 MHz,22,901.8375 MHz
44571,true,,LINE-3329S2,RTM II+,No,FlexNet,Enabled,4110005,No,2026-07-29 09:12:21.151,Normal,2019-02-12 11:16:58.618,2025-09-17 10:05:12.000,No,39.93545,-75.35358,FlexNetId: 50409758,FlexNet900,930.5125 MHz,76,901.8375 MHz
42917,true,,BURHOLME-132T358,RTM II+,No,FlexNet,Enabled,4110005,No,2026-07-29 09:06:21.049,Normal,2018-06-21 10:31:10.437,2025-09-17 09:30:43.000,No,40.066454,-75.082433,FlexNetId: 50408338,FlexNet900,930.5125 MHz,55,901.8375 MHz
45254,true,,CRUMLYNN-138R1,RTM II+,No,FlexNet,Enabled,4110005,No,2026-07-29 09:18:07.570,Normal,2019-02-19 09:16:06.463,2025-09-17 10:01:37.000,No,39.879151,-75.345,FlexNetId: 50409922,FlexNet900,930.5125 MHz,59,901.8375 MHz
42121,true,,EDDYSTON-132T418,RTM II+,No,FlexNet,Enabled,4110005,No,2026-07-29 09:08:12.109,Normal,2018-03-26 15:47:51.926,2025-09-17 10:24:48.000,No,39.87,-75.3335,FlexNetId: 50408536,FlexNet900,930.5125 MHz,42,901.8875 MHz
44791,true,,FLINT-132T401,RTM II+,No,FlexNet,Enabled,4110005,No,2026-07-29 09:08:28.272,Normal,2019-02-12 11:17:41.787,2025-09-17 10:02:16.000,No,40.06,-75.337,FlexNetId: 50409874,FlexNet900,930.5125 MHz,28,901.8875 MHz
52180,true,,LINE-2390RM1,RTM II+,No,FlexNet,Enabled,4110005,No,2026-07-29 09:06:44.657,Normal,2023-06-06 08:50:16.498,2025-09-17 09:50:01.000,No,40.07136,-74.98655,FlexNetId: 50533265,FlexNet900,930.5125 MHz,19,901.8375 MHz
45099,true,,FOULK-141T433,RTM II+,No,FlexNet,Enabled,4110005,No,2026-07-29 09:10:08.730,Normal,2019-02-14 09:40:37.715,2025-09-17 10:08:13.000,No,39.8804,-75.4294,FlexNetId: 50410103,FlexNet900,930.5375 MHz,10,901.8625 MHz
44621,true,,LINE-200R1,RTM II+,No,FlexNet,Enabled,4110005,No,2026-07-29 09:20:34.634,Normal,2019-02-12 11:16:22.567,2025-09-17 10:01:37.000,No,40.07544,-75.63117,FlexNetId: 50409782,FlexNet900,930.5125 MHz,32,901.8375 MHz
49178,true,,DOYLESTO-004RS1,RTM II+,No,FlexNet,Enabled,4110005,No,2026-07-29 09:20:43.099,Normal,2021-03-14 09:56:52.094,2025-09-17 10:06:18.000,No,40.3038,-75.134,FlexNetId: 50531245,FlexNet900,930.5125 MHz,84,901.8375 MHz
50410,true,,MASTER-132T879,RTM II+,No,FlexNet,Enabled,4110005,No,2026-07-29 09:11:00.694,Normal,2021-11-30 08:43:59.201,2025-09-17 09:59:23.000,No,39.98,-75.176,FlexNetId: 50531901,FlexNet900,930.5125 MHz,37,901.8375 MHz
47175,true,,LINE-200RM4,RTM II+,No,FlexNet,Enabled,4110005,No,2026-07-29 09:19:27.790,Normal,2020-02-25 09:05:48.731,2025-09-17 10:01:37.000,No,40.05,-75.591,FlexNetId: 50530158,FlexNet900,930.5125 MHz,38,901.8625 MHz
47607,true,,LLANERCH-164S3,RTM II+,No,FlexNet,Enabled,4110005,No,2026-07-29 09:13:58.536,Normal,2020-05-26 12:40:52.830,2025-09-17 10:05:17.000,No,39.9854,-75.2951,FlexNetId: 50530591,FlexNet900,930.5375 MHz,33,901.8625 MHz
47603,true,,CHANDLER-000RS1,RTM II+,No,FlexNet,Enabled,4110005,No,2026-07-29 09:19:38.695,Normal,2020-05-26 12:40:42.779,2025-09-17 10:00:44.000,No,39.8268,-75.7177,FlexNetId: 50530506,FlexNet900,930.5125 MHz,25,901.8625 MHz
43058,true,,LINE-14900R1,RTM II+,No,FlexNet,Enabled,4110005,No,2026-07-29 09:15:54.751,Normal,2018-07-17 13:23:27.431,2025-09-17 10:08:46.000,No,39.789835,-75.971256,FlexNetId: 50408218,FlexNet900,930.5125 MHz,66,901.8375 MHz
51208,true,,LINE-2345RM1,RTM II+,No,FlexNet,Enabled,4110005,No,2026-07-29 09:18:50.097,Normal,2022-07-20 09:09:28.058,2025-09-17 09:49:59.000,No,40.0364,-75.0314,FlexNetId: 50532399,FlexNet900,930.5125 MHz,42,901.8625 MHz
41389,true,,NEWLINVI-351RS2,RTM II+,No,FlexNet,Enabled,4110005,No,2026-07-29 09:18:29.609,Normal,2018-03-26 15:47:12.653,2025-09-17 09:28:55.000,No,39.99351,-75.761041,FlexNetId: 50407215,FlexNet900,930.5125 MHz,39,901.8625 MHz
46926,true,,LINE-2475S1,RTM II+,No,FlexNet,Enabled,4110005,No,2026-07-29 09:15:31.272,Normal,2020-01-05 21:03:40.252,2025-09-17 09:59:01.000,No,39.943,-75.182,FlexNetId: 50410610,FlexNet900,930.5125 MHz,15,901.8375 MHz
48886,true,,NORWALES-372R1,RTM II+,No,FlexNet,Enabled,4110005,No,2026-07-29 09:20:46.789,Normal,2021-11-03 10:56:09.085,2025-09-17 10:13:02.000,No,40.1835,-75.3028,FlexNetId: 50530069,FlexNet900,930.5125 MHz,26,901.8375 MHz
48803,true,,TABOR-134S4,RTM II+,No,FlexNet,Enabled,4110005,No,2026-07-29 09:18:19.077,Normal,2020-12-03 12:46:46.715,2025-09-17 10:06:09.000,No,40.05,-75.151,FlexNetId: 50530950,FlexNet900,930.5125 MHz,7,901.8375 MHz
44504,true,,PARRISH-143S2,RTM II+,No,FlexNet,Enabled,4110005,No,2026-07-29 09:15:21.706,Normal,2019-01-10 14:49:15.794,2025-09-17 09:49:12.000,No,39.95907,-75.193815,FlexNetId: 50409867,FlexNet900,930.5125 MHz,43,901.8625 MHz
45271,true,,TABOR-132S2,RTM II+,No,FlexNet,Enabled,4110005,No,2026-07-29 09:20:42.124,Normal,2019-02-19 09:16:12.467,2025-09-17 09:55:39.000,No,40.064,-75.146,FlexNetId: 50409330,FlexNet900,930.5125 MHz,16,901.8875 MHz
52269,true,,ANGORA-131RM1,RTM II+,No,FlexNet,Enabled,4110005,No,2026-07-29 09:19:45.731,Normal,2023-07-18 09:37:11.900,2025-09-17 10:17:06.000,No,39.95707,-75.2314,FlexNetId: 50533214,FlexNet900,930.5125 MHz,38,901.8375 MHz
46778,true,,TACONY-134RM2,RTM II+,No,FlexNet,Enabled,4110005,No,2026-07-29 09:20:46.018,Normal,2019-12-12 09:45:08.520,2025-09-17 09:55:19.000,No,40.018513,-75.077084,FlexNetId: 50410660,FlexNet900,930.5375 MHz,33,901.8875 MHz
48987,true,,PENCOYD-131RM2,RTM II+,No,FlexNet,Enabled,4110005,No,2026-07-29 09:12:19.669,Normal,2021-01-24 09:14:20.109,2025-09-17 10:06:18.000,No,40.0275,-75.2083,FlexNetId: 50531151,FlexNet900,930.5375 MHz,32,901.8625 MHz
50714,true,,WAYNE-142RM1,RTM II+,No,FlexNet,Enabled,4110005,No,2026-07-29 09:17:53.499,Normal,2022-03-18 09:35:34.463,2025-09-17 10:00:46.000,No,40.0428,-75.3738,FlexNetId: 50531981,FlexNet900,930.5125 MHz,28,901.8375 MHz
45411,true,,MACDADE-145RM2,RTM II+,No,FlexNet,Enabled,4110005,No,2026-07-29 09:09:59.690,Normal,2019-04-03 08:30:18.303,2025-09-17 09:45:02.000,No,39.892,-75.303,FlexNetId: 50410390,FlexNet900,930.5125 MHz,28,901.8375 MHz
42101,true,,TACONY-136RS2,RTM II+,No,FlexNet,Enabled,4110005,No,2026-07-29 09:06:13.965,Normal,2018-03-26 15:47:44.194,2025-09-17 09:59:59.000,No,40.018174,-75.080487,FlexNetId: 50408509,FlexNet900,930.5375 MHz,24,901.8625 MHz
53703,true,,EAGLE-353R1,RTMx,No,FlexNet,Enabled,4110005,No,2026-07-29 09:13:29.531,Normal,2024-08-27 14:47:33.032,2025-09-17 10:17:48.000,No,40.165468,-75.667726,FlexNetId: 50480639,FlexNet900K24,930.5125 MHz,17,901.8375 MHz
45566,true,,BLUEGRAS-147RM1,RTM II+,No,FlexNet,Enabled,4110005,No,2026-07-29 09:18:17.529,Normal,2019-03-06 17:49:00.509,2025-09-17 10:24:48.000,No,40.069431,-75.007966,FlexNetId: 50410320,FlexNet900,930.5375 MHz,31,901.8625 MHz
45564,true,,NEWLINVI-354RS1,RTM II+,No,FlexNet,Enabled,4110005,No,2026-07-29 09:13:44.493,Normal,2019-03-06 17:48:59.775,2025-09-17 10:16:24.000,No,39.97,-75.857,FlexNetId: 50410306,FlexNet900,930.5375 MHz,23,901.8375 MHz
44609,true,,UPMERION-144RM1,RTM II+,No,FlexNet,Enabled,4110005,No,2026-07-29 09:06:22.754,Normal,2019-02-12 11:16:16.874,2025-09-17 09:56:02.000,No,40.058321,-75.406302,FlexNetId: 50409737,FlexNet900,930.5375 MHz,17,901.8625 MHz
47778,true,,LENAPE-351RMP4,RTM II+,No,FlexNet,Enabled,4110005,No,2026-07-29 09:11:37.180,Normal,2020-08-13 09:23:44.373,2025-09-17 10:00:29.000,No,39.847,-75.663,FlexNetId: 50530518,FlexNet900,930.5375 MHz,44,901.8875 MHz
43859,true,,PERKIOME-361S1,RTM II+,No,FlexNet,Enabled,4110005,No,2026-07-29 09:18:30.615,Normal,2018-11-13 10:03:14.286,2025-09-17 09:30:20.000,No,40.16168,-75.4116,FlexNetId: 50409183,FlexNet900,930.5375 MHz,44,901.8875 MHz
54117,true,,BUCKINGH-366RS5,RTMx,No,FlexNet,Enabled,4110005,No,2026-07-29 09:19:06.190,Normal,2024-10-17 10:05:40.118,2025-09-17 09:33:05.000,No,40.3797263,-75.1967367,FlexNetId: 50480840,FlexNet900K24,930.5125 MHz,31,901.8375 MHz
42900,true,,EMILIE-132RM1,RTM II+,No,FlexNet,Enabled,4110005,No,2026-07-29 09:20:20.102,Normal,2018-06-21 10:31:05.726,2025-09-17 09:28:58.000,No,40.138453,-74.867901,FlexNetId: 50408045,FlexNet900,930.5375 MHz,33,901.8875 MHz
46704,true,Activated,GLADWYNE-138S2,RTM II+,No,Verizon,Not Applicable,4110005,No,2026-07-29 09:20:42.408,Normal,2020-01-05 21:20:02.982,,,40.0251,-75.285126,IMEI: 353238061371786,Cell_LE910_VER,,-59,
46704,true,Activated,GLADWYNE-138S2,RTM II+,No,Verizon,Not Applicable,4110005,No,2026-07-29 09:20:42.408,Normal,2020-01-05 21:20:02.982,,,40.0251,-75.285126,ICCID: 89148000002339043405,Cell_LE910_VER,,-59,
42488,true,,BYBERRY-162S2,RTM II+,No,FlexNet,Enabled,4110005,No,2026-07-29 09:20:04.267,Normal,2018-03-26 15:42:28.639,2025-09-17 09:41:25.000,No,40.134978,-74.991094,FlexNetId: 50408629,FlexNet900,930.5375 MHz,31,901.8625 MHz
43037,true,,CLAY-353S2,RTM II+,No,FlexNet,Enabled,4110005,No,2026-07-29 09:17:55.681,Normal,2018-07-17 13:23:19.704,2025-09-17 09:44:40.000,No,39.786184,-75.871429,FlexNetId: 50408255,FlexNet900,930.5125 MHz,31,901.8625 MHz
43035,true,,CONCORD-351S1,RTM II+,No,FlexNet,Enabled,4110005,No,2026-07-29 09:09:23.963,Normal,2018-07-17 13:23:19.030,2025-09-17 09:45:42.000,No,39.910236,-75.545258,FlexNetId: 50408371,FlexNet900,930.5125 MHz,28,901.8875 MHz
30670,true,,BYBERRY-188RM1,RTM II+,No,FlexNet,Enabled,4110005,No,2026-07-29 09:16:26.511,Normal,2016-09-20 13:36:05.290,2025-09-17 10:00:03.000,No,40.097,-75.018,FlexNetId: 50402615,FlexNet900,930.5125 MHz,42,901.8625 MHz
29745,true,,LLANERCH-132T571,RTM II+,No,FlexNet,Enabled,4110005,No,2026-07-29 09:05:57.446,Normal,2019-07-11 17:21:48.211,2025-09-17 10:10:01.000,No,39.965,-75.278,FlexNetId: 50401882,FlexNet900,930.5375 MHz,29,901.8875 MHz
43211,true,,HOLMESBU-139RM1,RTM II+,No,FlexNet,Enabled,4110005,No,2026-07-29 09:13:41.333,Normal,2019-02-13 12:25:42.634,2025-09-17 10:01:37.000,No,40.055665,-75.044984,FlexNetId: 50408302,FlexNet900,930.5125 MHz,44,901.8375 MHz
41367,true,,UPLAND-161S1,RTM II+,No,FlexNet,Enabled,4110005,No,2026-07-29 09:18:01.223,Normal,2018-03-26 15:47:05.335,2025-09-17 10:06:17.000,No,39.981101,-75.23692,FlexNetId: 50407619,FlexNet900,930.5375 MHz,45,901.8875 MHz
45096,true,,ELMWOOD-132T451,RTM II+,No,FlexNet,Enabled,4110005,No,2026-07-29 09:20:32.330,Normal,2019-02-14 09:40:51.704,2025-09-17 10:09:54.000,No,39.92713,-75.23638,FlexNetId: 50410105,FlexNet900,930.5375 MHz,50,901.8875 MHz
47609,true,,PLANEBRO-344RM5,RTM II+,No,FlexNet,Enabled,4110005,No,2026-07-29 09:06:20.532,Normal,2020-05-26 12:40:28.214,2025-09-17 10:06:10.000,No,40.0093,-75.5653,FlexNetId: 50530553,FlexNet900,930.5375 MHz,37,901.8375 MHz
44215,true,,PLANEBRO-352S1,RTM II+,No,FlexNet,Enabled,4110005,No,2026-07-29 09:20:14.511,Normal,2018-12-13 17:09:19.021,2025-09-17 10:04:27.000,No,40.02159,-75.63946,FlexNetId: 50409504,FlexNet900,930.5375 MHz,43,901.8875 MHz
45023,true,,EDDINGTO-137RM2,RTM II+,No,FlexNet,Enabled,4110005,No,2026-07-29 09:15:02.724,Normal,2019-02-14 09:40:11.962,2025-09-17 09:57:31.000,No,40.082308,-74.966617,FlexNetId: 50409396,FlexNet900,930.5125 MHz,40,901.8625 MHz
41370,true,,PERKIOME-351RM3,RTM II+,No,FlexNet,Enabled,4110005,No,2026-07-29 09:16:27.035,Normal,2018-03-26 12:16:43.989,2025-09-17 09:58:17.000,No,40.3068,-75.446719,FlexNetId: 50407254,FlexNet900,930.5125 MHz,45,901.8625 MHz
50699,true,,WARRINGT-362S3,RTM II+,No,FlexNet,Enabled,4110005,No,2026-07-29 09:20:42.502,Normal,2022-03-08 10:56:35.129,2025-09-17 10:00:46.000,No,40.2055,-75.0187,FlexNetId: 50531982,FlexNet900,930.5125 MHz,10,901.8625 MHz
49305,true,,PERKIOME-344S5,RTM II+,No,FlexNet,Enabled,4110005,No,2026-07-29 09:20:31.148,Normal,2021-04-18 10:04:11.116,2025-09-17 10:00:03.000,No,40.1685,-75.4427,FlexNetId: 50531038,FlexNet900,930.5125 MHz,28,901.8625 MHz
43684,true,,WHITEMAR-133S1,RTM II+,No,FlexNet,Enabled,4110005,No,2026-07-29 09:18:53.283,Normal,2018-10-30 14:17:05.990,2025-09-17 09:46:02.000,No,40.096087,-75.213209,FlexNetId: 50408050,FlexNet900,930.5375 MHz,26,901.8625 MHz
49819,true,,LINE-2474S1,RTM II+,No,FlexNet,Enabled,4110005,No,2026-07-29 09:20:42.288,Normal,2021-09-15 15:29:09.135,2025-09-17 10:00:03.000,No,39.94,-75.177,FlexNetId: 50531875,FlexNet900,930.5125 MHz,47,901.8625 MHz
44402,true,,BRADFORD-352R2,RTM II+,No,FlexNet,Enabled,4110005,No,2026-07-29 09:17:45.569,Normal,2019-02-07 15:34:19.094,2025-09-17 10:01:14.000,No,39.95916,-75.61958,FlexNetId: 50409528,FlexNet900,930.5125 MHz,40,901.8375 MHz
44146,true,,BETZWOOD-351RS2,RTM II+,No,FlexNet,Enabled,4110005,No,2026-07-29 09:18:14.302,Normal,2018-11-20 15:04:34.649,2025-09-17 09:48:09.000,No,40.134815,-75.464939,FlexNetId: 50409445,FlexNet900,930.5125 MHz,40,901.8375 MHz
44510,true,,SAVILLE-134T554,RTM II+,No,FlexNet,Enabled,4110005,No,2026-07-29 09:11:07.434,Normal,2019-01-10 14:49:25.207,2025-09-17 10:13:05.000,No,39.859,-75.373,FlexNetId: 50409876,FlexNet900,930.5375 MHz,35,901.8875 MHz
44738,true,,MACDADE-137T393,RTM II+,No,FlexNet,Enabled,4110005,No,2026-07-29 09:10:14.524,Normal,2019-08-14 09:24:03.041,2025-09-17 10:08:10.000,No,39.891,-75.27,FlexNetId: 50409651,FlexNet900,930.5375 MHz,42,901.8625 MHz
52315,true,,LINE-2167T226,RTM II+,No,FlexNet,Enabled,4110005,No,2026-07-29 09:18:05.630,Normal,2023-08-11 08:02:55.056,2025-09-17 09:28:11.000,No,39.9895098,-75.158903,FlexNetId: 50533209,FlexNet900,930.5125 MHz,26,901.8375 MHz
28050,true,,NEWSQUA-143RM1,RTM II+,No,FlexNet,Enabled,4110005,No,2026-07-29 09:11:46.472,Normal,2014-11-21 10:38:03.773,2025-09-17 10:13:08.000,No,39.9844,-75.3926,FlexNetId: 50401663,FlexNet900,930.5125 MHz,41,901.8375 MHz
42870,true,,ELMWOOD-135S3,RTM II+,No,FlexNet,Enabled,4110005,No,2026-07-29 09:19:32.864,Normal,2018-06-07 14:18:04.957,2025-09-17 09:50:38.000,No,39.94661,-75.21307,FlexNetId: 50408064,FlexNet900,930.5375 MHz,40,901.8375 MHz
41324,true,,LINE-7200RM2,RTM II+,No,FlexNet,Enabled,4110005,No,2026-07-29 09:08:57.005,Normal,2018-03-19 11:28:55.211,2025-09-17 10:00:46.000,No,40.150318,-75.220464,FlexNetId: 50407581,FlexNet900,930.5125 MHz,73,901.8625 MHz
44441,true,,ANGORA-131S4,RTM II+,No,FlexNet,Enabled,4110005,No,2026-07-29 09:20:54.924,Normal,2019-01-03 15:36:46.992,2025-09-17 10:01:33.000,No,39.958619,-75.23133,FlexNetId: 50409532,FlexNet900,930.5375 MHz,42,901.8875 MHz
46750,true,,GARRETT-004RS1,RTM II+,No,FlexNet,Enabled,4110005,No,2026-07-29 09:18:36.249,Normal,2019-12-12 09:46:24.907,2025-09-17 10:05:09.000,No,39.939273,-75.299395,FlexNetId: 50410678,FlexNet900,930.5375 MHz,65,901.8875 MHz
51239,true,,CLAY-342T116,RTM II+,No,FlexNet,Enabled,4110005,No,2026-07-29 09:06:07.136,Normal,2022-08-03 07:53:16.237,2025-09-17 09:50:42.000,No,39.7545,-75.9244,FlexNetId: 50532596,FlexNet900,930.5375 MHz,24,901.8625 MHz
51202,true,,BALA-132T1241,RTM II+,No,FlexNet,Enabled,4110005,No,2026-07-29 09:19:07.363,Normal,2022-07-20 09:09:27.179,2025-09-17 09:30:39.000,No,40.0037996,-75.2599921,FlexNetId: 50532670,FlexNet900,930.5125 MHz,22,901.8375 MHz
43693,true,,LENAPE-341S5,RTM II+,No,FlexNet,Enabled,4110005,No,2026-07-29 09:20:15.982,Normal,2019-10-01 11:46:54.690,2025-09-17 10:08:52.000,No,39.837,-75.726,FlexNetId: 50408905,FlexNet900,930.5125 MHz,55,901.8875 MHz
42067,true,,EMILIE-131T155,RTM II+,No,FlexNet,Enabled,4110005,No,2026-07-29 09:15:21.018,Normal,2018-03-26 15:47:29.438,2025-09-17 09:28:56.000,No,40.1236,-74.8503,FlexNetId: 50408434,FlexNet900,930.5375 MHz,58,901.8375 MHz
42299,true,,PLYMOUTH-140RM1,RTM II+,No,FlexNet,Enabled,4110005,No,2026-07-29 09:19:53.261,Normal,2018-04-13 09:39:47.367,2025-09-17 09:42:30.000,No,40.108243,-75.273142,FlexNetId: 50408519,FlexNet900,930.5125 MHz,41,901.8875 MHz
45223,true,,BLUEGRAS-130T577,RTM II+,No,FlexNet,Enabled,4110005,No,2026-07-29 09:20:26.806,Normal,2019-02-19 09:16:04.687,2025-09-17 09:58:17.000,No,40.0737,-74.9835,FlexNetId: 50410092,FlexNet900,930.5125 MHz,22,901.8375 MHz
42569,true,,LOCK-342T313,RTM II+,No,FlexNet,Enabled,4110005,No,2026-07-29 09:11:06.728,Normal,2018-04-13 09:02:33.638,2025-09-17 09:51:50.000,No,40.234815,-75.619933,FlexNetId: 50408401,FlexNet900,930.5125 MHz,73,901.8625 MHz
43690,true,,PLANEBRO-352RM2,RTM II+,No,FlexNet,Enabled,4110005,No,2026-07-29 09:19:33.194,Normal,2018-10-30 14:17:07.633,2025-09-17 09:30:21.000,No,40.02661,-75.625139,FlexNetId: 50408885,FlexNet900,930.5375 MHz,27,901.8375 MHz
47118,true,,PLYMOUTH-164RM1,RTM II+,No,FlexNet,Enabled,4110005,No,2026-07-29 09:19:45.895,Normal,2020-02-03 08:01:26.738,2025-09-17 10:05:08.000,No,40.12922,-75.29858,FlexNetId: 50530218,FlexNet900,930.5125 MHz,27,901.8625 MHz
44702,true,,EMILIE-133RM1,RTM II+,No,FlexNet,Enabled,4110005,No,2026-07-29 09:17:23.291,Normal,2019-10-16 09:33:34.002,2025-09-17 09:56:00.000,No,40.1307,-74.8563,FlexNetId: 50409695,FlexNet900,930.5125 MHz,49,901.8375 MHz
42559,true,,FLINT-147RM1,RTM II+,No,FlexNet,Enabled,4110005,No,2026-07-29 09:15:26.510,Normal,2018-04-13 09:02:30.615,2025-09-17 10:08:46.000,No,40.171641,-75.2974125,FlexNetId: 50408630,FlexNet900,930.5125 MHz,44,901.8375 MHz
32591,true,,MIDDLETO-352RM5,RTM II+,No,FlexNet,Enabled,4110005,No,2026-07-29 09:16:30.114,Normal,2014-12-12 13:31:29.453,2025-09-17 10:00:03.000,No,39.9531,-75.4232,FlexNetId: 50403324,FlexNet900,930.5125 MHz,17,901.8625 MHz
44725,true,,PASSYUNK-132RS5,RTM II+,No,FlexNet,Enabled,4110005,No,2026-07-29 09:09:55.132,Normal,2019-02-12 11:17:10.721,2025-09-17 10:05:12.000,No,39.93,-75.178,FlexNetId: 50409675,FlexNet900,930.5375 MHz,44,901.8625 MHz
45052,true,,WOODBOUR-351RS6,RTM II+,No,FlexNet,Enabled,4110005,No,2026-07-29 09:19:36.318,Normal,2019-02-14 09:40:22.057,2025-09-17 09:59:23.000,No,40.206,-74.892,FlexNetId: 50409352,FlexNet900,930.5375 MHz,34,901.8875 MHz
44977,true,,LINE-3344RM1,RTM II+,No,FlexNet,Enabled,4110005,No,2026-07-29 09:20:54.518,Normal,2019-02-12 11:18:01.677,2025-09-17 10:13:10.000,No,39.866266,-75.376095,FlexNetId: 50409717,FlexNet900,930.5125 MHz,43,901.8375 MHz
45327,true,,PACKER-131T936,RTM II+,No,FlexNet,Enabled,4110005,No,2026-07-29 09:07:21.559,Normal,2019-04-03 08:29:44.612,2025-09-17 10:08:49.000,No,39.918853,-75.160839,FlexNetId: 50410122,FlexNet900,930.5125 MHz,45,901.8375 MHz
43268,true,,NORWALES-344T209,RTM II+,No,FlexNet,Enabled,4110005,No,2026-07-29 09:09:41.770,Normal,2018-11-27 10:03:17.233,2025-09-17 09:30:17.000,No,40.193839,-75.294567,FlexNetId: 50408718,FlexNet900,930.5125 MHz,21,901.8625 MHz
45144,true,,UPPRPROV-342RM4,RTM II+,No,FlexNet,Enabled,4110005,No,2026-07-29 09:19:28.159,Normal,2019-02-19 09:15:36.391,2025-09-17 10:01:35.000,No,40.155376,-75.486044,FlexNetId: 50410201,FlexNet900,930.5125 MHz,48,901.8375 MHz
43568,true,,FOXCHASE-137RM1,RTM II+,No,FlexNet,Enabled,4110005,No,2026-07-29 09:20:48.189,Normal,2018-10-30 14:16:45.363,2025-09-17 10:24:48.000,No,40.0780863,-75.0842508,FlexNetId: 50408875,FlexNet900,930.5125 MHz,26,901.8375 MHz
44785,true,,FOXCHASE-139S2,RTM II+,No,FlexNet,Enabled,4110005,No,2026-07-29 09:15:26.917,Normal,2019-02-12 11:17:38.645,2025-09-17 10:20:23.000,No,40.069,-75.06,FlexNetId: 50409646,FlexNet900,930.5125 MHz,33,901.8875 MHz
48136,true,,CRESCENT-132T2,RTM II+,No,FlexNet,Enabled,4110005,No,2026-07-29 09:14:34.981,Normal,2020-09-22 09:17:18.839,2025-09-17 09:56:46.000,No,40.0304,-75.0812,FlexNetId: 50530030,FlexNet900,930.5125 MHz,38,901.8875 MHz
50707,true,,TABOR-134T983,RTM II+,No,FlexNet,Enabled,4110005,No,2026-07-29 09:14:33.376,Normal,2022-03-09 10:11:11.896,2025-09-17 09:44:38.000,No,40.045,-75.145,FlexNetId: 50531986,FlexNet900,930.5125 MHz,28,901.8375 MHz
43837,true,,NORWALES-352RS1,RTM II+,No,FlexNet,Enabled,4110005,No,2026-07-29 09:16:41.457,Normal,2018-11-13 10:02:57.503,2025-09-17 09:43:56.000,No,40.232,-75.318,FlexNetId: 50409250,FlexNet900,930.5125 MHz,34,901.8875 MHz
51809,true,,LINE-718T1054,RTM II+,No,FlexNet,Enabled,4110005,No,2026-07-29 09:11:01.255,Normal,2022-12-07 09:54:51.272,2025-09-17 09:29:40.000,No,39.98575,-75.11762,FlexNetId: 50532879,FlexNet900,930.5125 MHz,76,901.8375 MHz
41323,true,,WOODBOUR-341RM4,RTM II+,No,FlexNet,Enabled,4110005,No,2026-07-29 09:12:32.563,Normal,2018-03-26 15:46:49.067,2025-09-17 10:04:22.000,No,40.20173,-74.877846,FlexNetId: 50407676,FlexNet900,930.5125 MHz,43,901.8625 MHz
43902,true,,BLUEGRAS-146RS2,RTM II+,No,FlexNet,Enabled,4110005,No,2026-07-29 09:18:15.321,Normal,2019-02-17 08:54:00.050,2025-09-17 10:24:48.000,No,40.0904,-75.0263,FlexNetId: 50409077,FlexNet900,930.5375 MHz,29,901.8875 MHz
48288,true,,ISLANDRD-131T678,RTM II+,No,FlexNet,Enabled,4110005,No,2026-07-29 09:06:08.825,Normal,2020-09-25 11:34:14.083,2025-09-17 10:05:15.000,No,39.8995,-75.2535,FlexNetId: 50530354,FlexNet900,930.5375 MHz,43,901.8625 MHz
43152,true,,BLUEGRAS-132RS4,RTM II+,No,FlexNet,Enabled,4110005,No,2026-07-29 09:20:46.956,Normal,2018-10-02 13:29:23.481,2025-09-17 09:49:15.000,No,40.059765,-75.027995,FlexNetId: 50408203,FlexNet900,930.5375 MHz,23,901.8625 MHz
28063,true,,EAGLE-352S1,RTM II+,No,FlexNet,Enabled,4110005,No,2026-07-29 09:14:54.856,Normal,2014-11-21 15:11:26.007,2025-09-17 09:44:57.000,No,40.086818,-75.6528,FlexNetId: 50401821,FlexNet900,930.5125 MHz,26,901.8625 MHz
49429,true,,BLUEGRAS-142T901,RTM II+,No,FlexNet,Enabled,4110005,No,2026-07-29 09:09:29.168,Normal,2021-06-10 09:55:06.605,2025-09-17 09:51:02.000,No,40.0635,-75.0217,FlexNetId: 50531023,FlexNet900,930.5125 MHz,29,901.8875 MHz
44643,true,,LINE-14700R2,RTM II+,No,FlexNet,Enabled,4110005,No,2026-07-29 09:15:24.840,Normal,2019-02-12 11:16:32.677,2025-09-17 10:05:12.000,No,40.07498,-75.54786,FlexNetId: 50409749,FlexNet900,930.5125 MHz,67,901.8375 MHz
42802,true,,LINTON-343T269,RTM II+,No,FlexNet,Enabled,4110005,No,2026-07-29 09:19:32.552,Normal,2018-06-07 14:17:57.336,2025-09-17 09:41:27.000,No,40.20596256,-74.96710826,FlexNetId: 50408168,FlexNet900,930.5375 MHz,26,901.8625 MHz
44157,true,,CALLOWHI-137T347,RTM II+,No,FlexNet,Enabled,4110005,No,2026-07-29 09:13:43.221,Normal,2018-11-20 15:04:31.804,2025-09-17 10:01:10.000,No,39.961406,-75.159401,FlexNetId: 50409433,FlexNet900,930.5125 MHz,39,901.8375 MHz
52883,true,,JARRETT-144T782,RTM II+,No,FlexNet,Enabled,4110005,No,2026-07-29 09:18:49.920,Normal,2023-12-11 09:23:23.515,2025-09-17 10:17:09.000,No,40.21406,-75.18521,FlexNetId: 50533235,FlexNet900,930.5125 MHz,32,901.8375 MHz
46930,true,,LINE-2216T700,RTM II+,No,FlexNet,Enabled,4110005,No,2026-07-29 09:10:02.398,Normal,2020-01-05 21:03:41.058,2025-09-17 10:05:08.000,No,40.001,-75.125,FlexNetId: 50530120,FlexNet900,930.5375 MHz,32,901.8625 MHz
44212,true,,UPMERION-134S1,RTM II+,No,FlexNet,Enabled,4110005,No,2026-07-29 09:11:49.081,Normal,2018-12-13 17:09:18.008,2025-09-17 09:44:41.000,No,40.091708,-75.42195,FlexNetId: 50409418,FlexNet900,930.5125 MHz,21,901.8625 MHz
43250,true,,BURHOLME-135S1,RTM II+,No,FlexNet,Enabled,4110005,No,2026-07-29 09:19:31.990,Normal,2018-12-07 10:47:24.515,2025-09-17 10:00:48.000,No,40.04738,-75.09168,FlexNetId: 50408113,FlexNet900,930.5375 MHz,26,901.8875 MHz
42062,true,,LENAPE-342RM2,RTM II+,No,FlexNet,Enabled,4110005,No,2026-07-29 09:07:25.365,Normal,2018-04-13 09:39:42.701,2025-09-17 09:51:02.000,No,39.9218,-75.6282,FlexNetId: 50408575,FlexNet900,930.5125 MHz,33,901.8375 MHz
43933,true,,NORWALES-363T173,RTM II+,No,FlexNet,Enabled,4110005,No,2026-07-29 09:11:30.286,Normal,2018-11-13 10:06:15.889,2025-09-17 09:29:17.000,No,40.158683,-75.407729,FlexNetId: 50409066,FlexNet900,930.5125 MHz,3,901.8375 MHz
43055,true,,LINE-3307S1,RTM II+,No,FlexNet,Enabled,4110005,No,2026-07-29 09:20:12.583,Normal,2018-07-17 13:23:26.204,2025-09-17 09:44:37.000,No,39.762156,-75.991552,FlexNetId: 50408492,FlexNet900,930.5125 MHz,35,901.8625 MHz
45025,true,,NORWALES-366RM1,RTM II+,No,FlexNet,Enabled,4110005,No,2026-07-29 09:14:36.547,Normal,2019-02-14 09:40:12.684,2025-09-17 09:29:15.000,No,40.258321,-75.248496,FlexNetId: 50409379,FlexNet900,930.5125 MHz,40,901.8625 MHz
41358,true,,CEDARBRO-135T389,RTM II+,No,FlexNet,Enabled,4110005,No,2026-07-29 09:13:25.022,Normal,2018-03-26 15:47:01.672,2025-09-17 09:28:58.000,No,40.084022,-75.187185,FlexNetId: 50407680,FlexNet900,930.5375 MHz,45,901.8625 MHz
45418,true,,ELMWOOD-131T412,RTM II+,No,FlexNet,Enabled,4110005,No,2026-07-29 09:08:05.956,Normal,2019-04-03 08:30:20.960,2025-09-17 10:13:06.000,No,39.917586,-75.240656,FlexNetId: 50410397,FlexNet900,930.5375 MHz,36,901.8875 MHz
47897,true,,EAGLE-342RM5,RTM II+,No,FlexNet,Enabled,4110005,No,2026-07-29 09:16:08.040,Normal,2020-08-15 21:32:44.233,2025-09-17 10:17:50.000,No,40.115915,-75.71783,FlexNetId: 50530005,FlexNet900,930.5125 MHz,21,901.8875 MHz
42562,true,,PASSYUNK-133S4,RTM II+,No,FlexNet,Enabled,4110005,No,2026-07-29 09:15:29.210,Normal,2018-04-13 09:02:31.555,2025-09-17 09:41:29.000,No,39.926,-75.178,FlexNetId: 50408584,FlexNet900,930.5125 MHz,30,901.8875 MHz
42072,true,,PULASKI-133S2,RTM II+,No,FlexNet,Enabled,4110005,No,2026-07-29 09:11:45.270,Normal,2018-03-26 15:47:31.432,2025-09-17 10:04:25.000,No,40.054995,-75.159689,FlexNetId: 50408427,FlexNet900,930.5125 MHz,36,901.8375 MHz
40191,true,,CRESCENT-134T284,RTM II+,No,FlexNet,Enabled,4110005,No,2026-07-29 09:12:29.375,Normal,2017-10-10 09:09:46.223,2025-09-17 10:00:26.000,No,40.049415,-75.117418,FlexNetId: 50405862,FlexNet900,930.5375 MHz,43,901.8625 MHz
45319,true,,PACKER-131RM2,RTM II+,No,FlexNet,Enabled,4110005,No,2026-07-29 09:19:55.626,Normal,2019-04-03 08:29:42.316,2025-09-17 10:08:50.000,No,39.919719,-75.164495,FlexNetId: 50410053,FlexNet900,930.5125 MHz,16,901.8875 MHz
46895,true,,LINE-2200T798,RTM II+,No,FlexNet,Enabled,4110005,No,2026-07-29 09:07:42.491,Normal,2020-01-05 21:03:49.673,2025-09-17 10:01:54.000,No,40.2343,-75.6589,FlexNetId: 50410630,FlexNet900,930.5125 MHz,46,901.8375 MHz
52194,true,,LINTON-342T190,RTM II+,No,FlexNet,Enabled,4110005,No,2026-07-29 09:17:18.058,Normal,2023-06-07 07:36:03.681,2025-09-17 09:50:19.000,No,40.27844,-75.93,FlexNetId: 50532065,FlexNet900,930.5375 MHz,27,901.8625 MHz
52183,true,,LINE-300RM2,RTM II+,No,FlexNet,Enabled,4110005,No,2026-07-29 09:19:47.257,Normal,2023-06-07 07:36:01.664,2025-09-17 10:08:13.000,No,40.154376,-75.628089,FlexNetId: 50532118,FlexNet900,930.5125 MHz,73,901.8875 MHz
49873,true,,UPPRPROV-342T924,RTM II+,No,FlexNet,Enabled,4110005,No,2026-07-29 09:19:45.321,Normal,2021-10-05 10:05:48.207,2025-09-17 09:59:39.000,No,40.1723,-75.4953,FlexNetId: 50531630,FlexNet900,930.5125 MHz,45,901.8875 MHz
49216,true,,UPLAND-131S1,RTM II+,No,FlexNet,Enabled,4110005,No,2026-07-29 09:15:56.320,Normal,2021-03-23 08:50:20.076,2025-09-17 10:06:17.000,No,39.987,-75.241,FlexNetId: 50531018,FlexNet900,930.5125 MHz,43,901.8625 MHz
51805,true,,EDDYSTON-132T18,RTM II+,No,FlexNet,Enabled,4110005,No,2026-07-29 09:06:41.943,Normal,2022-12-07 09:54:50.414,2025-09-17 09:49:59.000,No,39.8823,-75.3365,FlexNetId: 50533004,FlexNet900,930.5125 MHz,55,901.8375 MHz
45261,true,,ELMWOOD-135T616,RTM II+,No,FlexNet,Enabled,4110005,No,2026-07-29 09:13:55.784,Normal,2019-02-19 09:16:08.885,2025-09-17 09:59:24.000,No,39.928,-75.22,FlexNetId: 50410178,FlexNet900,930.5125 MHz,52,901.8875 MHz
50891,true,,FLINT-132RM1,RTM II+,No,FlexNet,Enabled,4110005,No,2026-07-29 09:15:04.672,Normal,2022-06-23 10:26:07.419,2025-09-17 09:50:39.000,No,40.064,-75.3322,FlexNetId: 50532161,FlexNet900,930.5125 MHz,26,901.8375 MHz
42721,true,,BYBERRY-135RM1,RTM II+,No,FlexNet,Enabled,4110005,No,2026-07-29 09:15:29.434,Normal,2018-05-03 20:30:49.313,2025-09-17 09:28:56.000,No,40.119,-75.034,FlexNetId: 50408603,FlexNet900,930.5125 MHz,15,901.8875 MHz
50701,true,,MASTER-162S1,RTM II+,No,FlexNet,Enabled,4110005,No,2026-07-29 09:18:12.262,Normal,2022-03-08 10:56:50.439,2025-09-17 10:00:28.000,No,39.976,-75.161,FlexNetId: 50531983,FlexNet900,930.5375 MHz,43,901.8375 MHz
47184,true,,PULASKI-134T623,RTM II+,No,FlexNet,Enabled,4110005,No,2026-07-29 09:19:26.758,Normal,2020-02-25 09:05:49.448,2025-09-17 10:20:24.000,No,40.058,-75.152,FlexNetId: 50530857,FlexNet900,930.5125 MHz,33,901.8625 MHz
44584,true,,MASTER-161S2,RTM II+,No,FlexNet,Enabled,4110005,No,2026-07-29 09:06:19.674,Normal,2019-02-12 11:16:04.135,2025-09-17 10:01:55.000,No,39.981151,-75.165097,FlexNetId: 50409777,FlexNet900,930.5375 MHz,36,901.8375 MHz
42143,true,,FALLS-353R1,RTM II+,No,FlexNet,Enabled,4110005,No,2026-07-29 09:19:01.806,Normal,2018-07-26 08:14:25.025,2025-09-17 09:28:54.000,No,40.211701,-74.821022,FlexNetId: 50408508,FlexNet900,930.5125 MHz,55,901.8625 MHz
44661,true,,ELMWOOD-135T615,RTM II+,No,FlexNet,Enabled,4110005,No,2026-07-29 09:11:27.213,Normal,2019-02-12 11:16:41.012,2025-09-17 10:02:16.000,No,39.932,-75.219,FlexNetId: 50409832,FlexNet900,930.5125 MHz,59,901.8875 MHz
46770,true,,BUCKINGH-342T292,RTM II+,No,FlexNet,Enabled,4110005,No,2026-07-29 09:13:59.191,Normal,2019-12-12 09:45:02.029,2025-09-17 10:20:23.000,No,40.353,-75.0058,FlexNetId: 50410760,FlexNet900,930.5375 MHz,51,901.8875 MHz
45127,true,,CEDARBRO-131T100,RTM II+,No,FlexNet,Enabled,4110005,No,2026-07-29 09:17:45.996,Normal,2019-02-19 09:16:01.627,2025-09-17 09:29:18.000,No,40.101,-75.195,FlexNetId: 50410083,FlexNet900,930.5125 MHz,25,901.8375 MHz
50483,true,,PASSYUNK-134T853,RTM II+,No,FlexNet,Enabled,4110005,No,2026-07-29 09:14:32.854,Normal,2021-12-13 09:55:44.968,2025-09-17 09:59:42.000,No,39.928,-75.17,FlexNetId: 50531698,FlexNet900,930.5125 MHz,35,901.8375 MHz
43841,true,,LINE-8400S1,RTM II+,No,FlexNet,Enabled,4110005,No,2026-07-29 09:18:12.330,Normal,2018-11-13 10:02:58.501,2025-09-17 09:49:13.000,No,40.07591,-75.33066,FlexNetId: 50409186,FlexNet900,930.5375 MHz,43,901.8625 MHz
43216,true,,LINE-7500R4,RTM II+,No,FlexNet,Enabled,4110005,No,2026-07-29 09:10:50.978,Normal,2019-02-13 12:25:47.601,2025-09-17 09:58:38.000,No,39.98586,-75.54297,FlexNetId: 50408288,FlexNet900,930.5125 MHz,57,901.8875 MHz
49476,true,,BUCKINGH-361R1,RTM II+,No,FlexNet,Enabled,4110005,No,2026-07-29 09:11:47.567,Normal,2021-06-18 09:04:26.587,2025-09-17 09:49:59.000,No,40.31499,-75.10337,FlexNetId: 50531534,FlexNet900,930.5125 MHz,50,901.8375 MHz
45011,true,,CRESCENT-136T459,RTM II+,No,FlexNet,Enabled,4110005,No,2026-07-29 09:10:40.880,Normal,2019-02-14 09:40:07.682,2025-09-17 10:01:56.000,No,40.016635,-75.087638,FlexNetId: 50409795,FlexNet900,930.5125 MHz,31,901.8625 MHz
48782,true,,MORRISVI-012RS2,RTM II+,No,FlexNet,Enabled,4110005,No,2026-07-29 09:20:48.068,Normal,2020-12-04 15:04:28.046,2025-09-17 10:08:43.000,No,40.2053,-74.772,FlexNetId: 50530942,FlexNet900,930.5125 MHz,40,901.8625 MHz
51367,true,,BYBERRY-137T380,RTM II+,No,FlexNet,Enabled,4110005,No,2026-07-29 09:16:59.241,Normal,2022-09-21 07:54:38.341,2025-09-17 09:28:09.000,No,40.14377,-75.0247,FlexNetId: 50532022,FlexNet900,930.5125 MHz,20,901.8375 MHz
44686,true,,LINE-2710T626,RTM II+,No,FlexNet,Enabled,4110005,No,2026-07-29 09:14:08.633,Normal,2019-11-26 12:55:03.835,2025-09-17 10:24:48.000,No,39.913,-75.24,FlexNetId: 50409688,FlexNet900,930.5375 MHz,13,901.8875 MHz
43048,true,,JENKINTO-139S1,RTM II+,No,FlexNet,Enabled,4110005,No,2026-07-29 09:17:08.861,Normal,2018-07-17 13:23:23.697,2024-10-08 13:02:55.000,No,40.101977,-75.099936,FlexNetId: 50408246,FlexNet900,930.5375 MHz,16,901.8625 MHz
52816,true,,PERKIOME-361S2,RTM II+,No,FlexNet,Enabled,4110005,No,2026-07-29 09:12:59.932,Normal,2023-12-11 09:22:13.211,2025-09-17 10:16:31.000,No,40.15417,-75.4134,FlexNetId: 50533080,FlexNet900,930.5125 MHz,30,901.8375 MHz
42863,true,,BETZWOOD-352R2,RTM II+,No,FlexNet,Enabled,4110005,No,2026-07-29 09:06:57.634,Normal,2018-06-07 14:18:02.644,2025-09-17 09:28:34.000,No,40.111617,-75.42113,FlexNetId: 50408595,FlexNet900,930.5375 MHz,37,901.8625 MHz
52263,true,,DALEVILL-341RM1,RTM II+,No,FlexNet,Enabled,4110005,No,2026-07-29 09:18:05.343,Normal,2023-06-16 08:04:05.339,2025-09-17 09:50:16.000,No,39.81764,-75.77034,FlexNetId: 50533267,FlexNet900,930.5375 MHz,48,901.8375 MHz
43662,true,,CEDARBRO-133T878,RTM II+,No,FlexNet,Enabled,4110005,No,2026-07-29 09:10:14.950,Normal,2018-10-30 14:16:58.584,2025-09-17 09:46:02.000,No,40.089615,-75.214026,FlexNetId: 50408814,FlexNet900,930.5375 MHz,21,901.8875 MHz
47694,true,,NORWALES-371RS4,RTM II+,No,FlexNet,Enabled,4110005,No,2026-07-29 09:19:14.214,Normal,2020-08-15 21:35:20.735,2025-09-17 10:00:44.000,No,40.229,-75.247,FlexNetId: 50530778,FlexNet900,930.5375 MHz,51,901.8875 MHz
45547,true,,LINE-374T551,RTM II+,No,FlexNet,Enabled,4110005,No,2026-07-29 09:07:12.205,Normal,2019-03-06 17:48:53.680,2025-09-17 10:13:02.000,No,39.93,-75.152,FlexNetId: 50410358,FlexNet900,930.5125 MHz,30,901.8625 MHz
42097,true,,NESHAMIN-143S2,RTM II+,No,FlexNet,Enabled,4110005,No,2026-07-29 09:11:43.804,Normal,2018-03-26 15:47:42.602,2025-09-17 09:44:00.000,No,40.15374535,-74.89717628,FlexNetId: 50408387,FlexNet900,930.5125 MHz,30,901.8375 MHz
47747,true,,NEWSQUA-144S5,RTM II+,No,FlexNet,Enabled,4110005,No,2026-07-29 09:18:19.806,Normal,2020-08-13 09:23:38.853,2024-10-11 09:21:23.000,No,39.98211,-75.361524,FlexNetId: 50530670,FlexNet900,930.5125 MHz,57,901.8875 MHz
42741,true,,EAGLE-352T275,RTM II+,No,FlexNet,Enabled,4110005,No,2026-07-29 09:08:36.545,Normal,2018-05-11 12:14:07.939,2025-09-17 10:00:01.000,No,40.12963,-75.69033,FlexNetId: 50408605,FlexNet900,930.5375 MHz,20,901.8625 MHz
48821,true,,COATESVI-003RS3,RTM II+,No,FlexNet,Enabled,4110005,No,2026-07-29 09:20:51.057,Normal,2020-12-03 12:46:29.216,2025-09-17 10:06:18.000,No,39.9808,-75.8167,FlexNetId: 50530956,FlexNet900,930.5125 MHz,59,901.8625 MHz
48749,true,,CONCORD-351T680,RTM II+,No,FlexNet,Enabled,4110005,No,2026-07-29 09:18:51.323,Normal,2020-12-02 10:01:24.063,2025-09-17 10:16:27.000,No,39.935,-75.489,FlexNetId: 50530952,FlexNet900,930.5125 MHz,29,901.8375 MHz
43252,true,,LENAPE-343T334,RTM II+,No,FlexNet,Enabled,4110005,No,2026-07-29 09:11:14.832,Normal,2018-12-07 14:59:33.258,2025-09-17 09:45:40.000,No,39.9,-75.625,FlexNetId: 50408213,FlexNet900,930.5375 MHz,13,901.8875 MHz
44991,true,,PASSYUNK-134RM2,RTM II+,No,FlexNet,Enabled,4110005,No,2026-07-29 09:20:42.760,Normal,2019-02-12 11:18:08.950,2025-09-17 09:44:39.000,No,39.932,-75.167,FlexNetId: 50409801,FlexNet900,930.5375 MHz,28,901.8625 MHz
45197,true,,BRADFORD-344T667,RTM II+,No,FlexNet,Enabled,4110005,No,2026-07-29 09:16:00.868,Normal,2019-02-19 09:15:55.659,2025-09-17 09:55:17.000,No,40.035,-75.652,FlexNetId: 50410205,FlexNet900,930.5375 MHz,46,901.8375 MHz
51836,true,,ROXBOROU-131S1,RTM II+,No,FlexNet,Enabled,4110005,No,2026-07-29 09:20:45.413,Normal,2023-01-12 09:19:27.097,2025-09-17 10:24:48.000,No,40.0585,-75.2325,FlexNetId: 50532907,FlexNet900,930.5125 MHz,35,901.8375 MHz
54193,true,,CROYDON-141RM1,RTMx,No,FlexNet,Enabled,4110005,No,2026-07-29 09:07:37.604,Normal,2024-10-17 09:54:31.487,2025-09-17 12:31:21.000,No,40.0868,-74.90348,FlexNetId: 50480879,FlexNet900K24,930.5125 MHz,27,901.8375 MHz
43287,true,,GLADWYNE-133T185,RTM II+,No,FlexNet,Enabled,4110005,No,2026-07-29 09:08:41.664,Normal,2018-12-07 14:59:10.109,2025-09-17 10:08:09.000,No,40.035903,-75.278563,FlexNetId: 50408706,FlexNet900,930.5125 MHz,56,901.8625 MHz
51888,true,,MACDADE-146RM1,RTM II+,No,FlexNet,Enabled,4110005,No,2026-07-29 09:07:36.950,Normal,2023-02-13 06:02:35.843,2025-09-17 09:43:58.000,No,39.8769,-75.3215,FlexNetId: 50532933,FlexNet900,930.5125 MHz,36,901.8375 MHz
49869,true,,LINE-2381RM1,RTM II+,No,FlexNet,Enabled,4110005,No,2026-07-29 09:18:31.385,Normal,2021-10-05 10:06:06.228,2025-09-17 09:51:52.000,No,40.0672,-75.0178,FlexNetId: 50531701,FlexNet900,930.5125 MHz,19,901.8375 MHz
51204,true,,LINE-7500RS2,RTM II+,No,FlexNet,Enabled,4110005,No,2026-07-29 09:20:03.206,Normal,2022-07-20 09:09:27.450,2025-09-17 09:50:41.000,No,39.9991,-75.5462,FlexNetId: 50532611,FlexNet900,930.5125 MHz,41,901.8375 MHz
41401,true,,NEWLINVI-342T188,RTM II+,No,FlexNet,Enabled,4110005,No,2026-07-29 09:12:59.780,Normal,2018-03-26 15:47:17.706,2025-09-17 09:28:55.000,No,40.047732,-75.88647,FlexNetId: 50407229,FlexNet900,930.5125 MHz,55,901.8625 MHz
41376,true,,CRESCENT-132T286,RTM II+,No,FlexNet,Enabled,4110005,No,2026-07-29 09:18:33.481,Normal,2018-03-26 15:47:08.627,2025-09-17 09:59:01.000,No,40.02244,-75.063494,FlexNetId: 50407710,FlexNet900,930.5125 MHz,30,901.8375 MHz
43625,true,,EDDINGTO-131S3,RTM II+,No,FlexNet,Enabled,4110005,No,2026-07-29 09:13:15.288,Normal,2018-10-05 14:49:11.521,2025-09-17 10:01:37.000,No,40.106,-74.95,FlexNetId: 50408803,FlexNet900,930.5375 MHz,52,901.8625 MHz
47210,true,,NESHAMIN-133RM1,RTM II+,No,FlexNet,Enabled,4110005,No,2026-07-29 09:19:29.629,Normal,2020-02-25 09:05:54.364,2025-09-17 09:29:20.000,No,40.13738,-74.94548,FlexNetId: 50530672,FlexNet900,930.5375 MHz,37,901.8625 MHz
45088,true,,WANEETA-133S3,RTM II+,No,FlexNet,Enabled,4110005,No,2026-07-29 09:20:07.442,Normal,2019-02-14 09:40:33.743,2025-09-17 09:30:17.000,No,39.98526,-75.12925,FlexNetId: 50409360,FlexNet900,930.5125 MHz,45,901.8375 MHz
32549,true,,LINE-2100RM2,RTM II+,No,FlexNet,Enabled,4110005,No,2026-07-29 09:16:40.253,Normal,2014-12-03 09:19:12.980,2025-09-17 09:57:33.000,No,40.177098,-75.5184517,FlexNetId: 50403834,FlexNet900,930.5375 MHz,56,901.8625 MHz
45226,true,,MORRISVI-012RS1,RTM II+,No,FlexNet,Enabled,4110005,No,2026-07-29 09:20:40.150,Normal,2019-02-19 09:16:05.782,2025-09-17 10:08:43.000,No,40.2045,-74.7733,FlexNetId: 50410200,FlexNet900,930.5125 MHz,58,901.8375 MHz
43210,true,,JENKINTO-131T212,RTM II+,No,FlexNet,Enabled,4110005,No,2026-07-29 09:11:30.898,Normal,2018-10-30 16:38:54.122,2025-09-17 09:45:22.000,No,40.069389,-75.126584,FlexNetId: 50408300,FlexNet900,930.5375 MHz,20,901.8875 MHz
44655,true,,PERKIOME-362R1,RTM II+,No,FlexNet,Enabled,4110005,No,2026-07-29 09:17:40.111,Normal,2019-11-23 12:26:04.797,2025-09-17 10:01:15.000,No,40.1979,-75.4737,FlexNetId: 50409736,FlexNet900,930.5125 MHz,29,901.8375 MHz
43661,true,,CONCORD-347T67,RTM II+,No,FlexNet,Enabled,4110005,No,2026-07-29 09:10:22.896,Normal,2018-10-30 14:16:58.285,2025-09-17 09:46:01.000,No,39.886899,-75.51156,FlexNetId: 50408863,FlexNet900,930.5375 MHz,21,901.8875 MHz
44694,true,,CONCORD-348T658,RTM II+,No,FlexNet,Enabled,4110005,No,2026-07-29 09:15:23.420,Normal,2019-02-12 11:16:56.674,2025-09-17 10:05:09.000,No,39.84995,-75.485616,FlexNetId: 50409681,FlexNet900,930.5375 MHz,14,901.8375 MHz
45508,true,,PACKER-132S2,RTM II+,No,FlexNet,Enabled,4110005,No,2026-07-29 09:10:33.280,Normal,2019-03-06 17:48:38.026,2025-09-17 09:55:22.000,No,39.922,-75.154,FlexNetId: 50410284,FlexNet900,930.5375 MHz,54,901.8625 MHz
44397,true,,LINE-2200RM1,RTM II+,No,FlexNet,Enabled,4110005,No,2026-07-29 09:20:25.261,Normal,2019-02-07 15:32:44.373,2025-09-17 09:55:18.000,No,40.2338,-75.6572,FlexNetId: 50409308,FlexNet900,930.5375 MHz,39,901.8625 MHz
46424,true,,SAVILLE-134S2,RTM II+,No,FlexNet,Enabled,4110005,No,2026-07-29 09:19:30.021,Normal,2019-09-03 12:48:19.730,2025-09-17 10:16:32.000,No,39.86,-75.382,FlexNetId: 50410888,FlexNet900,930.5375 MHz,41,901.8875 MHz
44771,true,,ELMWOOD-132S1,RTM II+,No,FlexNet,Enabled,4110005,No,2026-07-29 09:17:10.336,Normal,2019-02-12 11:17:32.200,2025-09-17 09:55:19.000,No,39.93082632,-75.232622,FlexNetId: 50409875,FlexNet900,930.5375 MHz,28,901.8375 MHz
52755,true,,CLAY-341RS1,RTM II+,No,FlexNet,Enabled,4110005,No,2026-07-29 09:13:49.366,Normal,2023-11-20 12:13:59.056,2025-09-17 10:16:29.000,No,39.8128,-75,FlexNetId: 50533567,FlexNet900,930.5125 MHz,32,901.8375 MHz
48788,true,,WESTMORE-134S1,RTM II+,No,FlexNet,Enabled,4110005,No,2026-07-29 09:13:29.882,Normal,2020-12-04 15:04:19.874,2025-09-17 10:06:12.000,No,39.9958,-75.1812,FlexNetId: 50530895,FlexNet900,930.5125 MHz,42,901.8875 MHz
41399,true,,BRYNMAWR-132RM1,RTM II+,No,FlexNet,Enabled,4110005,No,2026-07-29 09:16:15.027,Normal,2018-03-26 15:47:16.888,2025-09-17 09:58:58.000,No,40.0287,-75.332,FlexNetId: 50407442,FlexNet900,930.5125 MHz,30,901.8875 MHz
40387,true,,ROXBOROU-134S3,RTM II+,No,FlexNet,Enabled,4110005,No,2026-07-29 09:06:58.859,Normal,2017-11-09 09:57:52.487,2025-09-17 10:00:27.000,No,40.02682,-75.216042,FlexNetId: 50406565,FlexNet900,930.5375 MHz,23,901.8625 MHz
49440,true,,BRADFORD-341T327,RTM II+,No,FlexNet,Enabled,4110005,No,2026-07-29 09:12:06.107,Normal,2021-06-18 09:03:23.105,2025-09-17 10:09:54.000,No,40.0042,-75.701,FlexNetId: 50531520,FlexNet900,930.5125 MHz,67,901.8875 MHz
49197,true,,SAVILLE-135S1,RTM II+,No,FlexNet,Enabled,4110005,No,2026-07-29 09:20:00.700,Normal,2021-03-14 09:56:47.869,2025-09-17 10:13:08.000,No,39.854871,-75.379173,FlexNetId: 50530971,FlexNet900,930.5125 MHz,24,901.8375 MHz
42987,true,,BRYNMAWR-133T154,RTM II+,No,FlexNet,Enabled,4110005,No,2026-07-29 09:18:00.211,Normal,2018-07-17 13:23:02.081,2025-09-17 10:08:46.000,No,40.017011,-75.325963,FlexNetId: 50408091,FlexNet900,930.5125 MHz,71,901.8375 MHz
49269,true,,EDGMONT-002RS1,RTM II+,No,FlexNet,Enabled,4110005,No,2026-07-29 09:19:40.106,Normal,2021-04-18 10:04:10.173,2025-09-17 10:06:13.000,No,39.8729,-75.3879,FlexNetId: 50530985,FlexNet900,930.5125 MHz,48,901.8375 MHz
43157,true,,NORWALES-372RM3,RTM II+,No,FlexNet,Enabled,4110005,No,2026-07-29 09:09:11.371,Normal,2018-10-02 13:29:05.062,2025-09-17 09:48:07.000,No,40.209185,-75.31501,FlexNetId: 50408133,FlexNet900,930.5125 MHz,30,901.8625 MHz
45562,true,,PASSYUNK-141S2,RTM II+,No,FlexNet,Enabled,4110005,No,2026-07-29 09:11:20.667,Normal,2019-03-06 17:49:19.105,2025-09-17 10:13:09.000,No,39.929,-75.162,FlexNetId: 50410305,FlexNet900,930.5125 MHz,34,901.8375 MHz
52436,true,,LINE-529T968,RTM II+,No,FlexNet,Enabled,4110005,No,2026-07-29 09:20:45.352,Normal,2023-09-12 09:07:31.667,2025-09-17 09:44:15.000,No,39.9725895,-75.1319653,FlexNetId: 50533388,FlexNet900,930.5125 MHz,34,901.8375 MHz
47195,true,,SAVILLE-132S1,RTM II+,No,FlexNet,Enabled,4110005,No,2026-07-29 09:18:06.424,Normal,2020-02-25 09:05:51.730,2025-09-17 10:05:15.000,No,39.8641,-75.3471,FlexNetId: 50530860,FlexNet900,930.5375 MHz,28,901.8625 MHz
45485,true,,BRADFORD-351RM1,RTM II+,No,FlexNet,Enabled,4110005,No,2026-07-29 09:19:21.662,Normal,2019-03-06 17:48:28.642,2025-09-17 10:16:27.000,No,40.009063,-75.668861,FlexNetId: 50410280,FlexNet900,930.5375 MHz,29,901.8625 MHz
44423,true,,FOXCHASE-132RM1,RTM II+,No,FlexNet,Enabled,4110005,No,2026-07-29 09:20:29.785,Normal,2019-01-23 11:37:43.718,2025-09-17 09:46:05.000,No,40.068613,-75.055374,FlexNetId: 50409552,FlexNet900,930.5125 MHz,34,901.8875 MHz
32559,true,,WARMINST-142S2,RTM II+,No,FlexNet,Enabled,4110005,No,2026-07-29 09:19:32.418,Normal,2014-12-03 13:48:47.363,2025-09-17 10:00:01.000,No,40.1886,-75.0292,FlexNetId: 50403760,FlexNet900,930.5125 MHz,34,901.8375 MHz
53654,true,,PASSYUNK-131RM1,RTMx,No,FlexNet,Enabled,4110005,No,2026-07-29 09:14:07.250,Normal,2024-08-27 14:43:07.157,2025-09-17 09:33:33.000,No,39.9383593,-75.1748313,FlexNetId: 50480543,FlexNet900K24,930.5125 MHz,26,901.8375 MHz
43811,true,,LINE-1600RM2,RTM II+,No,FlexNet,Enabled,4110005,No,2026-07-29 09:16:17.823,Normal,2018-11-13 10:02:49.932,2025-09-17 10:01:10.000,No,40.189,-75.5795,FlexNetId: 50409102,FlexNet900,930.5125 MHz,28,901.8625 MHz
52443,true,,FLINT-141T1242,RTM II+,No,FlexNet,Enabled,4110005,No,2026-07-29 09:06:14.189,Normal,2023-09-12 09:07:32.595,2025-09-17 10:16:29.000,No,40.08116,-75.37463,FlexNetId: 50533184,FlexNet900,930.5125 MHz,51,901.8375 MHz
43294,true,,MIDDLETO-141T334,RTM II+,No,FlexNet,Enabled,4110005,No,2026-07-29 09:10:28.092,Normal,2018-10-25 11:10:25.044,2025-09-17 09:42:29.000,No,39.916153,-75.391329,FlexNetId: 50408705,FlexNet900,930.5125 MHz,43,901.8625 MHz
48871,true,,MASTER-161S3,RTM II+,No,FlexNet,Enabled,4110005,No,2026-07-29 09:07:03.739,Normal,2020-12-28 11:59:05.340,2025-09-17 09:51:54.000,No,39.978,-75.175,FlexNetId: 50530202,FlexNet900,930.5125 MHz,27,901.8875 MHz
43225,true,,BRADFORD-353RM3,RTM II+,No,FlexNet,Enabled,4110005,No,2026-07-29 09:11:07.376,Normal,2019-02-13 12:25:44.474,2025-09-17 09:55:39.000,No,39.98927,-75.63939,FlexNetId: 50408326,FlexNet900,930.5375 MHz,20,901.8625 MHz
45139,true,,MASTER-163S2,RTM II+,No,FlexNet,Enabled,4110005,No,2026-07-29 09:18:32.583,Normal,2019-02-19 09:15:34.412,2025-09-17 10:01:59.000,No,39.9718,-75.149,FlexNetId: 50410036,FlexNet900,930.5375 MHz,40,901.8875 MHz
45513,true,,MIDDLETO-132T59,RTM II+,No,FlexNet,Enabled,4110005,No,2026-07-29 09:16:40.015,Normal,2019-03-06 17:48:39.931,2025-09-17 09:56:45.000,No,39.92091,-75.392464,FlexNetId: 50410282,FlexNet900,930.5375 MHz,38,901.8375 MHz
44413,true,,LINE-3340R1,RTM II+,No,FlexNet,Enabled,4110005,No,2026-07-29 09:20:33.992,Normal,2019-01-23 11:38:14.400,2025-09-17 09:48:06.000,No,39.86392982,-75.41581421,FlexNetId: 50409562,FlexNet900,930.5375 MHz,32,901.8375 MHz
32539,true,,LINE-1300R1,RTM II+,No,FlexNet,Enabled,4110005,No,2026-07-29 09:09:47.920,Normal,2014-12-03 09:10:11.880,2025-09-17 10:01:59.000,No,40.13035,-75.52621,FlexNetId: 50403922,FlexNet900,930.5375 MHz,54,901.8625 MHz
51231,true,,BYBERRY-171RM3,RTM II+,No,FlexNet,Enabled,4110005,No,2026-07-29 09:17:54.838,Normal,2022-08-03 07:45:09.061,2025-09-17 10:24:48.000,No,40.127091,-74.979803,FlexNetId: 50532744,FlexNet900,930.5375 MHz,40,901.8625 MHz
44329,true,,BRADFORD-353R4,RTM II+,No,FlexNet,Enabled,4110005,No,2026-07-29 09:16:37.387,Normal,2019-01-03 17:07:06.222,2025-09-17 10:24:48.000,No,39.990224,-75.638324,FlexNetId: 50409309,FlexNet900,930.5375 MHz,30,901.8375 MHz
43880,true,,BRYNMAWR-131T205,RTM II+,No,FlexNet,Enabled,4110005,No,2026-07-29 09:13:31.552,Normal,2018-11-13 10:03:11.215,2025-09-17 10:24:48.000,No,40.00712,-75.32614,FlexNetId: 50409149,FlexNet900,930.5125 MHz,44,901.8875 MHz
45049,true,,MACDADE-147S3,RTM II+,No,FlexNet,Enabled,4110005,No,2026-07-29 09:13:56.810,Normal,2019-02-14 09:40:21.029,2025-09-17 10:17:04.000,No,39.897,-75.307,FlexNetId: 50409393,FlexNet900,930.5375 MHz,27,901.8875 MHz
45058,true,,EDGMONT-133T339,RTM II+,No,FlexNet,Enabled,4110005,No,2026-07-29 09:11:11.291,Normal,2019-02-14 09:40:24.181,2025-09-17 10:13:07.000,No,39.859,-75.391,FlexNetId: 50409281,FlexNet900,930.5125 MHz,50,901.8375 MHz
50480,true,,UPMERION-132T1005,RTM II+,No,FlexNet,Enabled,4110005,No,2026-07-29 09:09:42.341,Normal,2021-12-13 09:56:04.772,2025-09-17 09:57:05.000,No,40.0554,-75.4078,FlexNetId: 50531855,FlexNet900,930.5125 MHz,11,901.8375 MHz
52247,true,,BUCKINGH-342R5,RTM II+,No,FlexNet,Enabled,4110005,No,2026-07-29 09:12:01.269,Normal,2023-06-15 07:26:25.801,2025-09-17 09:50:16.000,No,40.30471,-75.03409,FlexNetId: 50533145,FlexNet900,930.5125 MHz,34,901.8375 MHz
45511,true,,MACDADE-134T394,RTM II+,No,FlexNet,Enabled,4110005,No,2026-07-29 09:08:39.409,Normal,2019-03-06 17:48:39.157,2025-09-17 09:54:53.000,No,39.90339971,-75.27,FlexNetId: 50410266,FlexNet900,930.5125 MHz,43,901.8625 MHz
51213,true,,PULASKI-014RS1,RTM II+,No,FlexNet,Enabled,4110005,No,2026-07-29 09:19:54.736,Normal,2022-07-20 09:09:28.757,2025-09-17 10:13:02.000,No,40.035,-75.192,FlexNetId: 50532404,FlexNet900,930.5375 MHz,22,901.8625 MHz
44697,true,,WANEETA-131T583,RTM II+,No,FlexNet,Enabled,4110005,No,2026-07-29 09:11:16.923,Normal,2019-02-12 11:16:58.156,2025-09-17 09:55:18.000,No,40,-75.114,FlexNetId: 50409696,FlexNet900,930.5125 MHz,39,901.8625 MHz
45145,true,,NEWLINVI-354RMP5,RTM II+,No,FlexNet,Enabled,4110005,No,2026-07-29 09:16:38.620,Normal,2019-02-19 09:15:36.857,2025-09-17 10:01:33.000,No,39.988105,-75.933101,FlexNetId: 50410198,FlexNet900,930.5375 MHz,82,901.8625 MHz
48818,true,,NORWALES-343R2,RTM II+,No,FlexNet,Enabled,4110005,No,2026-07-29 09:20:28.023,Normal,2020-12-03 12:46:28.729,2025-09-17 09:29:18.000,No,40.2698,-75.3806,FlexNetId: 50530940,FlexNet900,930.5125 MHz,24,901.8375 MHz
53661,true,,LINE-200RM2,RTMx,No,FlexNet,Enabled,4110005,No,2026-07-29 09:20:42.631,Normal,2024-08-27 14:45:42.597,2025-09-17 10:17:11.000,No,40.06514,-75.6523,FlexNetId: 50480537,FlexNet900K24,930.5125 MHz,61,901.8375 MHz
51868,true,,MASTER-132T1290,RTM II+,No,FlexNet,Enabled,4110005,No,2026-07-29 09:11:53.613,Normal,2023-02-01 07:53:59.516,2025-09-17 09:50:00.000,No,39.97744,-75.18182,FlexNetId: 50532913,FlexNet900,930.5125 MHz,61,901.8875 MHz
45153,true,,MACDADE-138T431,RTM II+,No,FlexNet,Enabled,4110005,No,2026-07-29 09:09:56.084,Normal,2019-02-19 09:15:39.773,2025-09-17 10:01:35.000,No,39.906075,-75.295899,FlexNetId: 50410176,FlexNet900,930.5375 MHz,32,901.8875 MHz
45224,true,,LINE-10100T277,RTM II+,No,FlexNet,Enabled,4110005,No,2026-07-29 09:17:23.623,Normal,2019-02-19 09:16:05.063,2021-04-02 15:17:22.000,No,40.14267,-74.87457,FlexNetId: 50410199,FlexNet900,930.5125 MHz,70,901.8375 MHz
53917,true,,KEMBLE-002RS1,RTMx,No,FlexNet,Enabled,4110005,No,2026-07-29 09:20:17.944,Normal,2024-09-06 10:53:34.462,2025-09-20 12:28:34.000,No,39.8719,-76.00592,FlexNetId: 50480678,FlexNet900K24,930.5125 MHz,40,901.8375 MHz
48796,true,,NOLAN-001RS1,RTM II+,No,FlexNet,Enabled,4110005,No,2026-07-29 09:20:32.538,Normal,2020-12-04 15:04:21.704,2025-09-17 10:04:21.000,No,40.2046,-74.7821,FlexNetId: 50530888,FlexNet900,930.5125 MHz,50,901.8375 MHz
43836,true,,BRADFORD-353S1,RTM II+,No,FlexNet,Enabled,4110005,No,2026-07-29 09:18:36.825,Normal,2018-11-13 10:02:57.192,2025-09-17 10:01:37.000,No,39.96316,-75.6055,FlexNetId: 50409224,FlexNet900,930.5375 MHz,10,901.8625 MHz
44395,true,,LINE-11600RM3,RTM II+,No,FlexNet,Enabled,4110005,No,2026-07-29 09:16:41.468,Normal,2019-02-07 15:32:28.331,2025-09-17 10:01:12.000,No,39.97973,-75.39776,FlexNetId: 50409269,FlexNet900,930.5375 MHz,24,901.8625 MHz
45571,true,,BLUEGRAS-143T514,RTM II+,No,FlexNet,Enabled,4110005,No,2026-07-29 09:16:53.379,Normal,2019-03-06 17:49:02.448,2025-09-17 09:57:35.000,No,40.07,-75.005,FlexNetId: 50410350,FlexNet900,930.5375 MHz,55,901.8375 MHz
45054,true,,ELMWOOD-131T486,RTM II+,No,FlexNet,Enabled,4110005,No,2026-07-29 09:12:17.419,Normal,2019-02-14 09:40:22.752,2025-09-17 09:57:04.000,No,39.924,-75.227,FlexNetId: 50409283,FlexNet900,930.5125 MHz,33,901.8875 MHz
49426,true,,BUCKINGH-362RS4,RTM II+,No,FlexNet,Enabled,4110005,No,2026-07-29 09:16:52.088,Normal,2021-06-10 10:01:09.174,2025-09-17 09:57:07.000,No,40.3475,-75.1104,FlexNetId: 50531527,FlexNet900,930.5125 MHz,40,901.8375 MHz
51358,true,,ROXBOROU-133RM1,RTM II+,No,FlexNet,Enabled,4110005,No,2026-07-29 09:06:48.075,Normal,2022-09-21 07:54:37.335,2025-09-17 10:08:10.000,No,40.040915,-75.224819,FlexNetId: 50532364,FlexNet900,930.5125 MHz,43,901.8375 MHz
42690,true,,CROYDON-132T71,RTM II+,No,FlexNet,Enabled,4110005,No,2026-07-29 09:13:01.045,Normal,2018-05-03 20:30:44.122,2025-09-17 09:41:27.000,No,40.102635,-74.888603,FlexNetId: 50408271,FlexNet900,930.5375 MHz,32,901.8625 MHz
52749,true,,LINE-530T1043,RTM II+,No,FlexNet,Enabled,4110005,No,2026-07-29 09:13:38.561,Normal,2023-11-20 12:13:57.159,2025-09-17 09:43:59.000,No,39.971022,-75.139436,FlexNetId: 50533582,FlexNet900,930.5125 MHz,42,901.8375 MHz
45924,true,,LINE-2268S2,RTM II+,No,FlexNet,Enabled,4110005,No,2026-07-29 09:18:49.558,Normal,2019-06-04 09:36:25.291,2025-09-17 09:56:01.000,No,39.964,-75.164,FlexNetId: 50410899,FlexNet900,930.5375 MHz,51,901.8625 MHz
51200,true,,WESTMORE-132RS3,RTM II+,No,FlexNet,Enabled,4110005,No,2026-07-29 09:14:03.846,Normal,2022-07-20 09:09:26.903,2025-09-17 09:50:43.000,No,40.00311,-75.15228,FlexNetId: 50532390,FlexNet900,930.5125 MHz,50,901.8375 MHz
45048,true,,NEWSQUA-147S2,RTM II+,No,FlexNet,Enabled,4110005,No,2026-07-29 09:20:55.183,Normal,2019-02-14 09:40:20.684,2025-09-17 10:09:57.000,No,39.984,-75.373,FlexNetId: 50409388,FlexNet900,930.5125 MHz,76,901.8375 MHz
46936,true,,LINTON-352R2,RTM II+,No,FlexNet,Enabled,4110005,No,2026-07-29 09:17:51.377,Normal,2020-01-05 21:03:42.244,2025-09-17 10:24:48.000,No,40.221,-74.967,FlexNetId: 50530113,FlexNet900,930.5125 MHz,27,901.8875 MHz
51892,true,,MACDADE-130RM1,RTM II+,No,FlexNet,Enabled,4110005,No,2026-07-29 09:14:02.055,Normal,2023-02-13 06:02:36.479,2025-09-17 09:49:40.000,No,39.9119,-75.2778,FlexNetId: 50532895,FlexNet900,930.5125 MHz,21,901.8375 MHz
51924,true,,CLAY-342RS3,RTM II+,No,FlexNet,Enabled,4110005,No,2026-07-29 09:13:04.640,Normal,2023-02-24 09:00:26.607,2025-09-17 10:24:48.000,No,39.72396,-75.87436,FlexNetId: 50531952,FlexNet900,930.5375 MHz,30,901.8875 MHz
43873,true,,LENAPE-342T86,RTM II+,No,FlexNet,Enabled,4110005,No,2026-07-29 09:17:18.838,Normal,2018-11-13 10:03:08.786,2025-09-17 09:30:17.000,No,39.9168,-75.6307,FlexNetId: 50409153,FlexNet900,930.5375 MHz,26,901.8375 MHz
43962,true,,NORWALES-343T5,RTM II+,No,FlexNet,Enabled,4110005,No,2026-07-29 09:15:26.900,Normal,2018-11-12 10:54:19.842,2025-09-17 09:29:43.000,No,40.28073,-75.38648,FlexNetId: 50409190,FlexNet900,930.5375 MHz,15,901.8625 MHz
45050,true,,LLANERCH-163RS2,RTM II+,No,FlexNet,Enabled,4110005,No,2026-07-29 09:20:47.303,Normal,2019-02-14 09:40:31.570,2025-09-17 09:57:33.000,No,40.003,-75.29,FlexNetId: 50409394,FlexNet900,930.5125 MHz,28,901.8625 MHz
45189,true,,PHOENIXV-008RS1,RTM II+,No,FlexNet,Enabled,4110005,No,2026-07-29 09:19:18.167,Normal,2019-02-19 09:15:52.808,2025-09-17 10:02:19.000,No,40.131,-75.52,FlexNetId: 50410214,FlexNet900,930.5125 MHz,36,901.8375 MHz
50424,true,,CRESCENT-163RM1,RTM II+,No,FlexNet,Enabled,4110005,No,2026-07-29 09:15:24.894,Normal,2021-12-02 08:41:12.916,2025-09-17 09:50:58.000,No,40.0215,-75.1127,FlexNetId: 50531898,FlexNet900,930.5125 MHz,29,901.8375 MHz
43026,true,,NEWLINVI-341R1,RTM II+,No,FlexNet,Enabled,4110005,No,2026-07-29 09:15:35.076,Normal,2018-07-17 13:23:15.787,2025-09-17 10:08:46.000,No,39.799468,-76.362762,FlexNetId: 50408087,FlexNet900,930.5125 MHz,47,901.8625 MHz
53636,true,,TABOR-136RM2,RTMx,No,FlexNet,Enabled,4110005,No,2026-07-29 09:13:42.589,Normal,2024-08-27 14:43:04.572,2025-09-17 09:51:53.000,No,40.027,-75.144,FlexNetId: 50480541,FlexNet900K24,930.5125 MHz,30,901.8375 MHz
49467,true,,MIDDLETO-351T65,RTM II+,No,FlexNet,Enabled,4110005,No,2026-07-29 09:19:31.524,Normal,2022-12-13 14:11:14.375,2025-09-17 09:44:16.000,No,39.918,-75.433,FlexNetId: 50531531,FlexNet900,930.5125 MHz,30,901.8375 MHz
43154,true,,LINTON-352RM6,RTM II+,No,FlexNet,Enabled,4110005,No,2026-07-29 09:12:37.622,Normal,2018-10-02 13:29:04.117,2025-09-17 10:16:25.000,No,40.2248,-74.96,FlexNetId: 50408135,FlexNet900,930.5375 MHz,9,901.8875 MHz
43950,true,,PLYMOUTH-139RM1,RTM II+,No,FlexNet,Enabled,4110005,No,2026-07-29 09:07:09.196,Normal,2018-11-12 10:54:14.657,2025-09-17 09:43:35.000,No,40.13772,-75.30683,FlexNetId: 50409164,FlexNet900,930.5125 MHz,28,901.8875 MHz
47700,true,,NEWLINVI-342T337,RTM II+,No,FlexNet,Enabled,4110005,No,2026-07-29 09:14:20.860,Normal,2020-08-15 21:35:21.869,2025-09-17 09:56:46.000,No,39.985,-75.826,FlexNetId: 50530560,FlexNet900,930.5125 MHz,44,901.8375 MHz
51834,true,,LOMBARD-135RM1,RTM II+,No,FlexNet,Enabled,4110005,No,2026-07-29 09:17:53.170,Normal,2023-01-12 09:19:26.795,2025-09-17 10:24:48.000,No,39.94145,-75.15513,FlexNetId: 50532916,FlexNet900,930.5125 MHz,38,901.8375 MHz
45264,true,,CONCORD-349RS3,RTM II+,No,FlexNet,Enabled,4110005,No,2026-07-29 09:11:33.903,Normal,2019-02-19 09:16:09.947,2025-09-17 09:57:02.000,No,39.899,-75.562,FlexNetId: 50410023,FlexNet900,930.5125 MHz,67,901.8625 MHz
43190,true,,LINE-1049T350,RTM II+,No,FlexNet,Enabled,4110005,No,2026-07-29 09:07:25.000,Normal,2018-10-02 13:29:15.613,2025-09-17 10:01:14.000,No,39.991196,-75.156976,FlexNetId: 50408325,FlexNet900,930.5375 MHz,48,901.8875 MHz
45108,true,,EAGLE-351R5,RTM II+,No,FlexNet,Enabled,4110005,No,2026-07-29 09:18:15.920,Normal,2019-02-14 09:40:41.170,2025-09-17 09:57:57.000,No,40.0796,-75.6889,FlexNetId: 50409994,FlexNet900,930.5125 MHz,51,901.8875 MHz
42864,true,,MACDADE-144T327,RTM II+,No,FlexNet,Enabled,4110005,No,2026-07-29 09:17:53.328,Normal,2018-06-07 14:18:02.958,2025-09-17 10:04:24.000,No,39.88658,-75.33117,FlexNetId: 50408557,FlexNet900,930.5125 MHz,46,901.8875 MHz
46429,true,,PARRISH-139RM1,RTM II+,No,FlexNet,Enabled,4110005,No,2026-07-29 09:17:33.127,Normal,2019-09-03 12:47:55.843,2025-09-17 09:58:15.000,No,39.977,-75.212,FlexNetId: 50410842,FlexNet900,930.5375 MHz,23,901.8375 MHz
44586,true,,CRESCENT-136RM2,RTM II+,No,FlexNet,Enabled,4110005,No,2026-07-29 09:07:34.628,Normal,2019-02-12 11:16:05.071,2025-09-17 10:24:49.000,No,40.02,-75.088,FlexNetId: 50409784,FlexNet900,930.5375 MHz,25,901.8875 MHz
51842,true,,WARRINGT-363R2,RTM II+,No,FlexNet,Enabled,4110005,No,2026-07-29 09:17:25.930,Normal,2023-01-12 09:19:28.130,2025-09-17 09:43:56.000,No,40.2447,-75.1345,FlexNetId: 50532914,FlexNet900,930.5125 MHz,58,901.8375 MHz
44182,true,,CLAY-343T303,RTM II+,No,FlexNet,Enabled,4110005,No,2026-07-29 09:12:04.025,Normal,2018-12-13 17:09:07.499,2025-09-17 09:45:42.000,No,39.7904,-75.7612,FlexNetId: 50409478,FlexNet900,930.5375 MHz,29,901.8375 MHz
49871,true,,TREDYFFR-131S1,RTM II+,No,FlexNet,Enabled,4110005,No,2026-07-29 09:17:33.011,Normal,2021-10-05 10:05:56.221,2025-09-17 09:50:40.000,No,40.0474,-75.4374,FlexNetId: 50531599,FlexNet900,930.5125 MHz,50,901.8375 MHz
51197,true,,LINE-2756T845,RTM II+,No,FlexNet,Enabled,4110005,No,2026-07-29 09:19:45.522,Normal,2022-07-20 09:09:26.472,2025-09-17 09:50:17.000,No,39.995,-75.1435,FlexNetId: 50532582,FlexNet900,930.5125 MHz,54,901.8375 MHz
45421,true,,BETZWOOD-342RM2,RTM II+,No,FlexNet,Enabled,4110005,No,2026-07-29 09:19:10.868,Normal,2019-04-03 08:30:22.104,2025-09-17 09:44:41.000,No,40.128,-75.404,FlexNetId: 50410396,FlexNet900,930.5125 MHz,36,901.8375 MHz
44987,true,,PULASKI-132RM2,RTM II+,No,FlexNet,Enabled,4110005,No,2026-07-29 09:12:24.613,Normal,2019-02-12 11:18:07.026,2025-09-17 09:44:38.000,No,40.025796,-75.17478,FlexNetId: 50409710,FlexNet900,930.5375 MHz,30,901.8625 MHz
52442,true,,WAYNE-144RM1,RTM II+,No,FlexNet,Enabled,4110005,No,2026-07-29 09:20:22.883,Normal,2023-09-12 09:07:32.394,2025-09-17 09:30:40.000,No,40.03561,-75.38505,FlexNetId: 50533182,FlexNet900,930.5125 MHz,39,901.8375 MHz
42303,true,,CLAY-341RM5,RTM II+,No,FlexNet,Enabled,4110005,No,2026-07-29 09:06:34.223,Normal,2018-04-13 09:39:48.450,2025-09-17 09:59:43.000,No,39.791097,-75.853192,FlexNetId: 50408621,FlexNet900,930.5125 MHz,16,901.8625 MHz
40372,true,,CALLOWHI-133RM2,RTM II+,No,FlexNet,Enabled,4110005,No,2026-07-29 09:19:09.712,Normal,2017-10-24 06:24:05.163,2025-09-17 09:58:59.000,No,39.968856,-75.169875,FlexNetId: 50406984,FlexNet900,930.5375 MHz,46,901.8625 MHz
51499,true,,NORWALES-342T193,RTM II+,No,FlexNet,Enabled,4110005,No,2026-07-29 09:16:17.681,Normal,2022-10-18 09:26:58.589,2025-09-17 09:50:19.000,No,40.2578296,-75.3453722,FlexNetId: 50531595,FlexNet900,930.5125 MHz,29,901.8375 MHz
42087,true,,BYBERRY-142RM1,RTM II+,No,FlexNet,Enabled,4110005,No,2026-07-29 09:05:56.414,Normal,2018-03-26 15:47:37.724,2025-09-17 09:28:55.000,No,40.12672537,-75.03450698,FlexNetId: 50408412,FlexNet900,930.5125 MHz,27,901.8375 MHz
42095,true,,MASTER-144T1030,RTM II+,No,FlexNet,Enabled,4110005,No,2026-07-29 09:15:45.807,Normal,2018-03-26 15:47:56.762,2025-09-17 10:00:28.000,No,39.97778,-75.17372,FlexNetId: 50408388,FlexNet900,930.5125 MHz,27,901.8875 MHz
47901,true,,MASTER-163S3,RTM II+,No,FlexNet,Enabled,4110005,No,2026-07-29 09:17:13.278,Normal,2020-08-15 21:32:45.187,2025-09-17 10:06:13.000,No,39.9696,-75.1416,FlexNetId: 50530310,FlexNet900,930.5125 MHz,28,901.8375 MHz
44331,true,,GOSHEN-351T57,RTM II+,No,FlexNet,Enabled,4110005,No,2026-07-29 09:15:17.304,Normal,2019-01-03 17:07:06.903,2025-09-17 09:48:06.000,No,39.947858,-75.583645,FlexNetId: 50409415,FlexNet900,930.5125 MHz,29,901.8875 MHz
30350,true,,FOXCHASE-133R1,RTM II+,No,FlexNet,Enabled,4110005,No,2026-07-29 09:20:29.282,Normal,2014-08-26 13:48:59.727,2025-09-17 09:58:16.000,No,40.0932,-75.0667,FlexNetId: 50402068,FlexNet900,930.5375 MHz,10,901.8625 MHz
42907,true,,WHITEMAR-143S2,RTM II+,No,FlexNet,Enabled,4110005,No,2026-07-29 09:15:35.795,Normal,2018-06-21 10:31:08.120,2025-09-17 09:44:15.000,No,40.10410273,-75.21310305,FlexNetId: 50408563,FlexNet900,930.5375 MHz,21,901.8875 MHz
52792,true,,BYBERRY-147RM1,RTM II+,No,FlexNet,Enabled,4110005,No,2026-07-29 09:18:41.755,Normal,2023-11-20 12:14:07.292,2025-09-17 12:35:10.000,No,40.11468,-75.01259,FlexNetId: 50533109,FlexNet900,930.5125 MHz,37,901.8375 MHz
44483,true,,BETZWOOD-351RM3,RTM II+,No,FlexNet,Enabled,4110005,No,2026-07-29 09:15:28.340,Normal,2019-01-10 14:49:09.041,2025-09-17 10:09:59.000,No,40.126925,-75.43316,FlexNetId: 50409637,FlexNet900,930.5125 MHz,22,901.8375 MHz
44431,true,,LINE-2214T258,RTM II+,No,FlexNet,Enabled,4110005,No,2026-07-29 09:07:33.107,Normal,2019-01-30 12:47:14.468,2025-09-17 09:49:39.000,No,39.995942,-75.142224,FlexNetId: 50409276,FlexNet900,930.5375 MHz,35,901.8375 MHz
52806,true,,LINE-530RM1,RTM II+,No,FlexNet,Enabled,4110005,No,2026-07-29 09:11:52.935,Normal,2023-11-20 10:19:23.153,2025-09-17 09:44:16.000,No,39.9676647,-75.1374044,FlexNetId: 50533105,FlexNet900,930.5125 MHz,34,901.8375 MHz
46209,true,,BYBERRY-132T364,RTM II+,No,FlexNet,Enabled,4110005,No,2026-07-29 09:13:57.642,Normal,2019-07-22 11:09:30.719,2025-09-17 10:06:14.000,No,40.131769,-75.061856,FlexNetId: 50410715,FlexNet900,930.5375 MHz,23,901.8625 MHz
43042,true,,LINE-11600T182,RTM II+,No,FlexNet,Enabled,4110005,No,2026-07-29 09:20:08.883,Normal,2018-07-17 13:23:21.503,2025-09-17 09:45:21.000,No,39.960664,-75.362453,FlexNetId: 50408260,FlexNet900,930.5125 MHz,43,901.8375 MHz
45559,true,,COLWYN-132T10,RTM II+,No,FlexNet,Enabled,4110005,No,2026-07-29 09:14:36.502,Normal,2019-03-06 17:48:58.003,2025-09-17 09:58:17.000,No,39.912,-75.255,FlexNetId: 50410340,FlexNet900,930.5125 MHz,39,901.8625 MHz
45156,true,,MASTER-163T639,RTM II+,No,FlexNet,Enabled,4110005,No,2026-07-29 09:09:17.468,Normal,2019-02-19 09:15:40.922,2025-09-17 10:01:58.000,No,39.972467,-75.144557,FlexNetId: 50410091,FlexNet900,930.5375 MHz,33,901.8625 MHz
49975,true,,DOWNINGT-005RS1,RTM II+,No,FlexNet,Enabled,4110005,No,2026-07-29 09:19:25.845,Normal,2021-10-08 09:26:25.168,2025-09-17 09:51:52.000,No,40.0134,-75.6961,FlexNetId: 50531783,FlexNet900,930.5125 MHz,43,901.8625 MHz
43879,true,,BROOMALL-136T441,RTM II+,No,FlexNet,Enabled,4110005,No,2026-07-29 09:16:13.182,Normal,2018-11-13 10:03:10.855,2025-09-17 10:01:37.000,No,39.981882,-75.356998,FlexNetId: 50409163,FlexNet900,930.5125 MHz,47,901.8375 MHz
42694,true,,NEWSQUA-136T340,RTM II+,No,FlexNet,Enabled,4110005,No,2026-07-29 09:16:32.840,Normal,2018-05-03 20:30:45.454,2025-09-17 09:45:01.000,No,40.009256,-75.346398,FlexNetId: 50408317,FlexNet900,930.5125 MHz,25,901.8625 MHz
45188,true,,POPLAR-003RS1,RTM II+,No,FlexNet,Enabled,4110005,No,2026-07-29 09:20:36.653,Normal,2019-02-19 09:15:52.485,2025-09-17 09:54:55.000,No,40.2531,-75.6434,FlexNetId: 50410184,FlexNet900,930.5125 MHz,46,901.8375 MHz
51193,true,,BRYNMAWR-147RM1,RTM II+,No,FlexNet,Enabled,4110005,No,2026-07-29 09:20:30.186,Normal,2022-07-20 09:09:25.839,2025-09-17 09:43:56.000,No,39.99305,-75.28463,FlexNetId: 50532580,FlexNet900,930.5125 MHz,46,901.8375 MHz
49598,true,,AIRY-133T859,RTM II+,No,FlexNet,Enabled,4110005,No,2026-07-29 09:09:29.712,Normal,2021-07-29 10:16:52.525,2025-09-17 09:51:51.000,No,40.1171,-75.324,FlexNetId: 50531577,FlexNet900,930.5125 MHz,37,901.8375 MHz
51447,true,,HARTMAN-353T183,RTM II+,No,FlexNet,Enabled,4110005,No,2026-07-29 09:06:45.111,Normal,2022-10-11 07:23:36.819,2025-09-17 09:43:57.000,No,40.2236,-75.2224,FlexNetId: 50532305,FlexNet900,930.5125 MHz,52,901.8875 MHz
46817,true,,MALVERN-001R1,RTM II+,No,FlexNet,Enabled,4110005,No,2026-07-29 09:10:45.439,Normal,2020-01-05 21:03:54.599,2025-09-17 09:55:20.000,No,40.040117,-75.501952,FlexNetId: 50410768,FlexNet900,930.5125 MHz,28,901.8375 MHz
42791,true,,JENKINTO-131T2,RTM II+,No,FlexNet,Enabled,4110005,No,2026-07-29 09:12:19.907,Normal,2018-06-07 14:17:55.740,2025-09-17 10:24:49.000,No,40.060772,-75.110704,FlexNetId: 50408067,FlexNet900,930.5125 MHz,39,901.8875 MHz
49118,true,,PASSYUNK-137S1,RTM II+,No,FlexNet,Enabled,4110005,No,2026-07-29 09:07:08.432,Normal,2021-03-01 10:28:29.664,2025-09-17 10:06:18.000,No,39.9238,-75.1666,FlexNetId: 50531136,FlexNet900,930.5125 MHz,41,901.8875 MHz
50479,true,,PASSYUNK-136T850,RTM II+,No,FlexNet,Enabled,4110005,No,2026-07-29 09:13:18.140,Normal,2021-12-13 09:55:49.721,2025-09-17 10:00:26.000,No,39.925,-75.167,FlexNetId: 50531907,FlexNet900,930.5375 MHz,34,901.8625 MHz
48273,true,,MASTER-141RS4,RTM II+,No,FlexNet,Enabled,4110005,No,2026-07-29 09:20:46.043,Normal,2020-09-25 11:34:11.232,2025-09-17 09:29:20.000,No,39.9868,-75.1825,FlexNetId: 50530386,FlexNet900,930.5375 MHz,39,901.8625 MHz
51890,true,,EDGMONT-133T14,RTM II+,No,FlexNet,Enabled,4110005,No,2026-07-29 09:18:24.361,Normal,2023-02-13 06:02:36.138,2025-09-17 10:24:49.000,No,39.8557,-75.3829,FlexNetId: 50532892,FlexNet900,930.5125 MHz,39,901.8625 MHz
43800,true,,EDDINGTO-138T430,RTM II+,No,FlexNet,Enabled,4110005,No,2026-07-29 09:09:50.502,Normal,2018-11-13 10:02:49.222,2025-09-17 09:58:17.000,No,40.104492,-74.93957,FlexNetId: 50409202,FlexNet900,930.5125 MHz,38,901.8375 MHz
47751,true,,LENAPE-342RM3,RTM II+,No,FlexNet,Enabled,4110005,No,2026-07-29 09:15:42.505,Normal,2020-08-13 09:23:39.716,2025-09-17 09:56:44.000,No,39.927,-75.615,FlexNetId: 50530656,FlexNet900,930.5125 MHz,17,901.8625 MHz
44770,true,,NESHAMIN-145T494,RTM II+,No,FlexNet,Enabled,4110005,No,2026-07-29 09:17:26.726,Normal,2019-02-12 11:17:31.770,2025-09-17 10:01:56.000,No,40.134565,-74.938941,FlexNetId: 50409638,FlexNet900,930.5125 MHz,22,901.8375 MHz
51904,true,,LOMBARD-135S1,RTM II+,No,FlexNet,Enabled,4110005,No,2026-07-29 09:17:41.520,Normal,2023-02-20 07:48:34.380,2025-09-17 09:50:01.000,No,39.9423,-75.15234,FlexNetId: 50532052,FlexNet900,930.5125 MHz,31,901.8375 MHz
53663,true,,NESHAMIN-145RM1,RTMx,No,FlexNet,Enabled,4110005,No,2026-07-29 09:20:41.687,Normal,2024-08-27 14:45:42.787,2025-09-17 12:35:05.000,No,40.1076719,-74.9128206,FlexNetId: 50480598,FlexNet900K24,930.5125 MHz,30,901.8375 MHz
51436,true,,BYBERRY-161T76,RTM II+,No,FlexNet,Enabled,4110005,No,2026-07-29 09:13:10.927,Normal,2022-10-11 07:28:10.774,2025-09-17 09:29:40.000,No,40.16367,-75.04674,FlexNetId: 50532308,FlexNet900,930.5125 MHz,45,901.8375 MHz
50793,true,,PLYMOUTH-136RM1,RTM II+,No,FlexNet,Enabled,4110005,No,2026-07-29 09:08:06.676,Normal,2022-04-21 10:14:46.441,2025-09-17 09:43:58.000,No,40.13063,-75.26692,FlexNetId: 50532190,FlexNet900,930.5375 MHz,18,901.8375 MHz
45159,true,,BLUEGRAS-130T457,RTM II+,No,FlexNet,Enabled,4110005,No,2026-07-29 09:10:01.323,Normal,2019-02-19 09:15:41.994,2025-09-17 09:57:35.000,No,40.077213,-74.978808,FlexNetId: 50410185,FlexNet900,930.5375 MHz,24,901.8625 MHz
48767,true,,TABOR-134T793,RTM II+,No,FlexNet,Enabled,4110005,No,2026-07-29 09:07:39.903,Normal,2020-12-02 10:01:26.212,2025-09-17 10:08:43.000,No,40.049,-75.154,FlexNetId: 50530909,FlexNet900,930.5125 MHz,34,901.8375 MHz
45044,true,,JENKINTO-145RM1,RTM II+,No,FlexNet,Enabled,4110005,No,2026-07-29 09:19:15.705,Normal,2019-02-14 09:40:19.412,2025-09-17 10:16:24.000,No,40.087,-75.128,FlexNetId: 50409389,FlexNet900,930.5375 MHz,32,901.8625 MHz
51274,true,,WANEETA-141S1,RTM II+,No,FlexNet,Enabled,4110005,No,2026-07-29 09:08:33.662,Normal,2022-08-23 18:21:55.144,2025-09-17 09:29:38.000,No,39.9911113,-75.1119718,FlexNetId: 50532699,FlexNet900,930.5125 MHz,50,901.8375 MHz
49461,true,,PULASKI-013RS1,RTM II+,No,FlexNet,Enabled,4110005,No,2026-07-29 09:20:46.510,Normal,2021-06-18 09:03:13.634,2025-09-17 09:59:40.000,No,40.0351,-75.1848,FlexNetId: 50531524,FlexNet900,930.5125 MHz,28,901.8375 MHz
45362,true,,BLUEGRAS-131T601,RTM II+,No,FlexNet,Enabled,4110005,No,2026-07-29 09:10:39.556,Normal,2019-04-03 08:29:58.521,2025-09-17 10:24:49.000,No,40.068,-75.029,FlexNetId: 50409971,FlexNet900,930.5375 MHz,16,901.8375 MHz
45263,true,,NEWLINVI-351S2,RTM II+,No,FlexNet,Enabled,4110005,No,2026-07-29 09:15:25.820,Normal,2019-02-19 09:16:09.593,2025-09-17 10:02:16.000,No,39.979528,-75.818988,FlexNetId: 50409348,FlexNet900,930.5125 MHz,36,901.8375 MHz
43869,true,,BRYNMAWR-142T260,RTM II+,No,FlexNet,Enabled,4110005,No,2026-07-29 09:12:05.700,Normal,2018-11-13 10:03:07.472,2025-09-17 09:59:22.000,No,40.01288,-75.27326,FlexNetId: 50409035,FlexNet900,930.5375 MHz,17,901.8625 MHz
54103,true,,JENKINTO-140RM1,RTMx,No,FlexNet,Enabled,4110005,No,2026-07-29 09:17:15.100,Normal,2024-10-17 10:05:38.665,2025-09-17 12:33:20.000,No,40.1154094,-75.1481095,FlexNetId: 50480679,FlexNet900K24,930.5125 MHz,40,901.8375 MHz
49600,true,,GROVE-000RS1,RTM II+,No,FlexNet,Enabled,4110005,No,2026-07-29 09:20:33.340,Normal,2021-07-29 10:18:01.740,2025-09-17 09:50:38.000,No,39.9941,-75.6317,FlexNetId: 50531452,FlexNet900,930.5125 MHz,18,901.8375 MHz
45532,true,,CHICHEST-133T438,RTM II+,No,FlexNet,Enabled,4110005,No,2026-07-29 09:15:59.618,Normal,2019-03-06 17:48:47.705,2025-09-17 10:08:13.000,No,39.84508,-75.42556,FlexNetId: 50410227,FlexNet900,930.5125 MHz,42,901.8875 MHz
44600,true,,PULASKI-134T359,RTM II+,No,FlexNet,Enabled,4110005,No,2026-07-29 09:07:43.018,Normal,2019-02-12 11:16:12.778,2025-09-17 10:01:59.000,No,40.053756,-75.15279,FlexNetId: 50409929,FlexNet900,930.5125 MHz,36,901.8875 MHz
40197,true,,CRESCENT-134RM3,RTM II+,No,FlexNet,Enabled,4110005,No,2026-07-29 09:19:13.267,Normal,2017-10-10 09:09:46.373,2025-09-17 10:01:15.000,No,40.051251,-75.118526,FlexNetId: 50405988,FlexNet900,930.5125 MHz,44,901.8625 MHz
43213,true,,LINE-5600R3,RTM II+,No,FlexNet,Enabled,4110005,No,2026-07-29 09:14:07.338,Normal,2019-02-13 12:26:02.754,2025-09-17 10:01:11.000,No,40.04508,-75.49059,FlexNetId: 50408118,FlexNet900,930.5375 MHz,30,901.8375 MHz
43180,true,,LENAPE-351RM3,RTM II+,No,FlexNet,Enabled,4110005,No,2026-07-29 09:17:23.909,Normal,2018-10-02 13:29:12.307,2025-09-17 09:43:38.000,No,39.854733,-75.65637,FlexNetId: 50408116,FlexNet900,930.5125 MHz,16,901.8625 MHz
44782,true,,CEDARBRO-134T541,RTM II+,No,FlexNet,Enabled,4110005,No,2026-07-29 09:11:01.125,Normal,2019-02-12 11:17:37.618,2025-09-17 10:08:49.000,No,40.06661,-75.17778,FlexNetId: 50409629,FlexNet900,930.5125 MHz,38,901.8875 MHz
49968,true,,PLYMOUTH-163RM1,RTM II+,No,FlexNet,Enabled,4110005,No,2026-07-29 09:18:18.692,Normal,2021-10-08 09:26:38.737,2025-09-17 10:00:04.000,No,40.095,-75.294,FlexNetId: 50531591,FlexNet900,930.5125 MHz,82,901.8375 MHz
51190,true,,LINE-2345RM3,RTM II+,No,FlexNet,Enabled,4110005,No,2026-07-29 09:18:51.019,Normal,2022-07-20 09:09:25.387,2025-09-17 09:49:58.000,No,40.0382,-75.0343,FlexNetId: 50532583,FlexNet900,930.5125 MHz,43,901.8875 MHz
48887,true,,MIDDLETO-133T146,RTM II+,No,FlexNet,Enabled,4110005,No,2026-07-29 09:07:56.730,Normal,2021-11-03 10:56:14.130,2025-09-17 10:17:08.000,No,39.911,-75.403,FlexNetId: 50530055,FlexNet900,930.5375 MHz,33,901.8625 MHz
45523,true,,MACDADE-130S4,RTM II+,No,FlexNet,Enabled,4110005,No,2026-07-29 09:17:19.373,Normal,2019-03-06 17:48:43.890,2025-09-17 09:57:30.000,No,39.911335,-75.27857,FlexNetId: 50410334,FlexNet900,930.5125 MHz,68,901.8625 MHz
45225,true,,BLUEGRAS-140S1,RTM II+,No,FlexNet,Enabled,4110005,No,2026-07-29 09:20:22.612,Normal,2019-02-19 09:16:05.423,2025-09-17 10:04:22.000,No,40.0765,-74.9867,FlexNetId: 50410090,FlexNet900,930.5375 MHz,36,901.8625 MHz
47696,true,,UPLAND-131T654,RTM II+,No,FlexNet,Enabled,4110005,No,2026-07-29 09:10:22.248,Normal,2020-08-15 21:35:21.012,2025-09-17 09:59:21.000,No,39.99,-75.233,FlexNetId: 50530776,FlexNet900,930.5125 MHz,29,901.8875 MHz
49577,true,,BUCKINGH-344R1,RTM II+,No,FlexNet,Enabled,4110005,No,2026-07-29 09:15:21.293,Normal,2021-07-27 10:43:01.228,2025-09-17 09:59:39.000,No,40.295,-75.108,FlexNetId: 50531557,FlexNet900,930.5125 MHz,37,901.8875 MHz
49977,true,,GRAYSFER-132S1,RTM II+,No,FlexNet,Enabled,4110005,No,2026-07-29 09:19:10.444,Normal,2021-10-08 09:26:24.774,2025-09-17 09:59:39.000,No,39.936,-75.181,FlexNetId: 50531679,FlexNet900,930.5125 MHz,37,901.8625 MHz
51801,true,,GLADWYNE-132RM1,RTM II+,No,FlexNet,Enabled,4110005,No,2026-07-29 09:20:51.384,Normal,2022-12-07 09:54:49.765,2025-09-17 09:44:15.000,No,40.03,-75.2991,FlexNetId: 50532869,FlexNet900,930.5125 MHz,22,901.8375 MHz
44703,true,,NEWSQUA-131T179,RTM II+,No,FlexNet,Enabled,4110005,No,2026-07-29 09:06:20.879,Normal,2019-10-30 08:44:41.582,2025-09-17 10:08:10.000,No,40.008,-75.378,FlexNetId: 50409910,FlexNet900,930.5375 MHz,24,901.8625 MHz
45167,true,,NORPHILA-131T997,RTM II+,No,FlexNet,Enabled,4110005,No,2026-07-29 09:08:30.420,Normal,2019-02-19 09:15:45.120,2025-09-17 09:29:19.000,No,39.98894,-75.12471,FlexNetId: 50410203,FlexNet900,930.5125 MHz,45,901.8875 MHz
42679,true,,CALLOWHI-166T345,RTM II+,No,FlexNet,Enabled,4110005,No,2026-07-29 09:08:13.486,Normal,2018-05-03 20:30:57.952,2025-09-17 09:28:58.000,No,39.97464,-75.16369,FlexNetId: 50408374,FlexNet900,930.5375 MHz,27,901.8625 MHz
43851,true,,NORWALES-371RS2,RTM II+,No,FlexNet,Enabled,4110005,No,2026-07-29 09:10:55.013,Normal,2018-11-13 10:03:01.615,2025-09-17 09:30:17.000,No,40.2316,-75.2432,FlexNetId: 50409130,FlexNet900,930.5375 MHz,59,901.8625 MHz
46812,true,,WYNNEWOO-002RS1,RTM II+,No,FlexNet,Enabled,4110005,No,2026-07-29 09:15:56.170,Normal,2020-01-05 21:03:29.623,2025-09-17 10:06:18.000,No,40.0067,-75.2627,FlexNetId: 50410683,FlexNet900,930.5125 MHz,35,901.8375 MHz
43893,true,,LINE-5600T37,RTM II+,No,FlexNet,Enabled,4110005,No,2026-07-29 09:20:42.155,Normal,2018-11-13 10:03:15.534,2025-09-17 09:43:56.000,No,40.0437,-75.476,FlexNetId: 50409165,FlexNet900,930.5375 MHz,86,901.8375 MHz
44602,true,,NEWLINVI-354RMP6,RTM II+,No,FlexNet,Enabled,4110005,No,2026-07-29 09:15:20.589,Normal,2019-02-12 11:16:13.716,2025-09-17 09:54:56.000,No,39.937,-75.91,FlexNetId: 50409785,FlexNet900,930.5375 MHz,45,901.8875 MHz
43722,true,,BRADFORD-341T41,RTM II+,No,FlexNet,Enabled,4110005,No,2026-07-29 09:15:57.992,Normal,2018-10-30 14:17:17.633,2025-09-17 09:42:28.000,No,40.038604,-75.732435,FlexNetId: 50408974,FlexNet900,930.5375 MHz,44,901.8875 MHz
45066,true,,BYBERRY-188S1,RTM II+,No,FlexNet,Enabled,4110005,No,2026-07-29 09:19:52.144,Normal,2019-02-14 09:40:27.047,2025-09-17 10:16:27.000,No,40.0964,-75.0257,FlexNetId: 50409282,FlexNet900,930.5375 MHz,8,901.8875 MHz
45537,true,,JARRETT-141T581,RTM II+,No,FlexNet,Enabled,4110005,No,2026-07-29 09:12:47.326,Normal,2019-03-06 17:48:49.855,2025-09-17 09:29:15.000,No,40.156,-75.193,FlexNetId: 50410328,FlexNet900,930.5125 MHz,34,901.8375 MHz
42094,true,,BUCKINGH-354T283,RTM II+,No,FlexNet,Enabled,4110005,No,2026-07-29 09:12:54.335,Normal,2018-03-26 15:47:51.510,2025-09-17 10:09:57.000,No,40.29550367,-75.14746988,FlexNetId: 50408526,FlexNet900,930.5375 MHz,33,901.8875 MHz
44639,true,,BYBERRY-141RM2,RTM II+,No,FlexNet,Enabled,4110005,No,2026-07-29 09:18:50.686,Normal,2019-02-12 11:16:30.713,2025-09-17 10:17:50.000,No,40.091518,-74.981049,FlexNetId: 50409745,FlexNet900,930.5125 MHz,26,901.8875 MHz
44495,true,,CRESCENT-164T356,RTM II+,No,FlexNet,Enabled,4110005,No,2026-07-29 09:08:14.327,Normal,2019-01-10 14:49:11.903,2025-09-17 09:49:14.000,No,40.035477,-75.121956,FlexNetId: 50409843,FlexNet900,930.5375 MHz,48,901.8625 MHz
47738,true,,CALLOWHI-138T748,RTM II+,No,FlexNet,Enabled,4110005,No,2026-07-29 09:11:11.053,Normal,2020-08-13 09:23:47.154,2025-09-17 09:44:59.000,No,39.9752,-75.1645,FlexNetId: 50530650,FlexNet900,930.5125 MHz,14,901.8375 MHz
44332,true,,PLANEBRO-341T52,RTM II+,No,FlexNet,Enabled,4110005,No,2026-07-29 09:08:23.348,Normal,2019-01-03 17:07:07.242,2025-09-17 09:48:05.000,No,40.034192,-75.650862,FlexNetId: 50409487,FlexNet900,930.5125 MHz,38,901.8375 MHz
45536,true,,UNIVERSI-132T522,RTM II+,No,FlexNet,Enabled,4110005,No,2026-07-29 09:12:05.620,Normal,2019-03-06 17:48:49.448,2025-09-17 10:24:49.000,No,39.954,-75.213,FlexNetId: 50410331,FlexNet900,930.5375 MHz,17,901.8375 MHz
28040,true,,ROXBOROU-136RM1,RTM II+,No,FlexNet,Enabled,4110005,No,2026-07-29 09:15:33.096,Normal,2014-11-21 11:42:01.010,2025-09-17 10:00:02.000,No,40.0577,-75.2411,FlexNetId: 50401666,FlexNet900,930.5375 MHz,40,901.8875 MHz
44530,true,,LINE-14800T19,RTM II+,No,FlexNet,Enabled,4110005,No,2026-07-29 09:08:35.647,Normal,2019-02-07 15:36:02.261,2025-09-17 10:01:37.000,No,39.96638,-75.59677,FlexNetId: 50409873,FlexNet900,930.5125 MHz,37,901.8625 MHz
44623,true,,UPPRPROV-341RM2,RTM II+,No,FlexNet,Enabled,4110005,No,2026-07-29 09:18:57.199,Normal,2019-02-12 11:16:23.495,2025-09-17 10:04:26.000,No,40.19947,-75.52448,FlexNetId: 50409759,FlexNet900,930.5125 MHz,21,901.8375 MHz
32585,true,,GOSHEN-351RM3,RTM II+,No,FlexNet,Enabled,4110005,No,2026-07-29 09:20:32.974,Normal,2014-12-03 14:13:21.530,2025-09-17 10:01:15.000,No,39.9784067,-75.531313,FlexNetId: 50403336,FlexNet900,930.5125 MHz,77,901.8375 MHz
43573,true,,WHITEMAR-133T113,RTM II+,No,FlexNet,Enabled,4110005,No,2026-07-29 09:11:43.419,Normal,2018-10-30 14:16:45.676,2025-09-17 10:24:49.000,No,40.109851,-75.243094,FlexNetId: 50408829,FlexNet900,930.5125 MHz,23,901.8625 MHz
46388,true,Activated,EAGLE-353S1,RTM II+,No,Verizon,Not Applicable,4110005,No,2026-07-29 09:10:33.009,Normal,2019-07-22 11:05:31.164,,,40.142,-75.688,IMEI: 353238061371091,Cell_LE910_VER,,-79,
46388,true,Activated,EAGLE-353S1,RTM II+,No,Verizon,Not Applicable,4110005,No,2026-07-29 09:10:33.009,Normal,2019-07-22 11:05:31.164,,,40.142,-75.688,ICCID: 89148000002637323194,Cell_LE910_VER,,-79,
44341,true,,CHICHEST-131RM1,RTM II+,No,FlexNet,Enabled,4110005,No,2026-07-29 09:10:02.182,Normal,2019-01-03 17:07:10.315,2025-09-17 09:48:07.000,No,39.8321632,-75.4409008,FlexNetId: 50409263,FlexNet900,930.5125 MHz,28,901.8625 MHz
44760,true,,RICHMOND-143T289,RTM II+,No,FlexNet,Enabled,4110005,No,2026-07-29 09:17:54.718,Normal,2019-04-26 09:38:30.048,2025-09-17 09:54:55.000,No,40.016,-75.062,FlexNetId: 50409946,FlexNet900,930.5125 MHz,38,901.8375 MHz
44749,true,,MORTON-132T379,RTM II+,No,FlexNet,Enabled,4110005,No,2026-07-29 09:13:09.736,Normal,2019-02-12 11:17:22.228,2025-09-17 10:20:47.000,No,39.895134,-75.34019,FlexNetId: 50409612,FlexNet900,930.5125 MHz,22,901.8625 MHz
46937,true,,NORWALES-342T370,RTM II+,No,FlexNet,Enabled,4110005,No,2026-07-29 09:16:59.347,Normal,2020-01-05 21:03:42.547,2025-09-17 10:05:18.000,No,40.2471,-75.3249,FlexNetId: 50530178,FlexNet900,930.5375 MHz,39,901.8625 MHz
42805,true,,NEWLINVI-343T40,RTM II+,No,FlexNet,Enabled,4110005,No,2026-07-29 09:18:41.447,Normal,2018-06-07 14:17:58.246,2025-09-17 09:28:54.000,No,40.0127,-75.7906,FlexNetId: 50408190,FlexNet900,930.5375 MHz,21,901.8625 MHz
42578,true,,LOCK-341R3,RTM II+,No,FlexNet,Enabled,4110005,No,2026-07-29 09:18:43.785,Normal,2018-04-13 09:02:36.557,2025-09-17 09:28:14.000,No,40.224268,-75.621059,FlexNetId: 50408549,FlexNet900,930.5125 MHz,35,901.8625 MHz
52842,true,,LINE-704T881,RTM II+,No,FlexNet,Enabled,4110005,No,2026-07-29 09:13:15.554,Normal,2023-12-11 09:22:21.034,2024-10-11 10:36:10.000,No,39.9926023,-75.1092895,FlexNetId: 50533301,FlexNet900,930.5125 MHz,40,901.8375 MHz
51802,true,,PARRISH-136RS2,RTM II+,No,FlexNet,Enabled,4110005,No,2026-07-29 09:17:07.525,Normal,2022-12-07 09:54:49.903,2025-09-17 09:49:58.000,No,39.9633,-75.2265,FlexNetId: 50533001,FlexNet900,930.5375 MHz,21,901.8375 MHz
52285,true,,MOSER-341T817,RTM II+,No,FlexNet,Enabled,4110005,No,2026-07-29 09:10:16.991,Normal,2023-07-20 10:28:15.537,2025-09-17 09:50:20.000,No,40.2487,-75.6505,FlexNetId: 50533138,FlexNet900,930.5125 MHz,53,901.8375 MHz
47477,true,,WANEETA-136S2,RTM II+,No,FlexNet,Enabled,4110005,No,2026-07-29 09:17:40.937,Normal,2020-05-21 11:57:38.898,2025-09-17 10:00:45.000,No,39.991,-75.118,FlexNetId: 50530711,FlexNet900,930.5125 MHz,47,901.8875 MHz
45182,true,,BRADFORD-351S1,RTM II+,No,FlexNet,Enabled,4110005,No,2026-07-29 09:12:15.407,Normal,2019-02-19 09:15:50.446,2025-09-17 10:04:24.000,No,40.005,-75.68,FlexNetId: 50409337,FlexNet900,930.5125 MHz,59,901.8375 MHz
52287,true,,MASTER-131S3,RTM II+,No,FlexNet,Enabled,4110005,No,2026-07-29 09:18:30.329,Normal,2023-07-20 10:28:15.823,2025-09-17 09:30:42.000,No,40.97252,-75.18221,FlexNetId: 50533153,FlexNet900,930.5375 MHz,32,901.8375 MHz
52289,true,,BYBERRY-162T910,RTM II+,No,FlexNet,Enabled,4110005,No,2026-07-29 09:09:47.343,Normal,2023-08-11 08:02:51.918,2025-09-17 09:30:41.000,No,40.01299,-74.98415,FlexNetId: 50533212,FlexNet900,930.5125 MHz,11,901.8375 MHz
44318,true,,EDDYSTON-131RM1,RTM II+,No,FlexNet,Enabled,4110005,No,2026-07-29 09:16:18.760,Normal,2019-01-03 17:07:02.389,2025-09-17 09:48:06.000,No,39.8515928,-75.357417,FlexNetId: 50409550,FlexNet900,930.5125 MHz,48,901.8375 MHz
41334,true,,NEWLINVI-342RM2,RTM II+,No,FlexNet,Enabled,4110005,No,2026-07-29 09:09:07.959,Normal,2018-03-26 15:46:52.431,2025-09-17 09:43:36.000,No,40.045069,-75.823928,FlexNetId: 50407506,FlexNet900,930.5125 MHz,41,901.8875 MHz
48792,true,,BRADFORD-341T42,RTM II+,No,FlexNet,Enabled,4110005,No,2026-07-29 09:15:21.890,Normal,2020-12-04 15:04:20.789,2025-09-17 10:06:10.000,No,40.004624,-75.701864,FlexNetId: 50530939,FlexNet900,930.5125 MHz,66,901.8625 MHz
48751,true,,CONCORD-348RS2,RTM II+,No,FlexNet,Enabled,4110005,No,2026-07-29 09:19:35.999,Normal,2020-12-02 10:01:24.418,2025-09-17 10:04:22.000,No,39.865,-75.516,FlexNetId: 50530873,FlexNet900,930.5125 MHz,36,901.8875 MHz
45422,true,,MACDADE-133T449,RTM II+,No,FlexNet,Enabled,4110005,No,2026-07-29 09:19:25.694,Normal,2019-04-03 08:30:22.465,2025-09-17 10:08:11.000,No,39.916,-75.304858,FlexNetId: 50410405,FlexNet900,930.5125 MHz,29,901.8625 MHz
47205,true,,UPMERION-141RS2,RTM II+,No,FlexNet,Enabled,4110005,No,2026-07-29 09:15:24.071,Normal,2020-02-25 09:05:53.425,2025-09-17 10:05:10.000,No,40.069,-75.41,FlexNetId: 50530615,FlexNet900,930.5375 MHz,34,901.8875 MHz
43280,true,,HEATON-139T164,RTM II+,No,FlexNet,Enabled,4110005,No,2026-07-29 09:11:00.065,Normal,2018-12-07 14:59:23.247,2025-09-17 09:57:31.000,No,40.17355,-75.099614,FlexNetId: 50408237,FlexNet900,930.5125 MHz,38,901.8375 MHz
49970,true,,BUCKINGH-342RS2,RTM II+,No,FlexNet,Enabled,4110005,No,2026-07-29 09:14:36.964,Normal,2021-10-08 09:26:28.766,2025-09-17 09:59:41.000,No,40.35591,-74.97,FlexNetId: 50531627,FlexNet900,930.5125 MHz,42,901.8625 MHz
43240,true,,LINE-13900RM2,RTM II+,No,FlexNet,Enabled,4110005,No,2026-07-29 09:06:20.903,Normal,2019-10-28 15:24:38.532,2025-09-17 09:59:01.000,No,40.04262389,-75.5184175,FlexNetId: 50408356,FlexNet900,930.5125 MHz,54,901.8625 MHz
43850,true,,LENAPE-343S3,RTM II+,No,FlexNet,Enabled,4110005,No,2026-07-29 09:09:55.131,Normal,2018-11-13 10:03:01.272,2025-09-17 09:30:18.000,No,39.9119,-75.5936,FlexNetId: 50409144,FlexNet900,930.5375 MHz,13,901.8625 MHz
47826,true,,BUCKINGH-372RM6,RTM II+,No,FlexNet,Enabled,4110005,No,2026-07-29 09:06:18.636,Normal,2020-07-29 09:23:25.778,2024-10-08 13:03:54.000,No,40.37041,-75.01872,FlexNetId: 50530625,FlexNet900,930.5125 MHz,32,901.8875 MHz
43727,true,,BUCKINGH-346RS2,RTM II+,No,FlexNet,Enabled,4110005,No,2026-07-29 09:18:03.172,Normal,2018-09-18 16:13:41.389,2025-09-17 09:43:37.000,No,40.4255729,-75.18027022,FlexNetId: 50408983,FlexNet900,930.5375 MHz,69,901.8875 MHz
41335,true,,LINE-3307R1,RTM II+,No,FlexNet,Enabled,4110005,No,2026-07-29 09:18:06.475,Normal,2018-01-18 13:52:28.727,2025-09-17 10:00:28.000,No,39.773906,-76.073948,FlexNetId: 50407463,FlexNet900,930.5125 MHz,50,901.8375 MHz
44752,true,,PERKIOME-343S2,RTM II+,No,FlexNet,Enabled,4110005,No,2026-07-29 09:08:58.252,Normal,2019-02-12 11:17:23.717,2025-09-17 09:58:41.000,No,40.233,-75.522,FlexNetId: 50409666,FlexNet900,930.5375 MHz,79,901.8375 MHz
44488,true,,BYBERRY-134T415,RTM II+,No,FlexNet,Enabled,4110005,No,2026-07-29 09:18:14.506,Normal,2019-01-10 14:49:09.364,2025-09-17 10:16:27.000,No,40.09157,-74.9779,FlexNetId: 50409865,FlexNet900,930.5125 MHz,40,901.8375 MHz
42563,true,,NORPHILA-134T236,RTM II+,No,FlexNet,Enabled,4110005,No,2026-07-29 09:15:24.298,Normal,2018-04-13 09:02:31.863,2025-09-17 10:20:48.000,No,39.986949,-75.148647,FlexNetId: 50408585,FlexNet900,930.5375 MHz,36,901.8875 MHz
44761,true,,BYBERRY-137S3,RTM II+,No,FlexNet,Enabled,4110005,No,2026-07-29 09:12:36.182,Normal,2019-02-12 11:17:27.971,2025-09-17 10:10:01.000,No,40.13316,-75.010627,FlexNetId: 50409948,FlexNet900,930.5375 MHz,31,901.8375 MHz
50245,true,Activated,NEWSQUA-134T549,RTM II+,No,Verizon,Not Applicable,4110005,No,2026-07-29 09:07:02.621,Normal,2021-11-16 15:37:50.364,,,40.006,-75.463,IMEI: 354595115966849,Cell_LE910_VER,,-71,
50245,true,Activated,NEWSQUA-134T549,RTM II+,No,Verizon,Not Applicable,4110005,No,2026-07-29 09:07:02.621,Normal,2021-11-16 15:37:50.364,,,40.006,-75.463,ICCID: 89148000006394059792,Cell_LE910_VER,,-71,
49581,true,,NORWALES-342T195,RTM II+,No,FlexNet,Enabled,4110005,No,2026-07-29 09:17:53.344,Normal,2021-07-27 10:43:00.315,2025-09-17 10:20:48.000,No,40.238229,-75.304793,FlexNetId: 50531576,FlexNet900,930.5125 MHz,20,901.8375 MHz
49593,true,,PARRISH-131S3,RTM II+,No,FlexNet,Enabled,4110005,No,2026-07-29 09:11:42.569,Normal,2021-07-28 11:26:07.115,2025-09-17 09:57:02.000,No,39.9693,-75.2278,FlexNetId: 50531344,FlexNet900,930.5375 MHz,22,901.8875 MHz
43696,true,,JENKINTO-136T335,RTM II+,No,FlexNet,Enabled,4110005,No,2026-07-29 09:12:56.658,Normal,2018-10-30 14:17:09.463,2025-09-17 10:02:19.000,No,40.125507,-75.126793,FlexNetId: 50408907,FlexNet900,930.5125 MHz,29,901.8625 MHz
44687,true,,WARRINGT-344R1,RTM II+,No,FlexNet,Enabled,4110005,No,2026-07-29 09:15:58.662,Normal,2019-02-12 11:16:53.197,2025-09-17 10:16:24.000,No,40.218,-75.091,FlexNetId: 50409663,FlexNet900,930.5125 MHz,32,901.8375 MHz
42693,true,,PERKIOME-351T1,RTM II+,No,FlexNet,Enabled,4110005,No,2026-07-29 09:14:23.710,Normal,2018-05-03 20:30:45.073,2025-09-17 09:41:28.000,No,40.214447,-75.463592,FlexNetId: 50408313,FlexNet900,930.5125 MHz,41,901.8875 MHz
43735,true,,LINE-3327S1,RTM II+,No,FlexNet,Enabled,4110005,No,2026-07-29 09:12:21.548,Normal,2018-09-27 15:54:32.830,2025-09-17 09:44:18.000,No,39.9240727,-75.2612874,FlexNetId: 50408981,FlexNet900,930.5375 MHz,42,901.8625 MHz
43886,true,,PERKIOME-342S1,RTM II+,No,FlexNet,Enabled,4110005,No,2026-07-29 09:20:29.247,Normal,2018-11-13 10:03:13.280,2025-09-17 09:43:34.000,No,40.2669,-75.4015,FlexNetId: 50409147,FlexNet900,930.5375 MHz,77,901.8625 MHz
52881,true,,HEATON-133S2,RTM II+,No,FlexNet,Enabled,4110005,No,2026-07-29 09:18:40.503,Normal,2023-12-11 09:23:23.304,2025-09-17 10:17:08.000,No,40.13393,-75.13695,FlexNetId: 50533241,FlexNet900,930.5125 MHz,25,901.8375 MHz
44381,true,,ROXBOROU-131R1,RTM II+,No,FlexNet,Enabled,4110005,No,2026-07-29 09:17:57.531,Normal,2019-02-07 15:32:34.074,2025-09-17 09:55:21.000,No,40.06447,-75.23214,FlexNetId: 50409547,FlexNet900,930.5375 MHz,43,901.8625 MHz
45337,true,,GOSHEN-351T59,RTM II+,No,FlexNet,Enabled,4110005,No,2026-07-29 09:07:56.712,Normal,2019-04-19 12:21:09.089,2025-09-17 09:58:15.000,No,39.978,-75.537,FlexNetId: 50409964,FlexNet900,930.5125 MHz,73,901.8375 MHz
44606,true,,PLYMOUTH-146RM1,RTM II+,No,FlexNet,Enabled,4110005,No,2026-07-29 09:09:36.234,Normal,2019-02-12 11:16:15.556,2025-09-17 10:04:18.000,No,40.12465,-75.316026,FlexNetId: 50409938,FlexNet900,930.5125 MHz,37,901.8625 MHz
43960,true,,NORWALES-343T194,RTM II+,No,FlexNet,Enabled,4110005,No,2026-07-29 09:15:19.452,Normal,2018-11-12 10:54:19.031,2025-09-17 09:45:22.000,No,40.255276,-75.359079,FlexNetId: 50409160,FlexNet900,930.5375 MHz,23,901.8875 MHz
37652,true,,LINE-2671SD2,RTM II+,No,FlexNet,Enabled,4110005,No,2026-07-29 09:14:41.208,Normal,2017-03-07 13:14:43.507,2025-09-17 10:10:01.000,No,39.969868,-75.211844,FlexNetId: 50406751,FlexNet900,930.5375 MHz,42,901.8625 MHz
43270,true,,DALEVILL-342S2,RTM II+,No,FlexNet,Enabled,4110005,No,2026-07-29 09:11:12.448,Normal,2018-11-27 10:03:17.957,2025-09-17 09:49:57.000,No,39.838,-75.7471,FlexNetId: 50408100,FlexNet900,930.5125 MHz,46,901.8375 MHz
45365,true,,ANGORA-132T608,RTM II+,No,FlexNet,Enabled,4110005,No,2026-07-29 09:19:57.861,Normal,2019-04-03 08:29:59.778,2025-09-17 10:04:26.000,No,39.956862,-75.221558,FlexNetId: 50410006,FlexNet900,930.5125 MHz,51,901.8375 MHz
44708,true,,GRAYSFER-161RM2,RTM II+,No,FlexNet,Enabled,4110005,No,2026-07-29 09:13:42.600,Normal,2019-02-12 11:17:03.028,2025-09-17 10:13:02.000,No,39.93213,-75.18945,FlexNetId: 50409611,FlexNet900,930.5375 MHz,43,901.8375 MHz
48280,true,,LLANERCH-148T725,RTM II+,No,FlexNet,Enabled,4110005,No,2026-07-29 09:18:15.983,Normal,2020-09-25 11:34:12.659,2025-09-17 09:56:05.000,No,39.9777,-75.2989,FlexNetId: 50530353,FlexNet900,930.5125 MHz,36,901.8375 MHz
44531,true,,GOLF-002T402,RTM II+,No,FlexNet,Enabled,4110005,No,2026-07-29 09:09:18.641,Normal,2019-02-07 15:36:17.422,2025-09-17 09:57:03.000,No,39.93024,-75.58571,FlexNetId: 50409944,FlexNet900,930.5125 MHz,35,901.8625 MHz
49006,true,,LINE-708S1,RTM II+,No,FlexNet,Enabled,4110005,No,2026-07-29 09:19:33.012,Normal,2021-01-24 09:14:23.658,2025-09-17 10:06:10.000,No,39.997,-75.074,FlexNetId: 50531116,FlexNet900,930.5375 MHz,29,901.8625 MHz
50710,true,,ROXBOROU-137S1,RTM II+,No,FlexNet,Enabled,4110005,No,2026-07-29 09:17:13.320,Normal,2022-03-09 10:12:56.579,2025-09-17 09:58:15.000,No,40.0332,-75.2178,FlexNetId: 50531934,FlexNet900,930.5125 MHz,26,901.8375 MHz
52748,true,,LINE-200T163,RTM II+,No,FlexNet,Enabled,4110005,No,2026-07-29 09:09:08.928,Normal,2023-11-20 12:13:56.909,2025-09-17 10:16:29.000,No,40.05658,-75.59882,FlexNetId: 50533648,FlexNet900,930.5125 MHz,25,901.8375 MHz
53493,true,,FLINT-132S1,RTM II+,No,FlexNet,Enabled,4110005,No,2026-07-29 09:20:18.529,Normal,2024-06-07 13:16:41.913,2025-09-17 10:17:12.000,No,40.06676,-75.32677,FlexNetId: 50534162,FlexNet900,930.5125 MHz,26,901.8375 MHz
44486,true,,BRYNMAWR-134T40,RTM II+,No,FlexNet,Enabled,4110005,No,2026-07-29 09:15:54.710,Normal,2019-01-10 14:49:14.129,2025-09-17 10:01:13.000,No,40.039207,-75.304004,FlexNetId: 50409886,FlexNet900,930.5375 MHz,17,901.8375 MHz
51166,true,,EAGLE-352R1,RTM II+,No,FlexNet,Enabled,4110005,No,2026-07-29 09:20:05.864,Normal,2022-07-13 07:37:20.380,2025-09-17 09:44:41.000,No,40.10034,-75.65777,FlexNetId: 50532605,FlexNet900,930.5125 MHz,37,901.8625 MHz
52305,true,,ANGORA-133RM1,RTM II+,No,FlexNet,Enabled,4110005,No,2026-07-29 09:19:06.820,Normal,2023-08-11 08:02:54.009,2025-09-17 09:29:41.000,No,39.9539,-75.22882,FlexNetId: 50533211,FlexNet900,930.5125 MHz,27,901.8375 MHz
42959,true,,LENAPE-342R1,RTM II+,No,FlexNet,Enabled,4110005,No,2026-07-29 09:15:43.549,Normal,2018-07-17 13:22:52.265,2025-09-17 09:37:49.000,No,39.9365,-75.6027,FlexNetId: 50408558,FlexNet900,930.5125 MHz,24,901.8375 MHz
45480,true,,SAVILLE-141RM2,RTM II+,No,FlexNet,Enabled,4110005,No,2026-07-29 09:15:49.663,Normal,2019-03-06 17:48:26.849,2025-09-17 10:06:15.000,No,39.862,-75.394,FlexNetId: 50410367,FlexNet900,930.5125 MHz,32,901.8375 MHz
52431,true,,CONCORD-348T89,RTM II+,No,FlexNet,Enabled,4110005,No,2026-07-29 09:06:31.033,Normal,2023-09-12 09:07:30.878,2025-09-17 09:43:59.000,No,39.8673406,-75.4665323,FlexNetId: 50533181,FlexNet900,930.5125 MHz,76,901.8375 MHz
46809,true,,TUNA-133RM2,RTM II+,No,FlexNet,Enabled,4110005,No,2026-07-29 09:18:31.657,Normal,2020-01-05 21:03:34.607,2025-09-17 10:08:44.000,No,39.9768,-75.135,FlexNetId: 50410766,FlexNet900,930.5125 MHz,32,901.8375 MHz
44151,true,,LLANERCH-133T318,RTM II+,No,FlexNet,Enabled,4110005,No,2026-07-29 09:20:42.104,Normal,2018-11-20 15:04:54.756,2025-09-17 10:04:24.000,No,39.98116,-75.292301,FlexNetId: 50409444,FlexNet900,930.5375 MHz,19,901.8875 MHz
31728,true,,MACDADE-136RM4,RTM II+,No,FlexNet,Enabled,4110005,No,2026-07-29 09:20:06.003,Normal,2018-10-30 16:35:10.538,2025-09-17 10:01:15.000,No,39.913,-75.31,FlexNetId: 50403782,FlexNet900,930.5375 MHz,37,901.8625 MHz
42577,true,,EAGLE-342T276,RTM II+,No,FlexNet,Enabled,4110005,No,2026-07-29 09:06:00.141,Normal,2018-04-13 09:02:36.232,2025-09-17 09:50:41.000,No,40.13802,-75.76772,FlexNetId: 50408405,FlexNet900,930.5375 MHz,21,901.8875 MHz
48267,true,,NORWALES-342RS1,RTM II+,No,FlexNet,Enabled,4110005,No,2026-07-29 09:15:49.715,Normal,2020-10-16 12:34:36.367,2025-09-17 10:02:19.000,No,40.24434,-75.304163,FlexNetId: 50530394,FlexNet900,930.5125 MHz,24,901.8375 MHz
45504,true,,PARRISH-136RM1,RTM II+,No,FlexNet,Enabled,4110005,No,2026-07-29 09:16:57.211,Normal,2019-03-06 17:48:36.049,2025-09-17 10:16:34.000,No,39.965,-75.23,FlexNetId: 50410351,FlexNet900,930.5125 MHz,32,901.8375 MHz
41402,true,,WOODBOUR-341RM6,RTM II+,No,FlexNet,Enabled,4110005,No,2026-07-29 09:13:05.289,Normal,2018-03-26 15:47:18.175,2025-09-17 09:43:55.000,No,40.2131019,-74.86698301,FlexNetId: 50407199,FlexNet900,930.5125 MHz,34,901.8625 MHz
43704,true,,MACDADE-138RM3,RTM II+,No,FlexNet,Enabled,4110005,No,2026-07-29 09:09:04.927,Normal,2018-10-30 14:17:11.955,2025-09-17 09:43:37.000,No,39.902,-75.289,FlexNetId: 50408760,FlexNet900,930.5125 MHz,51,901.8875 MHz
51644,true,,PARRISH-135T1085,RTM II+,No,FlexNet,Enabled,4110005,No,2026-07-29 09:14:28.468,Normal,2022-10-28 07:28:49.122,2025-09-17 09:49:58.000,No,39.965846,-75.229914,FlexNetId: 50532845,FlexNet900,930.5125 MHz,30,901.8375 MHz
40187,true,,CRESCENT-134S2,RTM II+,No,FlexNet,Enabled,4110005,No,2026-07-29 09:17:21.077,Normal,2017-10-10 09:09:45.987,2025-09-17 09:58:19.000,No,40.047231,-75.112405,FlexNetId: 50407033,FlexNet900,930.5375 MHz,36,901.8375 MHz
45554,true,,DALEVILL-341T365,RTM II+,No,FlexNet,Enabled,4110005,No,2026-07-29 09:17:22.210,Normal,2019-03-06 17:48:56.189,2025-09-17 10:16:32.000,No,39.835,-75.776,FlexNetId: 50410297,FlexNet900,930.5375 MHz,33,901.8375 MHz
51498,true,,BRADFORD-346RS1,RTM II+,No,FlexNet,Enabled,4110005,No,2026-07-29 09:07:25.652,Normal,2022-10-18 09:26:58.372,2025-09-17 09:50:00.000,No,39.94006,-75.71736,FlexNetId: 50532362,FlexNet900,930.5125 MHz,21,901.8375 MHz
32649,true,,NESHAMIN-163RM1,RTM II+,No,FlexNet,Enabled,4110005,No,2026-07-29 09:10:07.457,Normal,2015-07-20 13:16:58.817,2025-09-17 09:44:38.000,No,40.1192081,-74.9319737,FlexNetId: 50403909,FlexNet900,930.5125 MHz,33,901.8875 MHz
43135,true,,LINE-2167RM1,RTM II+,No,FlexNet,Enabled,4110005,No,2026-07-29 09:19:33.683,Normal,2018-10-02 13:28:58.756,2025-09-17 10:01:10.000,No,39.990119,-75.161342,FlexNetId: 50408134,FlexNet900,930.5375 MHz,39,901.8625 MHz
42769,true,,WARRINGT-346R1,RTM II+,No,FlexNet,Enabled,4110005,No,2026-07-29 09:18:50.277,Normal,2018-05-11 12:14:10.364,2025-09-17 09:41:26.000,No,40.23527,-75.1368,FlexNetId: 50408043,FlexNet900,930.5375 MHz,38,901.8375 MHz
43788,true,,LINE-2475RM2,RTM II+,No,FlexNet,Enabled,4110005,No,2026-07-29 09:17:55.304,Normal,2019-01-15 11:15:32.437,2025-09-17 09:49:11.000,No,39.9431817,-75.1769917,FlexNetId: 50409110,FlexNet900,930.5375 MHz,37,901.8625 MHz
43593,true,,WOODBOUR-351S1,RTM II+,No,FlexNet,Enabled,4110005,No,2026-07-29 09:15:55.166,Normal,2018-10-30 14:16:51.966,2025-09-17 10:20:48.000,No,40.22935,-74.921,FlexNetId: 50408889,FlexNet900,930.5125 MHz,30,901.8875 MHz
53721,true,,LINE-900T310,RTMx,No,FlexNet,Enabled,4110005,No,2026-07-29 09:11:06.537,Normal,2024-08-27 14:51:16.607,2025-09-17 12:32:15.000,No,40.1430341,-74.8749804,FlexNetId: 50480621,FlexNet900K24,930.5125 MHz,33,901.8375 MHz
44976,true,,CHICHEST-137T391,RTM II+,No,FlexNet,Enabled,4110005,No,2026-07-29 09:15:23.580,Normal,2019-02-12 11:18:01.113,2025-09-17 10:13:08.000,No,39.856,-75.444,FlexNetId: 50409817,FlexNet900,930.5375 MHz,23,901.8875 MHz
44677,true,,GRAYSFER-161T602,RTM II+,No,FlexNet,Enabled,4110005,No,2026-07-29 09:15:32.206,Normal,2019-02-12 11:16:48.480,2025-09-17 09:56:43.000,No,39.935,-75.19,FlexNetId: 50409823,FlexNet900,930.5125 MHz,24,901.8875 MHz
49438,true,,WANEETA-140S1,RTM II+,No,FlexNet,Enabled,4110005,No,2026-07-29 09:13:13.779,Normal,2021-06-10 09:53:19.866,2025-09-17 10:06:16.000,No,39.9972,-75.1173,FlexNetId: 50531028,FlexNet900,930.5125 MHz,51,901.8375 MHz
51278,true,,BETHAYRE-135T763,RTM II+,No,FlexNet,Enabled,4110005,No,2026-07-29 09:20:51.482,Normal,2022-08-23 18:21:55.987,2025-09-17 10:09:54.000,No,40.1139,-75.0515,FlexNetId: 50532543,FlexNet900,930.5125 MHz,20,901.8375 MHz
46910,true,,BRADFORD-351S2,RTM II+,No,FlexNet,Enabled,4110005,No,2026-07-29 09:20:31.933,Normal,2020-01-05 21:03:36.434,2025-09-17 09:59:24.000,No,40.004,-75.691,FlexNetId: 50410651,FlexNet900,930.5125 MHz,56,901.8875 MHz
51345,true,,LINE-2345RM2,RTM II+,No,FlexNet,Enabled,4110005,No,2026-07-29 09:18:33.897,Normal,2022-09-21 07:54:34.999,2025-09-17 09:49:40.000,No,40.0374,-75.0327,FlexNetId: 50532633,FlexNet900,930.5125 MHz,43,901.8625 MHz
46887,true,,LINE-2216S2,RTM II+,No,FlexNet,Enabled,4110005,No,2026-07-29 09:18:21.739,Normal,2020-01-05 21:03:32.932,2025-09-17 09:55:18.000,No,40.002,-75.132,FlexNetId: 50410602,FlexNet900,930.5375 MHz,41,901.8875 MHz
48151,true,,LINE-2352RM1,RTM II+,No,FlexNet,Enabled,4110005,No,2026-07-29 09:08:44.247,Normal,2020-09-22 09:17:10.548,2025-09-17 09:29:16.000,No,40.067,-75.149,FlexNetId: 50530502,FlexNet900,930.5125 MHz,18,901.8375 MHz
44572,true,,LINE-3340T76,RTM II+,No,FlexNet,Enabled,4110005,No,2026-07-29 09:18:38.207,Normal,2019-02-12 11:17:44.321,2025-09-17 10:13:00.000,No,39.878946,-75.398096,FlexNetId: 50409918,FlexNet900,930.5125 MHz,77,901.8625 MHz
48892,true,,EDDYSTON-132RM1,RTM II+,No,FlexNet,Enabled,4110005,No,2026-07-29 09:17:46.079,Normal,2021-11-03 10:55:54.250,2025-09-17 09:51:02.000,No,39.8728,-75.3335,FlexNetId: 50530207,FlexNet900,930.5125 MHz,47,901.8375 MHz
44442,true,,ANGORA-131T470,RTM II+,No,FlexNet,Enabled,4110005,No,2026-07-29 09:16:48.980,Normal,2019-01-03 15:36:52.017,2025-09-17 09:57:05.000,No,39.960755,-75.232922,FlexNetId: 50409538,FlexNet900,930.5375 MHz,31,901.8375 MHz
44657,true,,UPPERDAR-141RM1,RTM II+,No,FlexNet,Enabled,4110005,No,2026-07-29 09:19:11.567,Normal,2019-12-04 09:32:59.433,2025-09-17 10:08:52.000,No,39.925,-75.267,FlexNetId: 50409742,FlexNet900,930.5125 MHz,43,901.8625 MHz
44325,true,,DALEVILL-342R1,RTM II+,No,FlexNet,Enabled,4110005,No,2026-07-29 09:06:48.717,Normal,2019-01-03 17:07:04.900,2025-09-17 09:48:06.000,No,39.870636,-75.777554,FlexNetId: 50409406,FlexNet900,930.5375 MHz,26,901.8375 MHz
44391,true,,PULASKI-131RM1,RTM II+,No,FlexNet,Enabled,4110005,No,2026-07-29 09:14:44.401,Normal,2019-02-07 15:32:26.505,2025-09-17 09:49:16.000,No,40.02697,-75.16552,FlexNetId: 50409558,FlexNet900,930.5125 MHz,21,901.8375 MHz
45008,true,,CROYDON-131T428,RTM II+,No,FlexNet,Enabled,4110005,No,2026-07-29 09:14:19.155,Normal,2019-04-14 13:16:41.076,2025-09-17 10:20:23.000,No,40.097353,-74.920496,FlexNetId: 50409810,FlexNet900,930.5125 MHz,27,901.8375 MHz
52762,true,,MACDADE-139S3,RTM II+,No,FlexNet,Enabled,4110005,No,2026-07-29 09:16:20.574,Normal,2023-11-20 12:14:00.954,2025-09-17 09:28:12.000,No,39.9143678,-75.292257,FlexNetId: 50533610,FlexNet900,930.5125 MHz,47,901.8375 MHz
42790,true,,EDDYSTON-131RM2,RTM II+,No,FlexNet,Enabled,4110005,No,2026-07-29 09:06:24.638,Normal,2018-06-07 14:18:00.317,2025-09-17 09:41:30.000,No,39.85219,-75.35869,FlexNetId: 50408177,FlexNet900,930.5375 MHz,38,901.8875 MHz
45260,true,,PENCOYD-135RM2,RTM II+,No,FlexNet,Enabled,4110005,No,2026-07-29 09:10:14.208,Normal,2019-02-19 09:16:08.539,2025-09-17 09:44:38.000,No,40.028,-75.223,FlexNetId: 50409335,FlexNet900,930.5125 MHz,27,901.8375 MHz
43296,true,,CALLOWHI-173T918,RTM II+,No,FlexNet,Enabled,4110005,No,2026-07-29 09:15:52.283,Normal,2018-09-14 09:37:13.119,2025-09-17 09:28:56.000,No,39.976521,-75.161699,FlexNetId: 50408682,FlexNet900,930.5125 MHz,29,901.8875 MHz
45090,true,,SAVILLE-134T553,RTM II+,No,FlexNet,Enabled,4110005,No,2026-07-29 09:15:24.128,Normal,2019-02-14 09:40:34.508,2025-09-17 10:13:10.000,No,39.867,-75.367,FlexNetId: 50409288,FlexNet900,930.5125 MHz,35,901.8375 MHz
45218,true,,LINE-1093T1349,RTM II+,No,FlexNet,Enabled,4110005,No,2026-07-29 09:15:49.187,Normal,2019-02-19 09:16:03.025,2025-09-17 10:01:33.000,No,40.023,-75.147,FlexNetId: 50410080,FlexNet900,930.5375 MHz,33,901.8625 MHz
44577,true,,ELMWOOD-133RM2,RTM II+,No,FlexNet,Enabled,4110005,No,2026-07-29 09:15:22.860,Normal,2019-02-12 11:16:00.506,2025-09-17 09:57:06.000,No,39.924799,-75.226205,FlexNetId: 50409915,FlexNet900,930.5375 MHz,46,901.8875 MHz
43059,true,,COCHRANV-341S2,RTM II+,No,FlexNet,Enabled,4110005,No,2026-07-29 09:20:38.975,Normal,2018-07-17 13:23:27.800,2025-09-17 09:57:02.000,No,39.86862,-75.867839,FlexNetId: 50408451,FlexNet900,930.5125 MHz,31,901.8375 MHz
42118,true,,WOODBOUR-341RS9,RTM II+,No,FlexNet,Enabled,4110005,No,2026-07-29 09:16:40.907,Normal,2018-03-26 15:47:50.774,2025-09-17 09:42:26.000,No,40.224716,-74.871256,FlexNetId: 50408457,FlexNet900,930.5375 MHz,21,901.8375 MHz
49068,true,,LINTON-352RM4,RTM II+,No,FlexNet,Enabled,4110005,No,2026-07-29 09:19:21.205,Normal,2021-02-09 09:33:45.110,2021-04-02 14:10:22.000,No,40.20818,-74.98191,FlexNetId: 50531077,FlexNet900,930.5125 MHz,31,901.8375 MHz
43572,true,,WHITEMAR-143S1,RTM II+,No,FlexNet,Enabled,4110005,No,2026-07-29 09:14:09.923,Normal,2018-10-30 14:16:50.324,2025-09-18 20:51:21.000,No,40.107849,-75.214072,FlexNetId: 50408708,FlexNet900,930.5125 MHz,23,901.8375 MHz
43860,true,,PLYMOUTH-172RM2,RTM II+,No,FlexNet,Enabled,4110005,No,2026-07-29 09:20:49.027,Normal,2018-11-13 10:03:04.549,2025-09-17 09:45:20.000,No,40.078,-75.297,FlexNetId: 50409127,FlexNet900,930.5125 MHz,33,901.8875 MHz
43588,true,,HARTMAN-353T290,RTM II+,No,FlexNet,Enabled,4110005,No,2026-07-29 09:17:56.319,Normal,2018-10-30 14:17:05.392,2025-09-17 10:20:48.000,No,40.2457463,-75.2265493,FlexNetId: 50408890,FlexNet900,930.5125 MHz,38,901.8375 MHz
44999,true,,CHICHEST-139RS2,RTM II+,No,FlexNet,Enabled,4110005,No,2026-07-29 09:20:23.253,Normal,2019-02-12 11:18:13.063,2025-09-17 10:08:13.000,No,39.8463,-75.3967,FlexNetId: 50409799,FlexNet900,930.5375 MHz,27,901.8625 MHz
44148,true,,LLANERCH-133T316,RTM II+,No,FlexNet,Enabled,4110005,No,2026-07-29 09:15:31.310,Normal,2018-11-20 15:04:29.626,2025-09-17 09:56:02.000,No,39.96759,-75.289237,FlexNetId: 50409426,FlexNet900,930.5125 MHz,24,901.8375 MHz
43142,true,,WESTMORE-131T1050,RTM II+,No,FlexNet,Enabled,4110005,No,2026-07-29 09:15:34.215,Normal,2018-10-02 13:29:00.322,2025-09-17 09:49:38.000,No,40.00317,-75.15029,FlexNetId: 50408212,FlexNet900,930.5125 MHz,58,901.8375 MHz
43734,true,,BUCKINGH-352T1040,RTM II+,No,FlexNet,Enabled,4110005,No,2026-07-29 09:15:38.718,Normal,2018-09-18 16:13:42.369,2025-09-17 09:28:54.000,No,40.31856,-75.13867,FlexNetId: 50408969,FlexNet900,930.5375 MHz,52,901.8875 MHz
50239,true,Activated,FOULK-141T130,RTM II+,No,Verizon,Not Applicable,4110005,No,2026-07-29 09:18:04.120,Normal,2021-11-16 15:37:54.673,,,39.88495,-75.4309506,IMEI: 354595115778921,Cell_LE910_VER,,-75,
50239,true,Activated,FOULK-141T130,RTM II+,No,Verizon,Not Applicable,4110005,No,2026-07-29 09:18:04.120,Normal,2021-11-16 15:37:54.673,,,39.88495,-75.4309506,ICCID: 89148000006394059750,Cell_LE910_VER,,-75,
43624,true,,LINTON-341T324,RTM II+,No,FlexNet,Enabled,4110005,No,2026-07-29 09:06:37.464,Normal,2018-10-05 14:49:11.197,2025-09-17 10:20:48.000,No,40.259542,-74.882173,FlexNetId: 50408741,FlexNet900,930.5125 MHz,21,901.8625 MHz
44669,true,,LINE-300T351,RTM II+,No,FlexNet,Enabled,4110005,No,2026-07-29 09:20:49.781,Normal,2019-02-12 11:16:44.687,2025-09-17 09:29:18.000,No,40.124,-75.555,FlexNetId: 50409897,FlexNet900,930.5125 MHz,36,901.8375 MHz
49481,true,,CONCORD-351S4,RTM II+,No,FlexNet,Enabled,4110005,No,2026-07-29 09:20:23.918,Normal,2021-06-18 09:04:24.540,2025-09-17 10:10:00.000,No,39.933,-75.512,FlexNetId: 50531420,FlexNet900,930.5125 MHz,19,901.8875 MHz
44978,true,,COOPER-353S2,RTM II+,No,FlexNet,Enabled,4110005,No,2026-07-29 09:20:47.668,Normal,2019-02-12 11:18:02.375,2025-09-17 10:09:54.000,No,39.746619,-76.359059,FlexNetId: 50409716,FlexNet900,930.5125 MHz,72,901.8375 MHz
51712,true,,MACDADE-138RM1,RTM II+,No,FlexNet,Enabled,4110005,No,2026-07-29 09:17:15.918,Normal,2022-11-10 08:05:11.406,2025-09-17 09:49:57.000,No,39.9015,-75.2882,FlexNetId: 50532832,FlexNet900,930.5125 MHz,51,901.8375 MHz
49537,true,,LINE-1080RM2,RTM II+,No,FlexNet,Enabled,4110005,No,2026-07-29 09:09:52.166,Normal,2021-07-22 09:38:20.509,2025-09-17 10:17:08.000,No,40.017,-75.211,FlexNetId: 50531315,FlexNet900,930.5125 MHz,52,901.8375 MHz
43191,true,,LINE-2671T252,RTM II+,No,FlexNet,Enabled,4110005,No,2026-07-29 09:16:30.585,Normal,2018-10-02 13:29:15.952,2025-09-17 09:45:40.000,No,39.976979,-75.226305,FlexNetId: 50408330,FlexNet900,930.5375 MHz,37,901.8625 MHz
45351,true,,NEWLINVI-353R3,RTM II+,No,FlexNet,Enabled,4110005,No,2026-07-29 09:12:41.904,Normal,2019-04-03 08:29:53.106,2025-09-17 09:45:01.000,No,40.011,-75.721,FlexNetId: 50410063,FlexNet900,930.5125 MHz,53,901.8375 MHz
45005,true,,CHICHEST-131T392,RTM II+,No,FlexNet,Enabled,4110005,No,2026-07-29 09:17:46.178,Normal,2019-02-14 09:40:11.252,2025-09-17 10:04:19.000,No,39.836,-75.442,FlexNetId: 50409718,FlexNet900,930.5375 MHz,25,901.8875 MHz
42302,true,,ANGORA-132S1,RTM II+,No,FlexNet,Enabled,4110005,No,2026-07-29 09:14:38.643,Normal,2018-04-10 09:33:48.363,2025-09-17 10:00:03.000,No,39.956788,-75.217883,FlexNetId: 50408527,FlexNet900,930.5375 MHz,37,901.8375 MHz
45151,true,,JARRETT-133T423,RTM II+,No,FlexNet,Enabled,4110005,No,2026-07-29 09:20:26.459,Normal,2019-02-19 09:15:39.066,2025-09-17 10:05:12.000,No,40.189782,-75.17591,FlexNetId: 50410194,FlexNet900,930.5375 MHz,42,901.8375 MHz
46755,true,,ANGORA-134S2,RTM II+,No,FlexNet,Enabled,4110005,No,2026-07-29 09:15:23.610,Normal,2019-12-12 09:46:25.810,2025-09-17 09:57:03.000,No,39.9544,-75.2444,FlexNetId: 50410785,FlexNet900,930.5125 MHz,27,901.8875 MHz
51198,true,,UPMERION-132T189,RTM II+,No,FlexNet,Enabled,4110005,No,2026-07-29 09:09:42.466,Normal,2022-07-20 09:09:26.613,2025-09-17 09:29:39.000,No,40.06023,-75.3806,FlexNetId: 50532411,FlexNet900,930.5125 MHz,38,901.8375 MHz
40386,true,,ROXBOROU-134T291,RTM II+,No,FlexNet,Enabled,4110005,No,2026-07-29 09:12:26.880,Normal,2017-11-09 09:57:52.550,2025-09-17 10:00:01.000,No,40.030933,-75.217452,FlexNetId: 50407047,FlexNet900,930.5125 MHz,45,901.8875 MHz
42792,true,,NORWALES-346T2,RTM II+,No,FlexNet,Enabled,4110005,No,2026-07-29 09:15:43.664,Normal,2018-06-07 14:17:56.083,2025-09-17 09:41:29.000,No,40.188686,-75.24248,FlexNetId: 50408070,FlexNet900,930.5125 MHz,22,901.8375 MHz
49578,true,,LINE-1080T116,RTM II+,No,FlexNet,Enabled,4110005,No,2026-07-29 09:10:21.949,Normal,2021-07-27 10:43:01.014,2025-09-17 09:54:53.000,No,40.0209,-75.274,FlexNetId: 50531580,FlexNet900,930.5125 MHz,30,901.8375 MHz
30229,true,,LINE-2100R1,RTM II+,No,FlexNet,Enabled,4110005,No,2026-07-29 09:09:16.140,Normal,2014-07-30 12:33:38.637,2025-09-17 10:10:01.000,No,40.179073,-75.53875,FlexNetId: 50402126,FlexNet900,930.5375 MHz,34,901.8625 MHz
44629,true,,PARRISH-143T413,RTM II+,No,FlexNet,Enabled,4110005,No,2026-07-29 09:06:39.727,Normal,2019-02-12 11:16:26.111,2025-09-17 10:04:29.000,No,39.959,-75.193,FlexNetId: 50409792,FlexNet900,930.5375 MHz,50,901.8625 MHz
41341,true,,PENCOYD-133RS3,RTM II+,No,FlexNet,Enabled,4110005,No,2026-07-29 09:20:15.417,Normal,2018-03-26 15:46:54.925,2025-09-17 09:55:41.000,No,40.025948,-75.233262,FlexNetId: 50407496,FlexNet900,930.5125 MHz,25,901.8375 MHz
43602,true,,BRADFORD-342T69,RTM II+,No,FlexNet,Enabled,4110005,No,2026-07-29 09:09:49.133,Normal,2018-10-30 14:16:54.590,2025-09-17 09:42:28.000,No,39.994595,-75.744215,FlexNetId: 50408749,FlexNet900,930.5125 MHz,25,901.8375 MHz
52860,true,,PLANEBRO-351RM2,RTM II+,No,FlexNet,Enabled,4110005,No,2026-07-29 09:20:16.611,Normal,2023-12-11 09:22:25.356,2025-09-17 10:17:02.000,No,40.02454,-75.52267,FlexNetId: 50533091,FlexNet900,930.5125 MHz,22,901.8375 MHz
44574,true,,BYBERRY-163T762,RTM II+,No,FlexNet,Enabled,4110005,No,2026-07-29 09:18:47.143,Normal,2019-02-12 11:15:59.119,2025-09-17 10:04:19.000,No,40.113,-75.025,FlexNetId: 50409923,FlexNet900,930.5375 MHz,24,901.8625 MHz
49576,true,,LINTON-343T902,RTM II+,No,FlexNet,Enabled,4110005,No,2026-07-29 09:13:48.422,Normal,2021-07-27 10:28:59.107,2025-09-17 09:51:04.000,No,40.2072,-74.9773,FlexNetId: 50531334,FlexNet900,930.5125 MHz,22,901.8625 MHz
49546,true,,BUCKINGH-342R4,RTM II+,No,FlexNet,Enabled,4110005,No,2026-07-29 09:18:25.063,Normal,2021-07-22 09:38:06.467,2025-09-17 10:13:02.000,No,40.364,-74.9675,FlexNetId: 50531090,FlexNet900,930.5375 MHz,56,901.8625 MHz
45057,true,,PLANEBRO-361RM3,RTM II+,No,FlexNet,Enabled,4110005,No,2026-07-29 09:19:44.636,Normal,2019-02-14 09:40:23.807,2025-09-17 10:01:15.000,No,40.037,-75.619,FlexNetId: 50409289,FlexNet900,930.5125 MHz,21,901.8375 MHz
43900,true,,FOXCHASE-140RM1,RTM II+,No,FlexNet,Enabled,4110005,No,2026-07-29 09:09:38.369,Normal,2019-02-15 09:31:22.413,2025-09-17 09:55:39.000,No,40.058719,-75.052534,FlexNetId: 50409057,FlexNet900,930.5125 MHz,28,901.8375 MHz
43612,true,,LINE-2671T366,RTM II+,No,FlexNet,Enabled,4110005,No,2026-07-29 09:15:19.958,Normal,2018-10-05 14:49:33.527,2025-09-17 09:30:18.000,No,39.970066,-75.207263,FlexNetId: 50408730,FlexNet900,930.5375 MHz,25,901.8375 MHz
49821,true,,PASSYUNK-134T1142,RTM II+,No,FlexNet,Enabled,4110005,No,2026-07-29 09:06:28.374,Normal,2021-09-15 15:29:08.656,2025-09-17 09:59:02.000,No,39.929,-75.174,FlexNetId: 50410867,FlexNet900,930.5125 MHz,36,901.8875 MHz
51711,true,,CALLOWHI-166RM1,RTM II+,No,FlexNet,Enabled,4110005,No,2026-07-29 09:20:52.679,Normal,2022-11-10 08:05:11.038,2025-09-17 09:49:40.000,No,39.9716,-75.1628,FlexNetId: 50532755,FlexNet900,930.5375 MHz,51,901.8875 MHz
43181,true,,UNIVERSI-131RM1,RTM II+,No,FlexNet,Enabled,4110005,No,2026-07-29 09:20:52.791,Normal,2018-10-02 13:29:12.688,2025-09-17 09:29:19.000,No,39.9631582,-75.2374373,FlexNetId: 50408160,FlexNet900,930.5375 MHz,27,901.8625 MHz
53713,true,,EAGLE-341RM2,RTMx,No,FlexNet,Enabled,4110005,No,2026-07-29 09:07:41.638,Normal,2024-08-27 14:51:15.531,2025-09-17 10:17:12.000,No,40.0683,-75.6767,FlexNetId: 50480548,FlexNet900K24,930.5125 MHz,43,901.8375 MHz
49182,true,,LOMBARD-133S1,RTM II+,No,FlexNet,Enabled,4110005,No,2026-07-29 09:16:42.781,Normal,2021-03-14 09:56:51.043,2025-09-17 09:49:42.000,No,39.94082,-75.15809,FlexNetId: 50531237,FlexNet900,930.5125 MHz,12,901.8375 MHz
48884,true,,FLINT-144RM1,RTM II+,No,FlexNet,Enabled,4110005,No,2026-07-29 09:18:00.745,Normal,2020-12-28 11:58:47.742,2025-09-17 09:49:43.000,No,40.0567,-75.3002,FlexNetId: 50530265,FlexNet900,930.5125 MHz,42,901.8375 MHz
43075,true,,WHITEMAR-141S5,RTM II+,No,FlexNet,Enabled,4110005,No,2026-07-29 09:17:46.967,Normal,2018-07-17 13:23:28.193,2025-09-17 09:28:56.000,No,40.140919,-75.242304,FlexNetId: 50408228,FlexNet900,930.5125 MHz,20,901.8875 MHz
51733,true,,LEVITT-005RS1,RTM II+,No,FlexNet,Enabled,4110005,No,2026-07-29 09:20:51.873,Normal,2022-11-17 07:08:06.916,2025-09-17 09:49:43.000,No,40.1637352,-74.8436932,FlexNetId: 50532818,FlexNet900,930.5125 MHz,31,901.8375 MHz
45609,true,Activated,BRYNMAWR-134RM1,RTM II+,No,Verizon,Not Applicable,4110005,No,2026-07-29 09:19:42.258,Normal,2019-04-01 12:31:24.196,,,40.034498,-75.309553,IMEI: 353238061371778,Cell_LE910_VER,,-55,
45609,true,Activated,BRYNMAWR-134RM1,RTM II+,No,Verizon,Not Applicable,4110005,No,2026-07-29 09:19:42.258,Normal,2019-04-01 12:31:24.196,,,40.034498,-75.309553,ICCID: 89148000002637294742,Cell_LE910_VER,,-55,
52310,true,,CRESCENT-132RM1,RTM II+,No,FlexNet,Enabled,4110005,No,2026-07-29 09:20:45.880,Normal,2023-08-11 08:02:54.566,2025-09-17 09:29:41.000,No,40.03048,-75.07993,FlexNetId: 50533213,FlexNet900,930.5125 MHz,35,901.8375 MHz
43578,true,,WHITEMAR-132T140,RTM II+,No,FlexNet,Enabled,4110005,No,2026-07-29 09:18:20.021,Normal,2018-10-30 14:16:46.976,2025-09-17 09:42:25.000,No,40.157144,-75.207854,FlexNetId: 50408693,FlexNet900,930.5375 MHz,30,901.8625 MHz
42579,true,,NEWLINVI-344S1,RTM II+,No,FlexNet,Enabled,4110005,No,2026-07-29 09:14:34.272,Normal,2018-04-13 09:02:36.861,2025-09-17 09:41:26.000,No,39.985149,-75.852518,FlexNetId: 50408541,FlexNet900,930.5375 MHz,38,901.8375 MHz
42822,true,,MASTER-162RM1,RTM II+,No,FlexNet,Enabled,4110005,No,2026-07-29 09:13:42.163,Normal,2018-07-20 09:40:22.886,2025-09-17 09:50:42.000,No,39.97505,-75.159676,FlexNetId: 50408171,FlexNet900,930.5375 MHz,28,901.8375 MHz
47613,true,,PLYMOUTH-161T771,RTM II+,No,FlexNet,Enabled,4110005,No,2026-07-29 09:07:05.210,Normal,2020-05-26 12:40:28.723,2025-09-17 10:05:14.000,No,40.146,-75.256,FlexNetId: 50530573,FlexNet900,930.5125 MHz,10,901.8375 MHz
43827,true,,MIDDLETO-142S1,RTM II+,No,FlexNet,Enabled,4110005,No,2026-07-29 09:12:14.635,Normal,2018-11-13 10:02:54.174,2025-09-17 10:01:10.000,No,39.91056,-75.42049,FlexNetId: 50409203,FlexNet900,930.5125 MHz,17,901.8875 MHz
52451,true,,LINE-1400R1,RTM II+,No,FlexNet,Enabled,4110005,No,2026-07-29 09:12:06.118,Normal,2023-09-12 09:07:34.123,2025-09-17 09:30:40.000,No,40.08148,-75.32374,FlexNetId: 50533425,FlexNet900,930.5125 MHz,30,901.8375 MHz
42102,true,,MIDDLETO-141R1,RTM II+,No,FlexNet,Enabled,4110005,No,2026-07-29 09:09:51.390,Normal,2018-03-26 15:47:44.712,2025-09-17 09:59:59.000,No,39.918092,-75.393419,FlexNetId: 50408510,FlexNet900,930.5375 MHz,25,901.8375 MHz
45338,true,,LINE-502RM1,RTM II+,No,FlexNet,Enabled,4110005,No,2026-07-29 09:20:06.079,Normal,2019-04-03 08:29:48.460,2025-09-17 09:58:19.000,No,39.982213,-75.13091,FlexNetId: 50410059,FlexNet900,930.5125 MHz,38,901.8375 MHz
51919,true,,CRESCENT-139T869,RTM II+,No,FlexNet,Enabled,4110005,No,2026-07-29 09:07:58.333,Normal,2023-02-21 07:51:13.286,2025-09-17 09:30:38.000,No,40.0311,-75.12,FlexNetId: 50531963,FlexNet900,930.5125 MHz,50,901.8375 MHz
45172,true,,PENCOYD-133S2,RTM II+,No,FlexNet,Enabled,4110005,No,2026-07-29 09:20:30.137,Normal,2019-02-19 09:15:46.896,2025-09-17 10:02:17.000,No,40.02,-75.246,FlexNetId: 50410213,FlexNet900,930.5375 MHz,17,901.8625 MHz
52439,true,,BRYNMAWR-131RS1,RTM II+,No,FlexNet,Enabled,4110005,No,2026-07-29 09:18:36.802,Normal,2023-09-12 09:07:32.021,2025-09-17 09:30:41.000,No,40.0082169,-75.3259612,FlexNetId: 50533374,FlexNet900,930.5125 MHz,45,901.8375 MHz
43653,true,,CONCORD-354RS5,RTM II+,No,FlexNet,Enabled,4110005,No,2026-07-29 09:16:06.593,Normal,2018-10-05 14:49:20.359,2025-09-17 09:45:43.000,No,39.845057,-75.522995,FlexNetId: 50408852,FlexNet900,930.5125 MHz,44,901.8875 MHz
51720,true,,DALEVILL-341RS4,RTM II+,No,FlexNet,Enabled,4110005,No,2026-07-29 09:15:54.479,Normal,2022-11-17 07:00:19.736,2025-09-17 09:50:00.000,No,39.8115,-75.727,FlexNetId: 50532906,FlexNet900,930.5125 MHz,26,901.8875 MHz
43167,true,,LINE-11600T234,RTM II+,No,FlexNet,Enabled,4110005,No,2026-07-29 09:15:19.666,Normal,2018-10-02 13:29:08.268,2025-09-17 09:49:15.000,No,39.9425612,-75.3968662,FlexNetId: 50408132,FlexNet900,930.5125 MHz,41,901.8625 MHz
45142,true,,GOSHEN-352RM2,RTM II+,No,FlexNet,Enabled,4110005,No,2026-07-29 09:11:37.611,Normal,2019-02-19 09:15:35.614,2025-09-17 09:55:22.000,No,39.964,-75.521,FlexNetId: 50410206,FlexNet900,930.5125 MHz,29,901.8625 MHz
46760,true,,COATESVI-004RS1,RTM II+,No,FlexNet,Enabled,4110005,No,2026-07-29 09:20:33.301,Normal,2019-12-12 09:45:15.380,2025-09-17 10:08:48.000,No,39.986,-75.8084,FlexNetId: 50410674,FlexNet900,930.5125 MHz,65,901.8625 MHz
49214,true,,LINE-8300RM1,RTM II+,No,FlexNet,Enabled,4110005,No,2026-07-29 09:19:13.646,Normal,2021-03-23 08:50:34.377,2025-09-17 10:13:05.000,No,40.05871,-75.27129,FlexNetId: 50531259,FlexNet900,930.5125 MHz,31,901.8375 MHz
45133,true,,MASTER-163S1,RTM II+,No,FlexNet,Enabled,4110005,No,2026-07-29 09:20:12.880,Normal,2019-02-19 09:15:32.044,2025-09-17 10:01:35.000,No,39.967833,-75.143018,FlexNetId: 50409985,FlexNet900,930.5375 MHz,29,901.8875 MHz
45331,true,,NEWLINVI-362RMP5,RTM II+,No,FlexNet,Enabled,4110005,No,2026-07-29 09:19:09.496,Normal,2019-04-03 08:29:45.783,2025-09-17 10:16:28.000,No,40.022813,-75.926652,FlexNetId: 50410119,FlexNet900,930.5375 MHz,47,901.8875 MHz
50805,true,,RICHMOND-136T1227,RTM II+,No,FlexNet,Enabled,4110005,No,2026-07-29 09:12:46.562,Normal,2022-04-21 10:25:54.386,2025-09-17 09:29:43.000,No,39.98795,-75.11821,FlexNetId: 50532164,FlexNet900,930.5125 MHz,71,901.8375 MHz
43236,true,,MIDDLETO-349T62,RTM II+,No,FlexNet,Enabled,4110005,No,2026-07-29 09:19:21.846,Normal,2018-12-07 10:47:04.712,2025-09-17 09:49:13.000,No,39.969457,-75.444233,FlexNetId: 50408406,FlexNet900,930.5375 MHz,28,901.8375 MHz
42803,true,,RICHMOND-132T694,RTM II+,No,FlexNet,Enabled,4110005,No,2026-07-29 09:18:22.768,Normal,2019-08-19 13:44:33.213,2025-09-17 09:57:54.000,No,40.006,-75.099,FlexNetId: 50408146,FlexNet900,930.5375 MHz,46,901.8875 MHz
43804,true,,LENAPE-352RM2,RTM II+,No,FlexNet,Enabled,4110005,No,2026-07-29 09:13:06.734,Normal,2018-11-12 10:57:06.590,2025-09-17 09:42:26.000,No,39.890193,-75.690191,FlexNetId: 50409112,FlexNet900,930.5125 MHz,36,901.8375 MHz
44518,true,,CALLOWHI-134RM1,RTM II+,No,FlexNet,Enabled,4110005,No,2026-07-29 09:20:24.238,Normal,2019-01-10 14:49:22.696,2025-09-17 10:01:13.000,No,39.973552,-75.149337,FlexNetId: 50409839,FlexNet900,930.5375 MHz,37,901.8625 MHz
41338,true,,WARRINGT-362S2,RTM II+,No,FlexNet,Enabled,4110005,No,2026-07-29 09:18:25.750,Normal,2018-03-26 15:46:53.602,2025-09-17 09:41:27.000,No,40.218759,-75.055114,FlexNetId: 50407584,FlexNet900,930.5125 MHz,22,901.8375 MHz
43936,true,,LINE-2008S2,RTM II+,No,FlexNet,Enabled,4110005,No,2026-07-29 09:18:30.657,Normal,2018-11-27 10:03:21.322,2025-09-17 09:45:20.000,No,39.921,-75.18,FlexNetId: 50409039,FlexNet900,930.5375 MHz,45,901.8625 MHz
51915,true,,LOMBARD-136RS3,RTM II+,No,FlexNet,Enabled,4110005,No,2026-07-29 09:16:31.330,Normal,2023-02-20 07:48:36.562,2025-09-17 09:43:57.000,No,39.9377,-75.1462,FlexNetId: 50532048,FlexNet900,930.5125 MHz,22,901.8625 MHz
45526,true,,PACKER-132T574,RTM II+,No,FlexNet,Enabled,4110005,No,2026-07-29 09:11:28.599,Normal,2019-03-06 17:48:45.217,2025-09-17 10:08:41.000,No,39.924,-75.153,FlexNetId: 50410289,FlexNet900,930.5375 MHz,48,901.8625 MHz
44728,true,,PULASKI-135T600,RTM II+,No,FlexNet,Enabled,4110005,No,2026-07-29 09:15:47.529,Normal,2019-02-12 11:17:12.095,2025-09-17 10:13:08.000,No,40.037926,-75.170859,FlexNetId: 50409686,FlexNet900,930.5375 MHz,27,901.8625 MHz
43885,true,,NORWALES-341T282,RTM II+,No,FlexNet,Enabled,4110005,No,2026-07-29 09:15:52.618,Normal,2018-11-13 10:03:12.889,2025-09-17 09:45:20.000,No,40.2758,-75.2457,FlexNetId: 50409180,FlexNet900,930.5375 MHz,37,901.8625 MHz
47692,true,,COLWYN-133RS1,RTM II+,No,FlexNet,Enabled,4110005,No,2026-07-29 09:19:26.044,Normal,2020-08-15 21:35:20.205,2025-09-17 10:08:48.000,No,39.922,-75.259,FlexNetId: 50530825,FlexNet900,930.5125 MHz,49,901.8375 MHz
46999,true,,WARMINST-132RM2,RTM II+,No,FlexNet,Enabled,4110005,No,2026-07-29 09:16:20.895,Normal,2020-01-05 21:03:51.443,2025-09-17 10:20:48.000,No,40.199,-75.01,FlexNetId: 50530129,FlexNet900,930.5125 MHz,19,901.8625 MHz
42737,true,,SAVILLE-132RM2,RTM II+,No,FlexNet,Enabled,4110005,No,2026-07-29 09:18:51.557,Normal,2018-05-11 12:14:06.653,2025-09-17 09:41:25.000,No,39.857,-75.354,FlexNetId: 50408066,FlexNet900,930.5125 MHz,34,901.8625 MHz
49284,true,,LINE-2000RM1,RTM II+,No,FlexNet,Enabled,4110005,No,2026-07-29 09:09:25.154,Normal,2021-04-18 10:04:17.356,2025-09-17 09:54:55.000,No,40.11812,-75.39844,FlexNetId: 50531180,FlexNet900,930.5125 MHz,34,901.8375 MHz
48891,true,,NORWALES-372R2,RTM II+,No,FlexNet,Enabled,4110005,No,2026-07-29 09:17:55.395,Normal,2021-11-03 10:55:59.054,2025-09-17 09:51:50.000,No,40.2043,-75.3133,FlexNetId: 50530338,FlexNet900,930.5125 MHz,13,901.8625 MHz
31221,true,,NORWALES-363T362,RTM II+,No,FlexNet,Enabled,4110005,No,2026-07-29 09:19:28.487,Normal,2018-07-18 11:42:35.000,2025-09-17 10:20:48.000,No,40.206,-75.354,FlexNetId: 50402706,FlexNet900,930.5375 MHz,26,901.8625 MHz
45505,true,,LINE-2787T387,RTM II+,No,FlexNet,Enabled,4110005,No,2026-07-29 09:09:25.948,Normal,2019-03-06 17:48:36.422,2025-09-17 10:01:15.000,No,39.948,-75.208,FlexNetId: 50410366,FlexNet900,930.5375 MHz,25,901.8625 MHz
51349,true,,MACDADE-161RM2,RTM II+,No,FlexNet,Enabled,4110005,No,2026-07-29 09:20:42.011,Normal,2022-09-21 07:54:35.742,2025-09-17 09:50:40.000,No,39.9258,-75.3323,FlexNetId: 50532639,FlexNet900,930.5125 MHz,26,901.8875 MHz
52800,true,,CRESCENT-135T1080,RTM II+,No,FlexNet,Enabled,4110005,No,2026-07-29 09:17:05.551,Normal,2023-11-20 12:14:09.363,2025-09-17 09:33:02.000,No,40.02664,-75.08558,FlexNetId: 50533125,FlexNet900,930.5125 MHz,9,901.8375 MHz
45482,true,,LENAPE-352R3,RTM II+,No,FlexNet,Enabled,4110005,No,2026-07-29 09:16:01.154,Normal,2019-03-06 17:48:27.562,2025-09-17 09:57:33.000,No,39.899,-75.661,FlexNetId: 50410354,FlexNet900,930.5125 MHz,20,901.8375 MHz
52318,true,,PARRISH-134S4,RTM II+,No,FlexNet,Enabled,4110005,No,2026-07-29 09:16:45.410,Normal,2023-08-11 08:02:55.345,2025-09-17 09:29:41.000,No,39.94964,-75.20723,FlexNetId: 50533401,FlexNet900,930.5375 MHz,37,901.8375 MHz
48131,true,,FORREST-002RS1,RTM II+,No,FlexNet,Enabled,4110005,No,2026-07-29 09:20:21.978,Normal,2020-09-22 09:17:28.650,2025-09-17 10:09:54.000,No,40.1202,-75.3547,FlexNetId: 50530503,FlexNet900,930.5125 MHz,41,901.8375 MHz
52209,true,,SCHWENKS-002RS2,RTM II+,No,FlexNet,Enabled,4110005,No,2026-07-29 09:19:18.792,Normal,2023-06-07 07:36:06.747,2025-09-17 09:50:19.000,No,40.26,-75.4661,FlexNetId: 50533264,FlexNet900,930.5125 MHz,27,901.8375 MHz
44713,true,,NEWLINVI-343T346,RTM II+,No,FlexNet,Enabled,4110005,No,2026-07-29 09:07:04.633,Normal,2019-02-12 11:17:05.305,2025-09-17 10:04:26.000,No,40.025,-75.747,FlexNetId: 50409653,FlexNet900,930.5375 MHz,24,901.8875 MHz
45385,true,,PARRISH-135T531,RTM II+,No,FlexNet,Enabled,4110005,No,2026-07-29 09:13:18.694,Normal,2019-04-03 08:30:07.827,2025-09-17 10:10:02.000,No,39.966,-75.246,FlexNetId: 50410441,FlexNet900,930.5125 MHz,35,901.8875 MHz
52249,true,,WARMINST-161RM2,RTM II+,No,FlexNet,Enabled,4110005,No,2026-07-29 09:09:51.060,Normal,2023-06-15 07:26:26.063,2025-09-17 09:43:59.000,No,40.1922,-75.0499,FlexNetId: 50533140,FlexNet900,930.5125 MHz,22,901.8375 MHz
46913,true,,CALLOWHI-131T1364,RTM II+,No,FlexNet,Enabled,4110005,No,2026-07-29 09:18:58.927,Normal,2020-01-05 21:03:37.356,2025-09-17 09:59:20.000,No,39.981,-75.143,FlexNetId: 50530022,FlexNet900,930.5375 MHz,36,901.8625 MHz
49310,true,,MARKLEY-133RM1,RTM II+,No,FlexNet,Enabled,4110005,No,2026-07-29 09:16:35.869,Normal,2021-04-18 10:04:10.443,2025-09-17 09:59:00.000,No,40.136908,-75.317194,FlexNetId: 50531210,FlexNet900,930.5125 MHz,32,901.8375 MHz
47684,true,,LINE-1300T347,RTM II+,No,FlexNet,Enabled,4110005,No,2026-07-29 09:17:05.647,Normal,2020-08-15 21:35:18.577,2025-09-17 09:58:38.000,No,40.079,-75.538,FlexNetId: 50530512,FlexNet900,930.5125 MHz,41,901.8875 MHz
53687,true,,BLUEGRAS-139T692,RTMx,No,FlexNet,Enabled,4110005,No,2026-07-29 09:15:57.242,Normal,2024-08-27 14:47:31.094,2025-09-17 10:17:11.000,No,40.0760806,-75.0423798,FlexNetId: 50480610,FlexNet900K24,930.5125 MHz,8,901.8375 MHz
43729,true,,BUCKINGH-346T698,RTM II+,No,FlexNet,Enabled,4110005,No,2026-07-29 09:20:49.100,Normal,2018-09-18 16:13:56.412,2025-09-17 09:29:43.000,No,40.42320888,-75.14911286,FlexNetId: 50408996,FlexNet900,930.5375 MHz,38,901.8625 MHz
40389,true,,PLANEBRO-359R1,RTM II+,No,FlexNet,Enabled,4110005,No,2026-07-29 09:15:19.093,Normal,2018-03-26 15:46:42.943,2025-09-17 09:28:35.000,No,40.00725,-75.585562,FlexNetId: 50406141,FlexNet900,930.5125 MHz,46,901.8875 MHz
43017,true,,LINE-4100S3,RTM II+,No,FlexNet,Enabled,4110005,No,2026-07-29 09:15:23.896,Normal,2018-07-17 13:23:12.569,2025-09-17 10:08:47.000,No,40.055483,-75.658153,FlexNetId: 50408216,FlexNet900,930.5125 MHz,41,901.8875 MHz
44625,true,,COLWYN-132RM1,RTM II+,No,FlexNet,Enabled,4110005,No,2026-07-29 09:06:33.422,Normal,2019-02-12 11:16:24.416,2025-09-17 10:04:29.000,No,39.9153,-75.26569,FlexNetId: 50409783,FlexNet900,930.5125 MHz,39,901.8375 MHz
42865,true,,WOODBOUR-351R2,RTM II+,No,FlexNet,Enabled,4110005,No,2026-07-29 09:16:52.899,Normal,2018-06-07 14:18:03.271,2025-09-17 09:28:35.000,No,40.226051,-74.925901,FlexNetId: 50408484,FlexNet900,930.5125 MHz,25,901.8625 MHz
43670,true,,CHICHEST-131T144,RTM II+,No,FlexNet,Enabled,4110005,No,2026-07-29 09:17:12.817,Normal,2018-10-30 14:17:01.212,2025-09-17 09:45:44.000,No,39.832509,-75.4514425,FlexNetId: 50408903,FlexNet900,930.5125 MHz,17,901.8625 MHz
47615,true,,LINTON-342T631,RTM II+,No,FlexNet,Enabled,4110005,No,2026-07-29 09:12:50.569,Normal,2020-08-15 21:35:08.359,2025-09-17 09:58:57.000,No,40.236,-74.939,FlexNetId: 50530517,FlexNet900,930.5125 MHz,45,901.8375 MHz
44529,true,,LINE-1300T93,RTM II+,No,FlexNet,Enabled,4110005,No,2026-07-29 09:15:23.918,Normal,2019-02-07 15:36:27.450,2025-09-17 09:56:06.000,No,40.12763,-75.52512,FlexNetId: 50409858,FlexNet900,930.5125 MHz,46,901.8375 MHz
44989,true,,BLUEGRAS-146T331,RTM II+,No,FlexNet,Enabled,4110005,No,2026-07-29 09:09:28.543,Normal,2019-02-12 11:18:07.993,2025-09-17 10:09:54.000,No,40.094,-75.027,FlexNetId: 50409815,FlexNet900,930.5375 MHz,19,901.8625 MHz
49449,true,,JENKINTO-132RM1,RTM II+,No,FlexNet,Enabled,4110005,No,2026-07-29 09:08:47.869,Normal,2021-06-18 09:03:17.666,2025-09-17 10:08:41.000,No,40.0992,-75.1597,FlexNetId: 50531539,FlexNet900,930.5125 MHz,29,901.8875 MHz
49273,true,,PENTRIDG-013RS1,RTM II+,No,FlexNet,Enabled,4110005,No,2026-07-29 09:19:49.166,Normal,2021-04-18 10:04:35.117,2025-09-17 10:00:46.000,No,39.9496,-75.2129,FlexNetId: 50530988,FlexNet900,930.5125 MHz,36,901.8875 MHz
44503,true,,NORPHILA-131RS3,RTM II+,No,FlexNet,Enabled,4110005,No,2026-07-29 09:20:35.172,Normal,2019-01-10 14:49:15.284,2025-09-17 09:30:17.000,No,39.992364,-75.129558,FlexNetId: 50409829,FlexNet900,930.5125 MHz,41,901.8875 MHz
44428,true,,LINE-5600T6,RTM II+,No,FlexNet,Enabled,4110005,No,2026-07-29 09:06:43.885,Normal,2019-01-23 11:37:48.700,2025-09-17 09:49:11.000,No,40.0441,-75.5219,FlexNetId: 50409277,FlexNet900,930.5125 MHz,45,901.8375 MHz
49297,true,,BYBERRY-136RM1,RTM II+,No,FlexNet,Enabled,4110005,No,2026-07-29 09:10:24.843,Normal,2021-04-18 10:04:13.676,2025-09-17 10:06:13.000,No,40.1192,-75.0189,FlexNetId: 50531193,FlexNet900,930.5375 MHz,38,901.8375 MHz
43660,true,,CHICHEST-137RM1,RTM II+,No,FlexNet,Enabled,4110005,No,2026-07-29 09:19:46.371,Normal,2018-10-30 14:16:58.001,2025-09-17 09:46:04.000,No,39.844805,-75.444628,FlexNetId: 50408802,FlexNet900,930.5125 MHz,15,901.8375 MHz
47600,true,,LINE-17500RM3,RTM II+,No,FlexNet,Enabled,4110005,No,2026-07-29 09:11:28.630,Normal,2020-08-15 21:35:06.800,2025-09-17 09:58:36.000,No,39.83894,-75.7093,FlexNetId: 50530509,FlexNet900,930.5375 MHz,57,901.8875 MHz
49179,true,,LINE-1060RS3,RTM II+,No,FlexNet,Enabled,4110005,No,2026-07-29 09:20:19.051,Normal,2021-03-14 09:56:51.854,2025-09-17 10:06:20.000,No,40.0298,-75.1501,FlexNetId: 50531266,FlexNet900,930.5125 MHz,30,901.8375 MHz
52868,true,,LINE-3307S2,RTM II+,No,FlexNet,Enabled,4110005,No,2026-07-29 09:17:25.415,Normal,2023-12-11 09:22:27.667,2025-09-17 10:17:02.000,No,39.77036,-75.95249,FlexNetId: 50533068,FlexNet900,930.5375 MHz,25,901.8375 MHz
48785,true,,MORTON-141T5,RTM II+,No,FlexNet,Enabled,4110005,No,2026-07-29 09:08:32.782,Normal,2020-12-04 15:04:18.636,2025-09-17 09:55:43.000,No,39.8967,-75.3525,FlexNetId: 50530912,FlexNet900,930.5375 MHz,18,901.8875 MHz
51886,true,,CEDARBRO-138RM1,RTM II+,No,FlexNet,Enabled,4110005,No,2026-07-29 09:11:52.332,Normal,2023-02-06 07:28:50.608,2025-09-17 09:49:57.000,No,40.060953,-75.175141,FlexNetId: 50532919,FlexNet900,930.5125 MHz,16,901.8375 MHz
48780,true,,BALA-134T655,RTM II+,No,FlexNet,Enabled,4110005,No,2026-07-29 09:12:01.388,Normal,2020-12-04 15:04:33.133,2025-09-17 10:08:43.000,No,39.992,-75.24,FlexNetId: 50530868,FlexNet900,930.5125 MHz,44,901.8375 MHz
44588,true,,UPPERDAR-140S3,RTM II+,No,FlexNet,Enabled,4110005,No,2026-07-29 09:15:21.994,Normal,2019-02-12 11:16:06.118,2025-09-17 10:16:29.000,No,39.9369,-75.2782,FlexNetId: 50409773,FlexNet900,930.5375 MHz,6,901.8875 MHz
45171,true,,BELLEVUE-134RM2,RTM II+,No,FlexNet,Enabled,4110005,No,2026-07-29 09:15:31.523,Normal,2019-02-19 09:15:46.557,2025-09-17 10:08:49.000,No,40.175,-74.965,FlexNetId: 50410094,FlexNet900,930.5125 MHz,25,901.8625 MHz
46425,true,,LINE-2671T533,RTM II+,No,FlexNet,Enabled,4110005,No,2026-07-29 09:20:12.132,Normal,2019-09-03 12:47:54.931,2025-09-17 10:06:20.000,No,39.969,-75.214,FlexNetId: 50410884,FlexNet900,930.5125 MHz,23,901.8375 MHz
45071,true,,PLANEBRO-343T35,RTM II+,No,FlexNet,Enabled,4110005,No,2026-07-29 09:06:25.557,Normal,2019-02-14 09:40:28.993,2025-09-17 09:58:37.000,No,40.057,-75.54,FlexNetId: 50409298,FlexNet900,930.5125 MHz,24,901.8375 MHz
44996,true,,CRESCENT-161RS2,RTM II+,No,FlexNet,Enabled,4110005,No,2026-07-29 09:06:41.471,Normal,2019-02-12 11:18:11.493,2025-09-17 09:57:04.000,No,40.023,-75.1161,FlexNetId: 50409809,FlexNet900,930.5125 MHz,42,901.8375 MHz
43852,true,,NORWALES-371RM3,RTM II+,No,FlexNet,Enabled,4110005,No,2026-07-29 09:15:19.502,Normal,2018-11-13 10:03:02.011,2025-09-17 09:45:20.000,No,40.2289,-75.245957,FlexNetId: 50409134,FlexNet900,930.5375 MHz,43,901.8375 MHz
43302,true,,NORWALES-362R2,RTM II+,No,FlexNet,Enabled,4110005,No,2026-07-29 09:12:17.295,Normal,2018-11-16 13:23:38.959,2025-09-17 09:43:55.000,No,40.2773,-75.2602,FlexNetId: 50408765,FlexNet900,930.5125 MHz,37,901.8375 MHz
46751,true,,CARMEL-003RS2,RTM II+,No,FlexNet,Enabled,4110005,No,2026-07-29 09:20:52.988,Normal,2019-12-12 09:46:25.077,2025-09-17 10:06:11.000,No,40.10955,-75.16642,FlexNetId: 50530479,FlexNet900,930.5125 MHz,79,901.8375 MHz
50718,true,,PLYMOUTH-166T201,RTM II+,No,FlexNet,Enabled,4110005,No,2026-07-29 09:18:24.688,Normal,2022-04-12 07:23:38.101,2025-09-17 09:50:42.000,No,40.0737,-75.3026,FlexNetId: 50532196,FlexNet900,930.5125 MHz,30,901.8375 MHz
47119,true,,MOSER-341T144,RTM II+,No,FlexNet,Enabled,4110005,No,2026-07-29 09:07:53.054,Normal,2020-02-03 08:01:30.845,2025-09-17 10:01:38.000,No,40.26068,-75.643459,FlexNetId: 50530226,FlexNet900,930.5125 MHz,80,901.8625 MHz
41363,true,,PLYMOUTH-137T368,RTM II+,No,FlexNet,Enabled,4110005,No,2026-07-29 09:17:12.917,Normal,2018-03-26 15:47:03.720,2025-09-17 09:30:42.000,No,40.113679,-75.321435,FlexNetId: 50407652,FlexNet900,930.5125 MHz,60,901.8375 MHz
42938,true,,NEWLINVI-351RS1,RTM II+,No,FlexNet,Enabled,4110005,No,2026-07-29 09:10:25.649,Normal,2018-07-17 13:22:45.293,2025-09-17 09:28:34.000,No,39.987644,-75.788417,FlexNetId: 50408106,FlexNet900,930.5125 MHz,13,901.8375 MHz
44745,true,,PACKER-131T478,RTM II+,No,FlexNet,Enabled,4110005,No,2026-07-29 09:12:55.692,Normal,2019-02-12 11:17:20.046,2025-09-17 09:57:33.000,No,39.921182,-75.163375,FlexNetId: 50409661,FlexNet900,930.5375 MHz,40,901.8625 MHz
51884,true,,NESHAMIN-162RM1,RTM II+,No,FlexNet,Enabled,4110005,No,2026-07-29 09:10:21.768,Normal,2023-02-06 07:28:50.285,2025-09-17 09:49:57.000,No,40.1365,-74.9432,FlexNetId: 50532929,FlexNet900,930.5125 MHz,51,901.8375 MHz
43958,true,,WAYNE-143S1,RTM II+,No,FlexNet,Enabled,4110005,No,2026-07-29 09:19:07.157,Normal,2018-11-12 10:54:18.111,2025-09-17 10:13:02.000,No,40.061127,-75.373511,FlexNetId: 50409177,FlexNet900,930.5125 MHz,28,901.8875 MHz
42771,true,,NEWLINVI-353R1,RTM II+,No,FlexNet,Enabled,4110005,No,2026-07-29 09:17:51.547,Normal,2018-05-11 12:14:11.004,2025-09-17 09:41:28.000,No,39.991824,-75.76483,FlexNetId: 50408040,FlexNet900,930.5375 MHz,29,901.8625 MHz
45402,true,,WHITEMAR-133T542,RTM II+,No,FlexNet,Enabled,4110005,No,2026-07-29 09:10:04.206,Normal,2019-04-03 08:30:14.823,2025-09-17 09:57:55.000,No,40.108,-75.214,FlexNetId: 50410147,FlexNet900,930.5375 MHz,18,901.8625 MHz
50698,true,,NORPHILA-131T238,RTM II+,No,FlexNet,Enabled,4110005,No,2026-07-29 09:05:58.692,Normal,2022-03-09 10:09:13.717,2025-09-17 09:29:38.000,No,39.995,-75.139,FlexNetId: 50531928,FlexNet900,930.5125 MHz,40,901.8375 MHz
50995,true,,PERKIOME-362S3,RTM II+,No,FlexNet,Enabled,4110005,No,2026-07-29 09:15:39.701,Normal,2023-09-08 08:53:37.711,2025-09-17 09:28:11.000,No,40.20413,-75.48727,FlexNetId: 50532430,FlexNet900,930.5125 MHz,78,901.8375 MHz
44698,true,,BYBERRY-148S3,RTM II+,No,FlexNet,Enabled,4110005,No,2026-07-29 09:20:53.384,Normal,2019-02-12 11:17:53.997,2025-09-17 09:55:43.000,No,40.1476,-74.9828,FlexNetId: 50409908,FlexNet900,930.5125 MHz,31,901.8625 MHz
43046,true,,CROYDON-144S2,RTM II+,No,FlexNet,Enabled,4110005,No,2026-07-29 09:19:18.527,Normal,2018-07-17 13:23:22.987,2025-09-17 09:46:00.000,No,40.103504,-74.880997,FlexNetId: 50408256,FlexNet900,930.5125 MHz,39,901.8875 MHz
47691,true,,WAYNE-137S1,RTM II+,No,FlexNet,Enabled,4110005,No,2026-07-29 09:20:24.604,Normal,2020-08-15 21:35:20.051,2025-09-17 10:10:01.000,No,40.024,-75.359,FlexNetId: 50530786,FlexNet900,930.5375 MHz,23,901.8625 MHz
49272,true,,BYBERRY-136T868,RTM II+,No,FlexNet,Enabled,4110005,No,2026-07-29 09:20:01.520,Normal,2021-04-18 10:04:25.103,2025-09-17 10:04:31.000,No,40.119,-75.0209,FlexNetId: 50531045,FlexNet900,930.5125 MHz,35,901.8625 MHz
28055,true,,MACDADE-135T33,RTM II+,No,FlexNet,Enabled,4110005,No,2026-07-29 09:08:36.799,Normal,2017-02-08 14:35:55.550,2025-09-17 10:08:44.000,No,39.873365,-75.315874,FlexNetId: 50401534,FlexNet900,930.5125 MHz,28,901.8375 MHz
44445,true,,ANGORA-131T471,RTM II+,No,FlexNet,Enabled,4110005,No,2026-07-29 09:18:25.931,Normal,2019-01-03 15:36:28.043,2025-09-17 10:01:58.000,No,39.955055,-75.229705,FlexNetId: 50409524,FlexNet900,930.5125 MHz,47,901.8375 MHz
52283,true,,BURHOLME-133RM1,RTM II+,No,FlexNet,Enabled,4110005,No,2026-07-29 09:18:47.655,Normal,2023-07-20 10:28:15.227,2025-09-17 09:30:39.000,No,40.03151,-75.07019,FlexNetId: 50533147,FlexNet900,930.5125 MHz,41,901.8375 MHz
48130,true,,NESHAMIN-133T779,RTM II+,No,FlexNet,Enabled,4110005,No,2026-07-29 09:09:15.028,Normal,2020-09-22 09:17:18.630,2025-09-17 09:29:20.000,No,40.13972,-74.94866,FlexNetId: 50530305,FlexNet900,930.5125 MHz,34,901.8375 MHz
51810,true,,LINE-14900R3,RTM II+,No,FlexNet,Enabled,4110005,No,2026-07-29 09:18:29.944,Normal,2022-12-07 09:54:51.403,2025-09-17 09:50:00.000,No,39.8079,-75.9367,FlexNetId: 50532876,FlexNet900,930.5125 MHz,46,901.8875 MHz
52441,true,,TABOR-136RS4,RTM II+,No,FlexNet,Enabled,4110005,No,2026-07-29 09:15:46.252,Normal,2023-09-12 09:07:32.247,2025-09-17 09:30:42.000,No,39.97227,-75.18227,FlexNetId: 50533395,FlexNet900,930.5125 MHz,29,901.8375 MHz
40377,true,,RICHMOND-138RM2,RTM II+,No,FlexNet,Enabled,4110005,No,2026-07-29 09:19:32.134,Normal,2017-11-09 09:57:52.230,2025-09-17 10:00:00.000,No,40.007134,-75.080155,FlexNetId: 50406320,FlexNet900,930.5375 MHz,39,901.8875 MHz
51237,true,,BUCKINGH-353R1,RTM II+,No,FlexNet,Enabled,4110005,No,2026-07-29 09:18:15.438,Normal,2022-08-03 07:53:15.846,2025-09-17 09:49:58.000,No,40.2635,-75.0285,FlexNetId: 50532524,FlexNet900,930.5125 MHz,27,901.8375 MHz
43825,true,,CRESCENT-163S1,RTM II+,No,FlexNet,Enabled,4110005,No,2026-07-29 09:09:06.624,Normal,2018-11-13 10:02:53.520,2025-09-17 09:49:13.000,No,40.0136,-75.11903,FlexNetId: 50409212,FlexNet900,930.5375 MHz,54,901.8875 MHz
52864,true,,PERKIOME-361RM3,RTM II+,No,FlexNet,Enabled,4110005,No,2026-07-29 09:20:32.690,Normal,2023-12-11 09:22:25.929,2025-09-17 10:16:31.000,No,40.1486,-75.42883,FlexNetId: 50533082,FlexNet900,930.5375 MHz,26,901.8375 MHz
42137,true,,BYBERRY-135RS2,RTM II+,No,FlexNet,Enabled,4110005,No,2026-07-29 09:12:34.323,Normal,2018-07-26 08:14:28.752,2025-09-17 09:30:42.000,No,40.119,-75.035,FlexNetId: 50408442,FlexNet900,930.5375 MHz,27,901.8625 MHz
49450,true,,CONCORD-347T681,RTM II+,No,FlexNet,Enabled,4110005,No,2026-07-29 09:17:48.341,Normal,2021-06-18 09:03:17.454,2025-09-17 10:08:10.000,No,39.892,-75.521,FlexNetId: 50531551,FlexNet900,930.5125 MHz,16,901.8375 MHz
50876,true,,PLYMOUTH-149T1011,RTM II+,No,FlexNet,Enabled,4110005,No,2026-07-29 09:11:52.643,Normal,2022-06-23 10:26:04.976,2025-09-17 09:55:41.000,No,40.12,-75.33,FlexNetId: 50532690,FlexNet900,930.5125 MHz,19,901.8375 MHz
47760,true,,LENAPE-351T373,RTM II+,No,FlexNet,Enabled,4110005,No,2026-07-29 09:11:16.655,Normal,2020-08-13 09:23:41.415,2025-09-17 10:00:45.000,No,39.837,-75.645,FlexNetId: 50530563,FlexNet900,930.5125 MHz,19,901.8625 MHz
45043,true,,PASSYUNK-139S4,RTM II+,No,FlexNet,Enabled,4110005,No,2026-07-29 09:19:29.161,Normal,2019-02-14 09:40:19.081,2025-09-17 10:01:15.000,No,39.922,-75.165,FlexNetId: 50409395,FlexNet900,930.5125 MHz,33,901.8375 MHz
44605,true,,RICHMOND-132S1,RTM II+,No,FlexNet,Enabled,4110005,No,2026-07-29 09:18:58.461,Normal,2019-02-12 11:16:15.118,2025-09-17 09:55:40.000,No,40.009266,-75.087911,FlexNetId: 50409935,FlexNet900,930.5125 MHz,39,901.8625 MHz
43643,true,,LINTON-341T274,RTM II+,No,FlexNet,Enabled,4110005,No,2026-07-29 09:06:30.481,Normal,2018-10-05 14:49:17.344,2025-09-17 10:20:48.000,No,40.24747578,-74.84368567,FlexNetId: 50408826,FlexNet900,930.5125 MHz,75,901.8625 MHz
49570,true,,EDDINGTO-132T903,RTM II+,No,FlexNet,Enabled,4110005,No,2026-07-29 09:18:28.246,Normal,2021-07-22 09:40:20.350,2025-09-17 10:13:11.000,No,40.0706,-74.951,FlexNetId: 50531581,FlexNet900,930.5125 MHz,65,901.8375 MHz
43648,true,,EAGLE-351RM3,RTM II+,No,FlexNet,Enabled,4110005,No,2026-07-29 09:18:24.130,Normal,2018-10-05 14:49:18.740,2024-10-08 12:03:00.000,No,40.07437,-75.69845,FlexNetId: 50408827,FlexNet900,930.5375 MHz,38,901.8625 MHz
42074,true,,NEWSQUA-132R1,RTM II+,No,FlexNet,Enabled,4110005,No,2026-07-29 09:08:33.356,Normal,2018-03-26 15:47:32.301,2025-09-17 09:43:37.000,No,39.980944,-75.398689,FlexNetId: 50408430,FlexNet900,930.5375 MHz,18,901.8625 MHz
46924,true,,DUTTON-001RS1,RTM II+,No,FlexNet,Enabled,4110005,No,2026-07-29 09:20:34.415,Normal,2020-01-05 21:03:39.912,2025-09-17 09:56:02.000,No,39.866,-75.411,FlexNetId: 50530140,FlexNet900,930.5125 MHz,41,901.8375 MHz
41403,true,,WOODBOUR-342RM2,RTM II+,No,FlexNet,Enabled,4110005,No,2026-07-29 09:09:43.149,Normal,2018-03-26 15:47:18.552,2025-09-17 09:43:56.000,No,40.22444861,-74.86184388,FlexNetId: 50407327,FlexNet900,930.5125 MHz,17,901.8875 MHz
43139,true,,JENKINTO-143T556,RTM II+,No,FlexNet,Enabled,4110005,No,2026-07-29 09:12:23.363,Normal,2018-10-02 13:29:04.421,2025-09-17 09:49:41.000,No,40.074,-75.105,FlexNetId: 50408204,FlexNet900,930.5375 MHz,15,901.8625 MHz
51253,true,,NORWALES-372S2,RTM II+,No,FlexNet,Enabled,4110005,No,2026-07-29 09:12:36.323,Normal,2022-08-05 08:35:21.118,2025-09-17 09:49:42.000,No,40.1778,-75.3081,FlexNetId: 50532547,FlexNet900,930.5125 MHz,17,901.8375 MHz
51914,true,,NEWSQUA-132T812,RTM II+,No,FlexNet,Enabled,4110005,No,2026-07-29 09:06:09.424,Normal,2023-02-20 07:48:36.414,2025-09-17 10:20:48.000,No,39.9869,-75.4005,FlexNetId: 50531956,FlexNet900,930.5125 MHz,37,901.8375 MHz
43698,true,,WARRINGT-343R1,RTM II+,No,FlexNet,Enabled,4110005,No,2026-07-29 09:14:28.174,Normal,2018-10-30 14:17:10.080,2025-09-17 09:44:36.000,No,40.248761,-75.078649,FlexNetId: 50408752,FlexNet900,930.5375 MHz,23,901.8375 MHz
50781,true,,FALLS-341RS2,RTM II+,No,FlexNet,Enabled,4110005,No,2026-07-29 09:19:56.111,Normal,2022-04-21 10:14:43.899,2025-09-17 09:49:58.000,No,40.1576,-74.8087,FlexNetId: 50531939,FlexNet900,930.5125 MHz,28,901.8375 MHz
47188,true,,PENCOYD-135T619,RTM II+,No,FlexNet,Enabled,4110005,No,2026-07-29 09:17:26.694,Normal,2020-02-25 09:05:50.415,2025-09-17 10:01:15.000,No,40.027,-75.217,FlexNetId: 50530678,FlexNet900,930.5375 MHz,29,901.8875 MHz
46959,true,,GARRETT-002RS2,RTM II+,No,FlexNet,Enabled,4110005,No,2026-07-29 09:20:27.953,Normal,2020-01-05 21:03:48.044,2025-09-17 10:20:49.000,No,39.941,-75.293,FlexNetId: 50530194,FlexNet900,930.5375 MHz,58,901.8375 MHz
43291,true,,PARRISH-132T228,RTM II+,No,FlexNet,Enabled,4110005,No,2026-07-29 09:09:03.254,Normal,2018-10-01 14:06:07.667,2025-09-17 09:57:35.000,No,39.9746171,-75.2068848,FlexNetId: 50408867,FlexNet900,930.5375 MHz,36,901.8625 MHz
45269,true,,EAGLE-342RM2,RTM II+,No,FlexNet,Enabled,4110005,No,2026-07-29 09:16:15.532,Normal,2019-02-19 09:16:31.738,2025-09-17 10:20:49.000,No,40.09,-75.779,FlexNetId: 50409342,FlexNet900,930.5125 MHz,25,901.8875 MHz
43262,true,,PERKIOME-342T296,RTM II+,No,FlexNet,Enabled,4110005,No,2026-07-29 09:15:20.508,Normal,2018-11-27 10:03:26.250,2025-09-17 09:30:18.000,No,40.267385,-75.403116,FlexNetId: 50408700,FlexNet900,930.5125 MHz,41,901.8875 MHz
47687,true,,PERKIOME-342S2,RTM II+,No,FlexNet,Enabled,4110005,No,2026-07-29 09:12:56.396,Normal,2020-08-15 21:35:19.345,2025-09-17 10:05:15.000,No,40.225,-75.41,FlexNetId: 50530829,FlexNet900,930.5125 MHz,38,901.8375 MHz
53551,true,,CALLOWHI-133T905,RTM II+,No,FlexNet,Enabled,4110005,No,2026-07-29 09:14:42.782,Normal,2024-06-07 13:20:00.458,2025-09-17 09:28:31.000,No,39.9687598,-75.1696093,FlexNetId: 50534074,FlexNet900,930.5125 MHz,52,901.8375 MHz
48988,true,,PERKIOME-351RM1,RTM II+,No,FlexNet,Enabled,4110005,No,2026-07-29 09:10:27.692,Normal,2021-01-24 09:14:20.544,2025-09-17 10:13:02.000,No,40.2605,-75.409,FlexNetId: 50531150,FlexNet900,930.5125 MHz,47,901.8375 MHz
45268,true,,BLUEGRAS-140RM1,RTM II+,No,FlexNet,Enabled,4110005,No,2026-07-29 09:20:12.835,Normal,2019-02-19 09:16:11.363,2025-09-17 10:20:49.000,No,40.0762,-74.988,FlexNetId: 50410074,FlexNet900,930.5125 MHz,26,901.8875 MHz
43197,true,,PERKIOME-344RM3,RTM II+,No,FlexNet,Enabled,4110005,No,2026-07-29 09:15:47.325,Normal,2018-10-02 13:29:17.967,2025-09-17 09:42:26.000,No,40.192388,-75.453525,FlexNetId: 50408158,FlexNet900,930.5125 MHz,37,901.8375 MHz
52197,true,,NESHAMIN-146S2,RTM II+,No,FlexNet,Enabled,4110005,No,2026-07-29 09:08:30.463,Normal,2023-06-07 07:36:04.366,2025-09-17 09:56:36.000,No,40.0989,-74.9572,FlexNetId: 50532753,FlexNet900,930.5125 MHz,84,901.8375 MHz
45625,true,,MORTON-142RS4,RTM II+,No,FlexNet,Enabled,4110005,No,2026-07-29 09:18:50.666,Normal,2019-04-04 14:19:54.423,2025-09-17 09:57:33.000,No,39.881,-75.363,FlexNetId: 50410263,FlexNet900,930.5125 MHz,17,901.8875 MHz
45355,true,,BLUEGRAS-132RM2,RTM II+,No,FlexNet,Enabled,4110005,No,2026-07-29 09:17:26.065,Normal,2019-04-03 08:29:54.758,2025-09-17 09:58:13.000,No,40.067,-75.028,FlexNetId: 50410143,FlexNet900,930.5375 MHz,23,901.8625 MHz
32656,true,,JENKINTO-139RM1,RTM II+,No,FlexNet,Enabled,4110005,No,2026-07-29 09:18:46.752,Normal,2015-07-20 13:16:59.297,2025-09-17 09:57:55.000,No,40.101292,-75.100089,FlexNetId: 50403729,FlexNet900,930.5375 MHz,37,901.8625 MHz
44735,true,,FOXCHASE-135RM1,RTM II+,No,FlexNet,Enabled,4110005,No,2026-07-29 09:19:06.716,Normal,2019-02-12 11:17:15.135,2025-09-17 10:13:11.000,No,40.048123,-75.066266,FlexNetId: 50409625,FlexNet900,930.5125 MHz,40,901.8625 MHz
40390,true,,NORWALES-364RM1,RTM II+,No,FlexNet,Enabled,4110005,No,2026-07-29 09:18:20.952,Normal,2018-03-26 15:46:43.354,2025-09-17 09:44:00.000,No,40.224003,-75.233055,FlexNetId: 50406243,FlexNet900,930.5375 MHz,71,901.8875 MHz
44656,true,,MACDADE-134T497,RTM II+,No,FlexNet,Enabled,4110005,No,2026-07-29 09:09:25.395,Normal,2019-02-12 11:16:38.743,2025-09-17 09:59:01.000,No,39.9143,-75.2623,FlexNetId: 50409760,FlexNet900,930.5125 MHz,39,901.8625 MHz
43584,true,,NEWLINVI-352S3,RTM II+,No,FlexNet,Enabled,4110005,No,2026-07-29 09:20:41.224,Normal,2018-10-30 14:16:49.358,2025-09-17 10:20:49.000,No,40.04674,-75.79731,FlexNetId: 50408754,FlexNet900,930.5125 MHz,35,901.8375 MHz
28073,true,,NESHAMIN-143T170,RTM II+,No,FlexNet,Enabled,4110005,No,2026-07-29 09:10:28.001,Normal,2014-10-30 11:04:56.857,2025-09-17 09:57:56.000,No,40.1571,-74.9157,FlexNetId: 50401794,FlexNet900,930.5375 MHz,19,901.8625 MHz
52757,true,,CLAY-341RS2,RTM II+,No,FlexNet,Enabled,4110005,No,2026-07-29 09:15:33.879,Normal,2023-11-20 12:13:59.302,2025-09-17 10:16:29.000,No,39.8218,-75.78829,FlexNetId: 50533590,FlexNet900,930.5375 MHz,54,901.8375 MHz
44321,true,,PACKER-135S2,RTM II+,No,FlexNet,Enabled,4110005,No,2026-07-29 09:14:38.792,Normal,2019-01-03 17:07:03.533,2025-09-17 09:48:10.000,No,39.925356,-75.1496756,FlexNetId: 50409314,FlexNet900,930.5375 MHz,38,901.8625 MHz
43803,true,,MACDADE-136T367,RTM II+,No,FlexNet,Enabled,4110005,No,2026-07-29 09:07:39.424,Normal,2018-11-13 10:03:24.302,2025-09-17 10:08:50.000,No,39.908,-75.323,FlexNetId: 50409094,FlexNet900,930.5125 MHz,32,901.8875 MHz
52888,true,,PENCOYD-135S1,RTM II+,No,FlexNet,Enabled,4110005,No,2026-07-29 09:20:02.490,Normal,2023-12-11 09:23:24.052,2025-09-17 10:17:09.000,No,40.029331,-75.223729,FlexNetId: 50533245,FlexNet900,930.5125 MHz,30,901.8375 MHz
44647,true,,BUCKINGH-343R2,RTM II+,No,FlexNet,Enabled,4110005,No,2026-07-29 09:19:28.313,Normal,2019-10-30 22:56:51.505,2025-09-17 10:04:29.000,No,40.276,-74.989,FlexNetId: 50409746,FlexNet900,930.5125 MHz,17,901.8375 MHz
44763,true,,LINE-2507S2,RTM II+,No,FlexNet,Enabled,4110005,No,2026-07-29 09:07:49.057,Normal,2019-02-12 11:17:33.594,2025-09-17 10:05:12.000,No,39.831,-75.456,FlexNetId: 50409941,FlexNet900,930.5125 MHz,15,901.8375 MHz
46951,true,,TUNA-133T307,RTM II+,No,FlexNet,Enabled,4110005,No,2026-07-29 09:19:23.837,Normal,2020-01-05 21:03:46.114,2025-09-17 09:59:02.000,No,39.98,-75.135,FlexNetId: 50530193,FlexNet900,930.5375 MHz,36,901.8375 MHz
43603,true,,LENAPE-344R2,RTM II+,No,FlexNet,Enabled,4110005,No,2026-07-29 09:18:26.841,Normal,2018-10-30 14:16:54.936,2025-09-17 09:41:29.000,No,39.960718,-75.597251,FlexNetId: 50408751,FlexNet900,930.5125 MHz,26,901.8625 MHz
45500,true,,MACDADE-130T500,RTM II+,No,FlexNet,Enabled,4110005,No,2026-07-29 09:09:49.582,Normal,2019-03-06 17:48:34.535,2025-09-17 10:01:15.000,No,39.911214,-75.277589,FlexNetId: 50409951,FlexNet900,930.5125 MHz,49,901.8375 MHz
49436,true,,MORTON-141RMP1,RTM II+,No,FlexNet,Enabled,4110005,No,2026-07-29 09:19:22.924,Normal,2021-06-10 09:52:31.657,2025-09-17 10:06:16.000,No,39.88912,-75.348332,FlexNetId: 50531024,FlexNet900,930.5125 MHz,44,901.8375 MHz
52814,true,,MONROE-004RS1,RTM II+,No,FlexNet,Enabled,4110005,No,2026-07-29 09:20:27.918,Normal,2023-12-11 09:22:12.985,2025-09-17 10:17:49.000,No,39.94679,-75.38643,FlexNetId: 50533288,FlexNet900,930.5125 MHz,40,901.8375 MHz
43672,true,,NESHAMIN-132RM1,RTM II+,No,FlexNet,Enabled,4110005,No,2026-07-29 09:12:04.435,Normal,2018-10-30 14:17:01.824,2025-09-17 09:48:07.000,No,40.132404,-74.926207,FlexNetId: 50408886,FlexNet900,930.5125 MHz,55,901.8625 MHz
43570,true,,LENAPE-352RS3,RTM II+,No,FlexNet,Enabled,4110005,No,2026-07-29 09:14:03.569,Normal,2018-10-30 14:17:25.343,2025-09-17 09:42:28.000,No,39.867044,-75.692211,FlexNetId: 50408839,FlexNet900,930.5125 MHz,33,901.8625 MHz
44801,true,,CONCORD-352R2,RTM II+,No,FlexNet,Enabled,4110005,No,2026-07-29 09:19:06.972,Normal,2019-02-12 11:17:51.028,2025-09-17 09:57:57.000,No,39.874485,-75.493545,FlexNetId: 50409939,FlexNet900,930.5125 MHz,27,901.8375 MHz
45199,true,,MIDDLETO-143S2,RTM II+,No,FlexNet,Enabled,4110005,No,2026-07-29 09:20:36.431,Normal,2019-02-19 09:15:56.391,2025-09-17 10:00:45.000,No,39.914,-75.394,FlexNetId: 50410037,FlexNet900,930.5375 MHz,39,901.8375 MHz
43304,true,,JENKINTO-138RS2,RTM II+,No,FlexNet,Enabled,4110005,No,2026-07-29 09:15:52.454,Normal,2018-09-13 09:49:04.689,2025-09-17 09:28:56.000,No,40.12372,-75.1555,FlexNetId: 50408674,FlexNet900,930.5125 MHz,12,901.8375 MHz
44375,true,,CALLOWHI-133T267,RTM II+,No,FlexNet,Enabled,4110005,No,2026-07-29 09:07:15.817,Normal,2019-02-12 11:20:08.238,2025-09-17 10:04:29.000,No,39.96681,-75.17033,FlexNetId: 50409404,FlexNet900,930.5375 MHz,21,901.8625 MHz
49296,true,,UPLAND-141T651,RTM II+,No,FlexNet,Enabled,4110005,No,2026-07-29 09:15:22.564,Normal,2021-04-18 10:04:13.837,2025-09-17 10:09:57.000,No,39.976,-75.239,FlexNetId: 50531082,FlexNet900,930.5125 MHz,28,901.8875 MHz
45622,true,,GARRETT-006RS1,RTM II+,No,FlexNet,Enabled,4110005,No,2026-07-29 09:20:14.554,Normal,2019-04-04 14:19:58.971,2025-09-17 09:57:06.000,No,39.944,-75.303,FlexNetId: 50410234,FlexNet900,930.5125 MHz,47,901.8375 MHz
44779,true,,BYBERRY-132T405,RTM II+,No,FlexNet,Enabled,4110005,No,2026-07-29 09:16:31.994,Normal,2019-02-12 11:17:36.162,2025-09-17 10:09:57.000,No,40.143,-75.047,FlexNetId: 50409631,FlexNet900,930.5375 MHz,21,901.8625 MHz
43263,true,,WAYNE-134RM1,RTM II+,No,FlexNet,Enabled,4110005,No,2026-07-29 09:20:15.155,Normal,2018-11-27 10:03:36.221,2025-09-17 09:45:21.000,No,40.033447,-75.375476,FlexNetId: 50408707,FlexNet900,930.5375 MHz,51,901.8625 MHz
44638,true,,PLANEBRO-347R1,RTM II+,No,FlexNet,Enabled,4110005,No,2026-07-29 09:06:28.435,Normal,2019-02-12 11:16:30.232,2025-09-17 10:05:14.000,No,40.05494,-75.51976,FlexNetId: 50409734,FlexNet900,930.5125 MHz,41,901.8375 MHz
49067,true,,WHITEMAR-162R1,RTM II+,No,FlexNet,Enabled,4110005,No,2026-07-29 09:19:37.054,Normal,2021-02-09 09:33:44.943,2025-09-17 10:06:18.000,No,40.1173,-75.1878,FlexNetId: 50531076,FlexNet900,930.5125 MHz,32,901.8875 MHz
52830,true,,FALLS-353RM3,RTM II+,No,FlexNet,Enabled,4110005,No,2026-07-29 09:20:35.530,Normal,2023-12-11 09:22:17.260,2025-09-17 09:32:43.000,No,40.2105738,-74.7929058,FlexNetId: 50533069,FlexNet900,930.5125 MHz,74,901.8375 MHz
45038,true,,BLUEGRAS-145T374,RTM II+,No,FlexNet,Enabled,4110005,No,2026-07-29 09:11:39.399,Normal,2019-02-14 09:40:17.369,2025-09-17 10:13:11.000,No,40.106,-75.034,FlexNetId: 50409293,FlexNet900,930.5375 MHz,34,901.8875 MHz
52427,true,,FOXCHASE-139RM1,RTM II+,No,FlexNet,Enabled,4110005,No,2026-07-29 09:06:44.046,Normal,2023-09-12 09:07:30.329,2025-09-17 09:30:40.000,No,40.07608,-75.04709,FlexNetId: 50533189,FlexNet900,930.5125 MHz,31,901.8375 MHz
45376,true,,PERKIOME-354RS7,RTM II+,No,FlexNet,Enabled,4110005,No,2026-07-29 09:13:52.413,Normal,2019-10-09 14:35:04.410,2025-09-17 10:13:00.000,No,40.223,-75.399,FlexNetId: 50410069,FlexNet900,930.5375 MHz,18,901.8875 MHz
42821,true,,JENKINTO-148T246,RTM II+,No,FlexNet,Enabled,4110005,No,2026-07-29 09:08:56.116,Normal,2018-07-20 09:40:12.943,2025-09-17 09:28:58.000,No,40.098515,-75.131151,FlexNetId: 50408046,FlexNet900,930.5375 MHz,48,901.8875 MHz
48150,true,,LINE-2613RM1,RTM II+,No,FlexNet,Enabled,4110005,No,2026-07-29 09:20:05.063,Normal,2020-09-22 09:17:10.379,2025-09-17 09:51:51.000,No,40.0512,-75.231,FlexNetId: 50530001,FlexNet900,930.5125 MHz,51,901.8375 MHz
46950,true,,CRUMLYNN-138S1,RTM II+,No,FlexNet,Enabled,4110005,No,2026-07-29 09:19:38.716,Normal,2020-01-05 21:03:45.883,2025-09-17 10:08:48.000,No,39.87758,-75.353009,FlexNetId: 50410609,FlexNet900,930.5125 MHz,52,901.8875 MHz
43963,true,,PERKIOME-354S1,RTM II+,No,FlexNet,Enabled,4110005,No,2026-07-29 09:17:08.562,Normal,2018-11-12 10:54:20.231,2025-09-17 09:42:28.000,No,40.209014,-75.413517,FlexNetId: 50409034,FlexNet900,930.5125 MHz,20,901.8375 MHz
52256,true,,HEATON-138RM1,RTM II+,No,FlexNet,Enabled,4110005,No,2026-07-29 09:08:11.657,Normal,2023-06-16 08:04:04.251,2025-09-17 09:50:16.000,No,40.14665,-75.10965,FlexNetId: 50533271,FlexNet900,930.5125 MHz,53,901.8375 MHz
41366,true,,EAGLE-353RM7,RTM II+,No,FlexNet,Enabled,4110005,No,2026-07-29 09:16:19.984,Normal,2018-03-26 15:47:04.975,2025-09-17 10:02:20.000,No,40.143912,-75.70667,FlexNetId: 50407761,FlexNet900,930.5125 MHz,13,901.8625 MHz
46703,true,Activated,LENAPE-351T372,RTM II+,No,Verizon,Not Applicable,4110005,No,2026-07-29 09:10:23.471,Normal,2020-01-05 21:20:08.005,,,39.826292,-75.691149,IMEI: 353238061370044,Cell_LE910_VER,,-78,
46703,true,Activated,LENAPE-351T372,RTM II+,No,Verizon,Not Applicable,4110005,No,2026-07-29 09:10:23.471,Normal,2020-01-05 21:20:08.005,,,39.826292,-75.691149,ICCID: 89148000002637310811,Cell_LE910_VER,,-78,
45329,true,,CRESCENT-141T552,RTM II+,No,FlexNet,Enabled,4110005,No,2026-07-29 09:12:14.382,Normal,2019-04-03 08:29:45.008,2025-09-17 10:01:57.000,No,40.042,-75.1,FlexNetId: 50410014,FlexNet900,930.5375 MHz,60,901.8375 MHz
49200,true,,DOYLESTO-004RS2,RTM II+,No,FlexNet,Enabled,4110005,No,2026-07-29 09:20:54.508,Normal,2021-03-14 09:56:47.356,2025-09-17 10:08:43.000,No,40.3061,-75.1315,FlexNetId: 50530960,FlexNet900,930.5125 MHz,70,901.8625 MHz
43870,true,,LINE-12800RM2,RTM II+,No,FlexNet,Enabled,4110005,No,2026-07-29 09:19:16.039,Normal,2018-11-13 10:03:07.786,2025-09-17 09:30:20.000,No,39.9783,-75.3682,FlexNetId: 50409033,FlexNet900,930.5125 MHz,45,901.8375 MHz
44599,true,,BUCKINGH-351RM1,RTM II+,No,FlexNet,Enabled,4110005,No,2026-07-29 09:14:41.514,Normal,2019-02-12 11:16:12.335,2025-09-17 09:50:19.000,No,40.4041,-75.0905,FlexNetId: 50409924,FlexNet900,930.5375 MHz,24,901.8375 MHz
44153,true,,JENKINTO-144RM1,RTM II+,No,FlexNet,Enabled,4110005,No,2026-07-29 09:14:30.611,Normal,2018-11-20 15:04:30.316,2025-09-17 09:46:02.000,No,40.105709,-75.16451,FlexNetId: 50409439,FlexNet900,930.5125 MHz,45,901.8625 MHz
43919,true,,WHITEMAR-162RM1,RTM II+,No,FlexNet,Enabled,4110005,No,2026-07-29 09:19:43.798,Normal,2019-01-11 10:42:57.972,2025-09-17 09:45:42.000,No,40.119402,-75.192616,FlexNetId: 50409044,FlexNet900,930.5125 MHz,25,901.8625 MHz
52828,true,,HOLMESBU-132S3,RTM II+,No,FlexNet,Enabled,4110005,No,2026-07-29 09:20:52.117,Normal,2023-12-11 09:22:16.988,2025-09-17 10:17:09.000,No,40.04153,-75.0608,FlexNetId: 50533422,FlexNet900,930.5125 MHz,38,901.8375 MHz
50427,true,,ELMWOOD-131T1004,RTM II+,No,FlexNet,Enabled,4110005,No,2026-07-29 09:08:58.765,Normal,2021-12-02 08:41:12.107,2025-09-17 10:00:26.000,No,39.9191,-75.232,FlexNetId: 50531911,FlexNet900,930.5375 MHz,36,901.8375 MHz
42552,true,,NEWLINVI-343T228,RTM II+,No,FlexNet,Enabled,4110005,No,2026-07-29 09:19:21.941,Normal,2018-04-13 09:02:29.935,2025-09-17 09:41:30.000,No,40.04030499,-75.77501099,FlexNetId: 50408496,FlexNet900,930.5375 MHz,26,901.8625 MHz
53641,true,,LINTON-343S2,RTMx,No,FlexNet,Enabled,4110005,No,2026-07-29 09:14:26.109,Normal,2024-08-27 14:43:04.886,2025-09-17 10:17:49.000,No,40.20782,-74.96524,FlexNetId: 50480538,FlexNet900K24,930.5125 MHz,27,901.8375 MHz
44485,true,,UNIVERSI-132S4,RTM II+,No,FlexNet,Enabled,4110005,No,2026-07-29 09:20:04.066,Normal,2019-01-10 14:49:39.273,2025-09-17 10:13:09.000,No,39.954923,-75.21372,FlexNetId: 50409890,FlexNet900,930.5375 MHz,29,901.8625 MHz
42931,true,,LENAPE-351RM4,RTM II+,No,FlexNet,Enabled,4110005,No,2026-07-29 09:11:23.388,Normal,2018-07-17 13:23:29.270,2025-09-17 09:28:34.000,No,39.84183025,-75.70761933,FlexNetId: 50408227,FlexNet900,930.5375 MHz,60,901.8625 MHz
44440,true,,ANGORA-131S3,RTM II+,No,FlexNet,Enabled,4110005,No,2026-07-29 09:19:44.533,Normal,2019-01-03 15:36:41.824,2025-09-17 10:01:56.000,No,39.956946,-75.234863,FlexNetId: 50409523,FlexNet900,930.5125 MHz,25,901.8625 MHz
52200,true,,UPPERDAR-139T11,RTM II+,No,FlexNet,Enabled,4110005,No,2026-07-29 09:20:04.007,Normal,2023-06-07 07:36:04.820,2025-09-17 09:50:18.000,No,39.935336,-75.2642845,FlexNetId: 50532878,FlexNet900,930.5125 MHz,68,901.8375 MHz
49063,true,,BRYNMAWR-144RM1,RTM II+,No,FlexNet,Enabled,4110005,No,2026-07-29 09:16:29.905,Normal,2021-02-09 09:34:04.670,2025-09-17 10:16:26.000,No,40.029,-75.326,FlexNetId: 50531064,FlexNet900,930.5125 MHz,34,901.8875 MHz
44214,true,,JARRETT-132R2,RTM II+,No,FlexNet,Enabled,4110005,No,2026-07-29 09:20:48.179,Normal,2018-12-13 17:09:18.682,2025-09-17 09:45:00.000,No,40.1696,-75.2013,FlexNetId: 50409545,FlexNet900,930.5125 MHz,14,901.8875 MHz
49865,true,,NEWSQUA-146RM2,RTM II+,No,FlexNet,Enabled,4110005,No,2026-07-29 09:17:00.960,Normal,2021-09-15 15:29:06.454,2025-09-17 10:00:25.000,No,40.02,-75.453,FlexNetId: 50531779,FlexNet900,930.5125 MHz,33,901.8625 MHz
48270,true,,ELLWOOD-001RS1,RTM II+,No,FlexNet,Enabled,4110005,No,2026-07-29 09:20:22.689,Normal,2020-09-25 11:34:26.038,2025-09-17 10:01:38.000,No,40.11,-74.843,FlexNetId: 50530389,FlexNet900,930.5375 MHz,38,901.8625 MHz
46918,true,,GRAYSFER-141T682,RTM II+,No,FlexNet,Enabled,4110005,No,2026-07-29 09:17:44.502,Normal,2020-01-05 21:03:38.568,2025-09-17 09:45:01.000,No,39.9417,-75.1737,FlexNetId: 50410608,FlexNet900,930.5125 MHz,42,901.8625 MHz
45019,true,,BURHOLME-131RM1,RTM II+,No,FlexNet,Enabled,4110005,No,2026-07-29 09:17:00.000,Normal,2019-02-14 09:40:10.535,2025-09-17 09:56:46.000,No,40.063,-75.066,FlexNetId: 50409385,FlexNet900,930.5375 MHz,59,901.8625 MHz
46387,true,Activated,BALA-141RM1,RTM II+,No,Verizon,Not Applicable,4110005,No,2026-07-29 09:15:19.772,Normal,2019-07-22 11:05:26.479,,,40.017359,-75.245079,IMEI: 353238064048175,Cell_LE910_VER,,-73,
46387,true,Activated,BALA-141RM1,RTM II+,No,Verizon,Not Applicable,4110005,No,2026-07-29 09:15:19.772,Normal,2019-07-22 11:05:26.479,,,40.017359,-75.245079,ICCID: 89148000002637323053,Cell_LE910_VER,,-73,
45479,true,,MACDADE-144RM1,RTM II+,No,FlexNet,Enabled,4110005,No,2026-07-29 09:06:36.812,Normal,2019-03-06 17:48:26.498,2025-09-17 10:13:00.000,No,39.88584,-75.332089,FlexNetId: 50410368,FlexNet900,930.5125 MHz,32,901.8375 MHz
43256,true,,COLWYN-133T167,RTM II+,No,FlexNet,Enabled,4110005,No,2026-07-29 09:16:46.063,Normal,2018-11-28 14:02:06.869,2025-09-17 09:30:19.000,No,39.929564,-75.244235,FlexNetId: 50408851,FlexNet900,930.5125 MHz,33,901.8375 MHz
43248,true,,BRYNMAWR-141S1,RTM II+,No,FlexNet,Enabled,4110005,No,2026-07-29 09:15:22.415,Normal,2018-12-07 10:47:03.802,2025-09-17 09:45:23.000,No,39.99555,-75.30114,FlexNetId: 50408355,FlexNet900,930.5375 MHz,41,901.8375 MHz
45318,true,,BYBERRY-141S1,RTM II+,No,FlexNet,Enabled,4110005,No,2026-07-29 09:07:23.464,Normal,2019-04-03 08:29:41.943,2025-09-17 10:04:20.000,No,40.099603,-74.973814,FlexNetId: 50410047,FlexNet900,930.5125 MHz,45,901.8375 MHz
40370,true,,CALLOWHI-132S2,RTM II+,No,FlexNet,Enabled,4110005,No,2026-07-29 09:16:55.065,Normal,2017-10-24 06:24:04.913,2025-09-17 09:55:20.000,No,39.969753,-75.173859,FlexNetId: 50406157,FlexNet900,930.5375 MHz,29,901.8375 MHz
48995,true,,NORPHILA-133RM2,RTM II+,No,FlexNet,Enabled,4110005,No,2026-07-29 09:15:33.778,Normal,2021-01-24 09:14:21.805,2025-09-17 10:06:17.000,No,39.995,-75.15,FlexNetId: 50531058,FlexNet900,930.5125 MHz,26,901.8375 MHz
52795,true,,HOLMESBU-142RM1,RTM II+,No,FlexNet,Enabled,4110005,No,2026-07-29 09:20:28.867,Normal,2023-11-20 12:14:07.614,2025-09-17 09:33:04.000,No,40.0499794,-74.9879494,FlexNetId: 50533576,FlexNet900,930.5375 MHz,23,901.8375 MHz
45150,true,,CEDARBRO-134T506,RTM II+,No,FlexNet,Enabled,4110005,No,2026-07-29 09:09:30.447,Normal,2019-02-19 09:15:38.732,2025-09-17 09:58:19.000,No,40.058545,-75.174109,FlexNetId: 50410079,FlexNet900,930.5375 MHz,21,901.8625 MHz
43155,true,,NORPHILA-131RM1,RTM II+,No,FlexNet,Enabled,4110005,No,2026-07-29 09:10:53.454,Normal,2018-10-02 13:29:19.455,2025-09-17 09:29:43.000,No,39.993075,-75.131487,FlexNetId: 50408139,FlexNet900,930.5375 MHz,31,901.8625 MHz
52202,true,,BRYNMAWR-146RM1,RTM II+,No,FlexNet,Enabled,4110005,No,2026-07-29 09:19:23.188,Normal,2023-06-07 07:36:05.461,2025-09-17 09:50:20.000,No,40.0021,-75.306,FlexNetId: 50533258,FlexNet900,930.5125 MHz,31,901.8375 MHz
50691,true,,PULASKI-132RMP3,RTM II+,No,FlexNet,Enabled,4110005,No,2026-07-29 09:17:37.487,Normal,2022-03-07 10:05:34.309,2025-09-17 09:59:22.000,No,40.03222579,-75.163449,FlexNetId: 50532089,FlexNet900,930.5125 MHz,46,901.8625 MHz
52206,true,,MASTER-132RS5,RTM II+,No,FlexNet,Enabled,4110005,No,2026-07-29 09:20:15.090,Normal,2023-06-07 07:36:06.052,2025-09-17 09:29:40.000,No,39.98177,-75.18157,FlexNetId: 50532934,FlexNet900,930.5125 MHz,38,901.8375 MHz
44678,true,,LINE-800RM2,RTM II+,No,FlexNet,Enabled,4110005,No,2026-07-29 09:15:33.375,Normal,2019-02-12 11:16:58.972,2025-09-17 10:04:27.000,No,40.119,-75.556,FlexNetId: 50409837,FlexNet900,930.5375 MHz,49,901.8625 MHz
44154,true,,JENKINTO-131T365,RTM II+,No,FlexNet,Enabled,4110005,No,2026-07-29 09:20:47.991,Normal,2018-11-20 15:04:30.689,2025-09-17 09:48:10.000,No,40.062181,-75.103468,FlexNetId: 50409518,FlexNet900,930.5125 MHz,32,901.8625 MHz
52449,true,,PARRISH-140RM3,RTM II+,No,FlexNet,Enabled,4110005,No,2026-07-29 09:19:14.309,Normal,2023-09-12 09:07:33.695,2025-09-17 10:17:09.000,No,39.963182,-75.19738,FlexNetId: 50533192,FlexNet900,930.5375 MHz,24,901.8375 MHz
52399,true,,LLANERCH-167RS2,RTM II+,No,FlexNet,Enabled,4110005,No,2026-07-29 09:19:01.443,Normal,2023-08-11 08:45:13.350,2025-09-17 12:31:22.000,No,39.972269,-75.3165513,FlexNetId: 50533382,FlexNet900,930.5125 MHz,50,901.8375 MHz
43908,true,,JARRETT-132S2,RTM II+,No,FlexNet,Enabled,4110005,No,2026-07-29 09:17:05.760,Normal,2019-02-17 08:54:15.249,2025-09-17 10:02:16.000,No,40.169217,-75.202158,FlexNetId: 50409048,FlexNet900,930.5125 MHz,19,901.8875 MHz
43816,true,,MASTER-163T1209,RTM II+,No,FlexNet,Enabled,4110005,No,2026-07-29 09:08:15.668,Normal,2018-11-13 10:02:51.278,2025-09-17 10:05:12.000,No,39.97008,-75.1451,FlexNetId: 50409086,FlexNet900,930.5125 MHz,28,901.8375 MHz
42736,true,,NORWALES-346T330,RTM II+,No,FlexNet,Enabled,4110005,No,2026-07-29 09:19:42.167,Normal,2018-05-11 12:14:06.349,2025-09-17 09:57:57.000,No,40.180819,-75.276524,FlexNetId: 50408186,FlexNet900,930.5375 MHz,30,901.8625 MHz
48999,true,,MIDWAY-134RM1,RTM II+,No,FlexNet,Enabled,4110005,No,2026-07-29 09:18:04.222,Normal,2021-01-24 09:14:22.483,2025-09-17 09:44:41.000,No,40.1387,-74.8898,FlexNetId: 50531149,FlexNet900,930.5125 MHz,37,901.8375 MHz
52866,true,,LLANERCH-142T25,RTM II+,No,FlexNet,Enabled,4110005,No,2026-07-29 09:12:48.900,Normal,2023-12-11 09:22:26.355,2025-09-17 10:16:30.000,No,39.96499,-75.28208,FlexNetId: 50533093,FlexNet900,930.5125 MHz,39,901.8375 MHz
54202,true,,HARTMAN-351S1,RTMx,No,FlexNet,Enabled,4110005,No,2026-07-29 09:06:12.492,Normal,2024-10-17 09:54:32.571,2025-09-17 12:31:24.000,No,40.24242,-75.19231,FlexNetId: 50480887,FlexNet900K24,930.5125 MHz,31,901.8375 MHz
50411,true,,MATSON-131S2,RTM II+,No,FlexNet,Enabled,4110005,No,2026-07-29 09:19:50.079,Normal,2021-11-30 08:44:04.213,2025-09-17 09:55:39.000,No,40.0459,-75.325,FlexNetId: 50531913,FlexNet900,930.5125 MHz,8,901.8375 MHz
44446,true,,NEWLINVI-352S1,RTM II+,No,FlexNet,Enabled,4110005,No,2026-07-29 09:19:50.302,Normal,2019-01-03 15:36:28.504,2025-09-17 09:49:16.000,No,40.0299,-75.80954,FlexNetId: 50409473,FlexNet900,930.5125 MHz,64,901.8375 MHz
41329,true,,EAGLE-352RM3,RTM II+,No,FlexNet,Enabled,4110005,No,2026-07-29 09:19:30.392,Normal,2018-03-26 15:46:50.785,2025-09-17 10:04:24.000,No,40.115162,-75.655998,FlexNetId: 50407245,FlexNet900,930.5375 MHz,38,901.8875 MHz
51351,true,,ROXBOROU-133T840,RTM II+,No,FlexNet,Enabled,4110005,No,2026-07-29 09:17:51.259,Normal,2022-09-21 07:54:36.145,2025-09-17 09:51:01.000,No,40.0381,-75.2153,FlexNetId: 50532661,FlexNet900,930.5125 MHz,38,901.8375 MHz
50874,true,,LLANERCH-162T177,RTM II+,No,FlexNet,Enabled,4110005,No,2026-07-29 09:09:12.068,Normal,2022-06-23 10:26:04.461,2025-09-17 10:00:46.000,No,39.957176,-75.27300409,FlexNetId: 50532180,FlexNet900,930.5375 MHz,24,901.8875 MHz
48883,true,,PLYMOUTH-145RM1,RTM II+,No,FlexNet,Enabled,4110005,No,2026-07-29 09:19:45.909,Normal,2020-12-28 11:58:47.549,2025-09-17 10:20:49.000,No,40.0346,-75.1407,FlexNetId: 50530325,FlexNet900,930.5125 MHz,21,901.8375 MHz
43052,true,,COCHRANV-341R6,RTM II+,No,FlexNet,Enabled,4110005,No,2026-07-29 09:17:52.922,Normal,2018-07-17 13:23:25.162,2025-09-17 09:45:40.000,No,39.858569,-75.89566,FlexNetId: 50408277,FlexNet900,930.5125 MHz,59,901.8375 MHz
48216,true,,CRESCENT-131RM1,RTM II+,No,FlexNet,Enabled,4110005,No,2026-07-29 09:19:15.809,Normal,2020-09-25 11:42:18.585,2025-09-17 09:58:39.000,No,40.045,-75.106,FlexNetId: 50530203,FlexNet900,930.5375 MHz,55,901.8625 MHz
47189,true,,LINE-2327T610,RTM II+,No,FlexNet,Enabled,4110005,No,2026-07-29 09:17:12.727,Normal,2020-02-25 09:05:50.575,2025-09-17 10:04:26.000,No,40.0338,-75.2262,FlexNetId: 50530847,FlexNet900,930.5125 MHz,42,901.8875 MHz
49555,true,,ELMWOOD-132RM3,RTM II+,No,FlexNet,Enabled,4110005,No,2026-07-29 09:18:15.636,Normal,2021-07-22 09:40:34.891,2025-09-17 10:00:29.000,No,39.934,-75.232,FlexNetId: 50531563,FlexNet900,930.5125 MHz,39,901.8375 MHz
44974,true,,BYBERRY-189RM2,RTM II+,No,FlexNet,Enabled,4110005,No,2026-07-29 09:17:13.449,Normal,2019-02-12 11:17:54.926,2025-09-17 09:57:04.000,No,40.112,-75.029,FlexNetId: 50409805,FlexNet900,930.5375 MHz,24,901.8875 MHz
44202,true,,HOLMESBU-133T407,RTM II+,No,FlexNet,Enabled,4110005,No,2026-07-29 09:20:54.206,Normal,2018-12-13 17:09:14.364,2025-09-17 09:49:15.000,No,40.04618,-75.0327,FlexNetId: 50409238,FlexNet900,930.5375 MHz,29,901.8375 MHz
42296,true,,TACONY-133RS3,RTM II+,No,FlexNet,Enabled,4110005,No,2026-07-29 09:20:13.865,Normal,2018-04-13 09:39:46.301,2025-09-17 09:43:34.000,No,40.033,-75.043,FlexNetId: 50408616,FlexNet900,930.5125 MHz,42,901.8375 MHz
52931,true,,BUCKINGH-362RM3,RTM II+,No,FlexNet,Enabled,4110005,No,2026-07-29 09:19:01.884,Normal,2024-01-16 18:23:01.883,2025-09-17 09:33:03.000,No,40.3580687,-75.08516,FlexNetId: 50533585,FlexNet900,930.5375 MHz,19,901.8375 MHz
44155,true,,GOSHEN-343T152,RTM II+,No,FlexNet,Enabled,4110005,No,2026-07-29 09:15:24.351,Normal,2018-11-20 15:04:31.122,2025-09-17 09:46:03.000,No,39.971448,-75.557376,FlexNetId: 50409408,FlexNet900,930.5125 MHz,26,901.8875 MHz
49575,true,,EDDINGTO-134RM1,RTM II+,No,FlexNet,Enabled,4110005,No,2026-07-29 09:17:17.547,Normal,2021-07-27 10:43:15.080,2025-09-17 10:16:26.000,No,40.0681,-74.9478,FlexNetId: 50531558,FlexNet900,930.5125 MHz,63,901.8375 MHz
44727,true,,PERKIOME-354RS8,RTM II+,No,FlexNet,Enabled,4110005,No,2026-07-29 09:08:06.782,Normal,2019-02-12 11:17:11.670,2025-09-17 10:04:29.000,No,40.226,-75.404,FlexNetId: 50409660,FlexNet900,930.5125 MHz,12,901.8625 MHz
44688,true,,NESHAMIN-146T200,RTM II+,No,FlexNet,Enabled,4110005,No,2026-07-29 09:10:57.364,Normal,2019-02-12 11:16:53.787,2025-09-17 09:55:43.000,No,40.095552,-74.95973,FlexNetId: 50409691,FlexNet900,930.5125 MHz,54,901.8375 MHz
42300,true,,FALLS-343RM2,RTM II+,No,FlexNet,Enabled,4110005,No,2026-07-29 09:20:46.178,Normal,2018-04-13 09:39:47.707,2025-09-17 09:28:34.000,No,40.180107,-74.796216,FlexNetId: 50408504,FlexNet900,930.5125 MHz,38,901.8375 MHz
51466,true,,GRAYSFER-131RM1,RTM II+,No,FlexNet,Enabled,4110005,No,2026-07-29 09:20:26.232,Normal,2022-10-17 08:46:49.891,2025-09-17 09:51:01.000,No,39.9438,-75.188,FlexNetId: 50532342,FlexNet900,930.5125 MHz,32,901.8875 MHz
43959,true,,CLAY-342T189,RTM II+,No,FlexNet,Enabled,4110005,No,2026-07-29 09:20:02.768,Normal,2018-11-12 10:54:18.634,2025-09-17 09:30:21.000,No,39.765357,-75.898312,FlexNetId: 50409150,FlexNet900,930.5125 MHz,82,901.8375 MHz
45503,true,,COLWYN-132T501,RTM II+,No,FlexNet,Enabled,4110005,No,2026-07-29 09:19:13.544,Normal,2019-03-06 17:48:35.673,2025-09-17 10:04:24.000,No,39.915,-75.27,FlexNetId: 50410345,FlexNet900,930.5125 MHz,40,901.8875 MHz
50702,true,,EMILIE-133S1,RTM II+,No,FlexNet,Enabled,4110005,No,2026-07-29 09:09:38.425,Normal,2022-03-08 10:56:55.298,2025-09-17 10:00:47.000,No,40.1335,-74.8588,FlexNetId: 50531752,FlexNet900,930.5125 MHz,33,901.8375 MHz
47756,true,,NEWLINVI-342T336,RTM II+,No,FlexNet,Enabled,4110005,No,2026-07-29 09:16:27.681,Normal,2020-08-13 09:23:40.715,2025-09-17 10:05:17.000,No,40.005,-75.824,FlexNetId: 50530572,FlexNet900,930.5125 MHz,18,901.8375 MHz
52314,true,,LINE-2621RM1,RTM II+,No,FlexNet,Enabled,4110005,No,2026-07-29 09:20:10.480,Normal,2023-08-11 08:02:54.965,2025-09-17 09:29:43.000,No,40.07341,-75.07551,FlexNetId: 50533416,FlexNet900,930.5125 MHz,54,901.8375 MHz
45528,true,,MASTER-143S1,RTM II+,No,FlexNet,Enabled,4110005,No,2026-07-29 09:19:19.121,Normal,2019-03-06 17:48:46.052,2025-09-17 10:16:32.000,No,39.973,-75.179,FlexNetId: 50410321,FlexNet900,930.5375 MHz,35,901.8625 MHz
43605,true,,LINTON-341T325,RTM II+,No,FlexNet,Enabled,4110005,No,2026-07-29 09:08:21.857,Normal,2018-10-30 14:16:56.727,2025-09-17 10:20:49.000,No,40.258099,-74.855712,FlexNetId: 50408728,FlexNet900,930.5375 MHz,41,901.8875 MHz
43251,true,,EAGLE-341T107,RTM II+,No,FlexNet,Enabled,4110005,No,2026-07-29 09:10:05.180,Normal,2018-12-07 14:59:08.247,2025-09-17 09:44:20.000,No,40.0418,-75.6843,FlexNetId: 50408057,FlexNet900,930.5125 MHz,37,901.8875 MHz
47176,true,,SECANE-003RS1,RTM II+,No,FlexNet,Enabled,4110005,No,2026-07-29 09:20:49.048,Normal,2020-02-25 09:05:58.727,2025-09-17 10:05:19.000,No,39.9306,-75.3082,FlexNetId: 50530175,FlexNet900,930.5125 MHz,19,901.8875 MHz
46915,true,,ROXBOROU-134T773,RTM II+,No,FlexNet,Enabled,4110005,No,2026-07-29 09:09:08.052,Normal,2020-01-05 21:03:37.829,2025-09-17 10:08:50.000,No,40.027,-75.214,FlexNetId: 50530300,FlexNet900,930.5375 MHz,30,901.8625 MHz
44414,true,,DALEVILL-341RM2,RTM II+,No,FlexNet,Enabled,4110005,No,2026-07-29 09:20:36.852,Normal,2019-01-23 11:37:39.648,2025-09-17 09:46:04.000,No,39.804123,-75.74229,FlexNetId: 50409482,FlexNet900,930.5125 MHz,54,901.8375 MHz
44150,true,,CRESCENT-164T355,RTM II+,No,FlexNet,Enabled,4110005,No,2026-07-29 09:13:26.419,Normal,2018-11-20 15:04:49.663,2025-09-17 09:58:58.000,No,40.03655,-75.13259,FlexNetId: 50409261,FlexNet900,930.5125 MHz,20,901.8375 MHz
45175,true,,PULASKI-136T637,RTM II+,No,FlexNet,Enabled,4110005,No,2026-07-29 09:08:12.329,Normal,2019-02-19 09:15:47.935,2025-09-17 09:58:13.000,No,40.045,-75.165,FlexNetId: 50410042,FlexNet900,930.5125 MHz,28,901.8375 MHz
50468,true,,LINE-2478S3,RTM II+,No,FlexNet,Enabled,4110005,No,2026-07-29 09:16:29.780,Normal,2021-12-09 10:53:03.832,2025-09-17 09:59:59.000,No,39.934,-75.167,FlexNetId: 50531745,FlexNet900,930.5375 MHz,27,901.8375 MHz
45498,true,,LINE-7500RM1,RTM II+,No,FlexNet,Enabled,4110005,No,2026-07-29 09:16:15.538,Normal,2019-03-06 17:48:33.791,2025-09-17 10:08:11.000,No,40.017,-75.548,FlexNetId: 50410070,FlexNet900,930.5125 MHz,32,901.8375 MHz
47689,true,,CRESCENT-132T705,RTM II+,No,FlexNet,Enabled,4110005,No,2026-07-29 09:17:38.562,Normal,2020-08-15 21:35:19.678,2025-09-17 10:01:38.000,No,40.027,-75.067,FlexNetId: 50530773,FlexNet900,930.5375 MHz,37,901.8875 MHz
46768,true,,ANGORA-134T777,RTM II+,No,FlexNet,Enabled,4110005,No,2026-07-29 09:20:14.176,Normal,2019-12-12 09:45:06.605,2025-09-17 10:05:10.000,No,39.95521,-75.23923,FlexNetId: 50410684,FlexNet900,930.5125 MHz,33,901.8375 MHz
45473,true,,NORWALES-353RM5,RTM II+,No,FlexNet,Enabled,4110005,No,2026-07-29 09:16:15.449,Normal,2019-10-09 11:45:04.183,2024-10-11 10:02:07.000,No,40.198187,-75.289659,FlexNetId: 50410372,FlexNet900,930.5125 MHz,12,901.8375 MHz
45255,true,,BLUEGRAS-138S2,RTM II+,No,FlexNet,Enabled,4110005,No,2026-07-29 09:20:24.904,Normal,2019-02-19 09:16:06.828,2025-09-17 09:55:20.000,No,40.105,-75.032,FlexNetId: 50409667,FlexNet900,930.5375 MHz,23,901.8375 MHz
50482,true,,JENKINTO-143S2,RTM II+,No,FlexNet,Enabled,4110005,No,2026-07-29 09:11:22.693,Normal,2021-12-13 09:55:54.738,2025-09-17 09:57:35.000,No,40.0831,-75.1138,FlexNetId: 50531621,FlexNet900,930.5125 MHz,19,901.8375 MHz
44339,true,,BRADFORD-352RM1,RTM II+,No,FlexNet,Enabled,4110005,No,2026-07-29 09:07:21.502,Normal,2019-01-03 17:07:09.632,2025-09-17 09:48:08.000,No,39.955544,-75.615711,FlexNetId: 50409462,FlexNet900,930.5125 MHz,39,901.8625 MHz
51364,true,,LINE-7500RM3,RTM II+,No,FlexNet,Enabled,4110005,No,2026-07-29 09:16:20.258,Normal,2022-09-21 07:57:36.475,2025-09-17 09:44:15.000,No,39.9923,-75.5428,FlexNetId: 50532025,FlexNet900,930.5125 MHz,36,901.8375 MHz
44443,true,,EAGLE-342R3,RTM II+,No,FlexNet,Enabled,4110005,No,2026-07-29 09:12:17.721,Normal,2019-01-03 15:36:27.159,2025-09-17 09:49:16.000,No,40.084917,-75.739386,FlexNetId: 50409522,FlexNet900,930.5125 MHz,41,901.8375 MHz
52319,true,,LINE-600T865,RTM II+,No,FlexNet,Enabled,4110005,No,2026-07-29 09:06:00.416,Normal,2023-08-11 08:02:55.445,2025-09-17 09:29:41.000,No,40.14445,-75.41099,FlexNetId: 50533407,FlexNet900,930.5125 MHz,26,901.8375 MHz
44597,true,,PLYMOUTH-148S2,RTM II+,No,FlexNet,Enabled,4110005,No,2026-07-29 09:15:57.949,Normal,2019-09-05 11:52:35.303,2025-09-17 09:54:53.000,No,40.127,-75.325,FlexNetId: 50409776,FlexNet900,930.5375 MHz,58,901.8875 MHz
49427,true,,HANOVER-002RS2,RTM II+,No,FlexNet,Enabled,4110005,No,2026-07-29 09:20:31.639,Normal,2021-06-10 09:56:30.563,2025-09-17 09:58:38.000,No,40.243,-75.646,FlexNetId: 50531321,FlexNet900,930.5125 MHz,40,901.8625 MHz
44344,true,,PACKER-135T257,RTM II+,No,FlexNet,Enabled,4110005,No,2026-07-29 09:11:24.687,Normal,2019-01-03 17:07:11.316,2025-09-17 09:44:59.000,No,39.9265399,-75.1479761,FlexNetId: 50409451,FlexNet900,930.5125 MHz,33,901.8375 MHz
45270,true,,PARRISH-144S2,RTM II+,No,FlexNet,Enabled,4110005,No,2026-07-29 09:18:46.147,Normal,2019-02-19 09:16:12.090,2025-09-17 10:10:00.000,No,39.9588,-75.188,FlexNetId: 50409329,FlexNet900,930.5375 MHz,50,901.8375 MHz
53893,true,,LINTON-343T4,RTMx,No,FlexNet,Enabled,4110005,No,2026-07-29 09:15:44.649,Normal,2024-09-06 10:05:40.258,2025-09-17 09:33:01.000,No,40.2268,-74.9321,FlexNetId: 50480653,FlexNet900K24,930.5125 MHz,37,901.8875 MHz
43910,true,,ROXBOROU-135RM1,RTM II+,No,FlexNet,Enabled,4110005,No,2026-07-29 09:10:04.912,Normal,2018-12-13 09:14:39.811,2025-09-17 10:02:19.000,No,40.022946,-75.21707,FlexNetId: 50409137,FlexNet900,930.5125 MHz,31,901.8375 MHz
52326,true,,HARTMAN-352R5,RTM II+,No,FlexNet,Enabled,4110005,No,2026-07-29 09:12:12.204,Normal,2023-08-11 08:02:56.420,2025-09-17 09:28:32.000,No,40.29451,-75.217,FlexNetId: 50533413,FlexNet900,930.5375 MHz,36,901.8375 MHz
42788,true,,NORWALES-341T279,RTM II+,No,FlexNet,Enabled,4110005,No,2026-07-29 09:06:43.186,Normal,2018-06-07 14:18:10.343,2025-09-17 09:41:30.000,No,40.23997378,-75.2321499,FlexNetId: 50408178,FlexNet900,930.5125 MHz,45,901.8375 MHz
51194,true,,COLWYN-133T8,RTM II+,No,FlexNet,Enabled,4110005,No,2026-07-29 09:12:43.131,Normal,2022-07-20 09:09:25.973,2025-09-17 09:29:40.000,No,39.922355,-75.259718,FlexNetId: 50532389,FlexNet900,930.5125 MHz,26,901.8375 MHz
51495,true,,CRESCENT-164RM1,RTM II+,No,FlexNet,Enabled,4110005,No,2026-07-29 09:12:16.436,Normal,2022-10-18 09:26:57.819,2025-09-17 09:30:39.000,No,40.0352,-75.1289,FlexNetId: 50532360,FlexNet900,930.5125 MHz,34,901.8375 MHz
47795,true,,CRUSHER-000RS2,RTM II+,No,FlexNet,Enabled,4110005,No,2026-07-29 09:20:14.596,Normal,2020-08-13 09:23:46.022,2025-09-17 10:00:45.000,No,40.3232,-75.4827,FlexNetId: 50530631,FlexNet900,930.5375 MHz,19,901.8375 MHz
44522,true,,FOXCHASE-136RM1,RTM II+,No,FlexNet,Enabled,4110005,No,2026-07-29 09:19:23.684,Normal,2019-01-30 12:47:09.472,2025-09-17 10:01:11.000,No,40.077706,-75.090791,FlexNetId: 50409862,FlexNet900,930.5375 MHz,20,901.8875 MHz
43172,true,,LINE-17500T22,RTM II+,No,FlexNet,Enabled,4110005,No,2026-07-29 09:11:15.525,Normal,2018-10-02 13:29:09.825,2025-09-17 09:48:09.000,No,39.842065,-75.714059,FlexNetId: 50408142,FlexNet900,930.5375 MHz,76,901.8875 MHz
44591,true,,PLYMOUTH-171T403,RTM II+,No,FlexNet,Enabled,4110005,No,2026-07-29 09:14:44.080,Normal,2019-02-12 11:16:08.068,2025-09-17 09:59:22.000,No,40.07653,-75.30425,FlexNetId: 50409790,FlexNet900,930.5375 MHz,38,901.8875 MHz
44498,true,,NORPHILA-135RM2,RTM II+,No,FlexNet,Enabled,4110005,No,2026-07-29 09:20:42.464,Normal,2019-01-10 14:49:13.077,2025-09-17 09:48:10.000,No,39.995547,-75.139457,FlexNetId: 50409943,FlexNet900,930.5125 MHz,36,901.8375 MHz
45007,true,,WOODBOUR-342R3,RTM II+,No,FlexNet,Enabled,4110005,No,2026-07-29 09:18:52.135,Normal,2019-02-14 09:41:01.293,2025-09-17 10:13:05.000,No,40.215,-74.884,FlexNetId: 50409708,FlexNet900,930.5375 MHz,15,901.8625 MHz
54095,true,,LINE-5900S1,RTMx,No,FlexNet,Enabled,4110005,No,2026-07-29 09:16:42.412,Normal,2024-10-17 10:05:37.648,2025-09-17 09:33:31.000,No,40.114424,-75.071424,FlexNetId: 50480521,FlexNet900K24,930.5125 MHz,64,901.8375 MHz
43683,true,,DAVISVIL-003R1,RTM II+,No,FlexNet,Enabled,4110005,No,2026-07-29 09:20:40.116,Normal,2018-10-30 14:17:05.689,2025-09-17 09:46:03.000,No,40.13426864,-75.103144,FlexNetId: 50408359,FlexNet900,930.5375 MHz,32,901.8875 MHz
42678,true,,JENKINTO-144S3,RTM II+,No,FlexNet,Enabled,4110005,No,2026-07-29 09:17:33.009,Normal,2018-05-03 20:30:52.911,2025-09-17 10:08:12.000,No,40.100517,-75.175587,FlexNetId: 50408373,FlexNet900,930.5375 MHz,18,901.8875 MHz
43718,true,,NORWALES-353S4,RTM II+,No,FlexNet,Enabled,4110005,No,2026-07-29 09:16:53.563,Normal,2018-10-30 14:17:16.329,2025-09-17 10:20:49.000,No,40.189747,-75.293608,FlexNetId: 50408976,FlexNet900,930.5375 MHz,26,901.8875 MHz
44775,true,,CEDARBRO-134RM2,RTM II+,No,FlexNet,Enabled,4110005,No,2026-07-29 09:13:12.726,Normal,2019-02-12 11:17:34.059,2025-09-17 10:04:24.000,No,40.057355,-75.166452,FlexNetId: 50409844,FlexNet900,930.5375 MHz,30,901.8375 MHz
46886,true,,TABOR-133T632,RTM II+,No,FlexNet,Enabled,4110005,No,2026-07-29 09:18:59.157,Normal,2020-01-05 21:03:32.708,2025-09-17 10:01:33.000,No,40.0281,-75.1396,FlexNetId: 50410782,FlexNet900,930.5125 MHz,34,901.8375 MHz
52259,true,,PLANEBRO-343RM1,RTM II+,No,FlexNet,Enabled,4110005,No,2026-07-29 09:20:23.568,Normal,2023-06-16 08:04:04.671,2025-09-17 09:30:38.000,No,40.0658,-75.53626,FlexNetId: 50533261,FlexNet900,930.5125 MHz,49,901.8375 MHz
54125,true,,BETZWOOD-342RM1,RTMx,No,FlexNet,Enabled,4110005,No,2026-07-29 09:15:48.820,Normal,2024-10-17 10:05:40.649,2025-09-17 09:33:06.000,No,40.1299371,-75.4129665,FlexNetId: 50480777,FlexNet900K24,930.5375 MHz,40,901.8625 MHz
46939,true,,WARMINST-142S1,RTM II+,No,FlexNet,Enabled,4110005,No,2026-07-29 09:16:33.706,Normal,2020-01-05 21:03:43.059,2025-09-17 10:02:19.000,No,40.1772,-75.0416,FlexNetId: 50530128,FlexNet900,930.5375 MHz,42,901.8625 MHz
47748,true,,LINE-1600T95,RTM II+,No,FlexNet,Enabled,4110005,No,2026-07-29 09:12:08.624,Normal,2020-08-13 09:23:39.048,2025-09-17 10:06:15.000,No,40.1681,-75.5803,FlexNetId: 50530548,FlexNet900,930.5125 MHz,27,901.8375 MHz
52773,true,,CLAY-353S1,RTM II+,No,FlexNet,Enabled,4110005,No,2026-07-29 09:15:16.480,Normal,2023-11-20 12:14:03.206,2025-09-17 10:17:10.000,No,39.7632777,-75.848973,FlexNetId: 50533626,FlexNet900,930.5125 MHz,78,901.8375 MHz
42977,true,,NORPHILA-131T998,RTM II+,No,FlexNet,Enabled,4110005,No,2026-07-29 09:15:25.079,Normal,2018-07-17 13:22:58.540,2025-09-17 09:29:38.000,No,39.99505,-75.13403,FlexNetId: 50408239,FlexNet900,930.5125 MHz,38,901.8625 MHz
48277,true,,PARRISH-133T649,RTM II+,No,FlexNet,Enabled,4110005,No,2026-07-29 09:17:07.320,Normal,2020-09-25 11:34:12.145,2025-09-17 10:06:13.000,No,39.975,-75.236,FlexNetId: 50530249,FlexNet900,930.5375 MHz,16,901.8375 MHz
46961,true,,TREVOSE-136T300,RTM II+,No,FlexNet,Enabled,4110005,No,2026-07-29 09:12:07.805,Normal,2020-01-05 21:03:48.439,2025-09-17 10:20:49.000,No,40.189145,-74.986163,FlexNetId: 50530132,FlexNet900,930.5375 MHz,30,901.8625 MHz
50732,true,,LINE-9600T219,RTM II+,No,FlexNet,Enabled,4110005,No,2026-07-29 09:14:42.940,Normal,2022-04-12 07:23:29.842,2025-09-17 09:29:43.000,No,40.146303,-75.28871274,FlexNetId: 50531972,FlexNet900,930.5125 MHz,36,901.8375 MHz
48827,true,,MASTER-132T907,RTM II+,No,FlexNet,Enabled,4110005,No,2026-07-29 09:19:23.251,Normal,2020-12-03 12:46:30.175,2025-09-17 09:56:02.000,No,39.98,-75.183,FlexNetId: 50530949,FlexNet900,930.5375 MHz,38,901.8375 MHz
49549,true,,JENKINTO-131RM2,RTM II+,No,FlexNet,Enabled,4110005,No,2026-07-29 09:06:22.684,Normal,2021-07-22 09:38:06.091,2025-09-17 09:57:06.000,No,40.0723,-75.1236,FlexNetId: 50531307,FlexNet900,930.5125 MHz,37,901.8375 MHz
43904,true,,FLINT-146RM1,RTM II+,No,FlexNet,Enabled,4110005,No,2026-07-29 09:19:06.585,Normal,2019-02-17 08:53:50.096,2025-09-17 10:13:06.000,No,40.074605,-75.347099,FlexNetId: 50409043,FlexNet900,930.5125 MHz,47,901.8375 MHz
52413,true,,JENKINTO-131S2,RTM II+,No,FlexNet,Enabled,4110005,No,2026-07-29 09:06:49.651,Normal,2023-08-15 08:49:38.813,2025-09-17 09:32:42.000,No,40.0719886,-75.09692,FlexNetId: 50533354,FlexNet900,930.5125 MHz,20,901.8375 MHz
46912,true,,TABOR-133T633,RTM II+,No,FlexNet,Enabled,4110005,No,2026-07-29 09:07:45.339,Normal,2020-01-05 21:03:37.184,2025-09-17 10:01:33.000,No,40.0282,-75.1404,FlexNetId: 50530013,FlexNet900,930.5125 MHz,41,901.8375 MHz
41348,true,,PLYMOUTH-137RM1,RTM II+,No,FlexNet,Enabled,4110005,No,2026-07-29 09:15:47.990,Normal,2018-03-26 15:46:57.856,2025-09-17 09:30:43.000,No,40.107988,-75.320364,FlexNetId: 50407141,FlexNet900,930.5375 MHz,41,901.8625 MHz
46780,true,,LINE-1800RM1,RTM II+,No,FlexNet,Enabled,4110005,No,2026-07-29 09:16:01.781,Normal,2019-12-12 09:45:03.696,2025-09-17 10:01:38.000,No,40.12,-75.497,FlexNetId: 50530364,FlexNet900,930.5125 MHz,36,901.8875 MHz
45345,true,,MACDADE-136RM1,RTM II+,No,FlexNet,Enabled,4110005,No,2026-07-29 09:20:25.098,Normal,2019-04-03 08:29:50.710,2025-09-17 10:10:02.000,No,39.9138,-75.31069,FlexNetId: 50410011,FlexNet900,930.5375 MHz,30,901.8625 MHz
42943,true,,BUCKINGH-343S2,RTM II+,No,FlexNet,Enabled,4110005,No,2026-07-29 09:20:17.858,Normal,2018-07-17 13:22:46.943,2025-09-17 09:59:22.000,No,40.2515533,-74.99133233,FlexNetId: 50408072,FlexNet900,930.5125 MHz,37,901.8375 MHz
53662,true,,LINE-2397RM2,RTMx,No,FlexNet,Enabled,4110005,No,2026-07-29 09:20:13.950,Normal,2024-08-27 14:45:42.689,2025-11-14 10:18:42.000,No,40.0317,-75.038,FlexNetId: 50480570,FlexNet900K24,930.5125 MHz,20,901.8375 MHz
29742,true,,LINE-162T854,RTM II+,No,FlexNet,Enabled,4110005,No,2026-07-29 09:14:43.789,Normal,2023-01-11 15:05:40.905,2025-09-17 09:49:57.000,No,39.9173,-75.151,FlexNetId: 50401916,FlexNet900,930.5125 MHz,57,901.8625 MHz
43920,true,,WHITEMAR-162T313,RTM II+,No,FlexNet,Enabled,4110005,No,2026-07-29 09:07:07.924,Normal,2019-01-10 08:51:12.347,2025-09-17 09:45:40.000,No,40.1118,-75.1913,FlexNetId: 50409049,FlexNet900,930.5125 MHz,24,901.8625 MHz
45497,true,,PASSYUNK-133T565,RTM II+,No,FlexNet,Enabled,4110005,No,2026-07-29 09:09:50.827,Normal,2019-03-06 17:48:33.428,2025-09-17 10:20:23.000,No,39.923,-75.178,FlexNetId: 50410126,FlexNet900,930.5125 MHz,36,901.8375 MHz
41391,true,,BUCKINGH-372R5,RTM II+,No,FlexNet,Enabled,4110005,No,2026-07-29 09:20:11.161,Normal,2018-03-26 15:47:13.556,2025-09-17 09:44:18.000,No,40.351405,-75.01436,FlexNetId: 50407752,FlexNet900,930.5375 MHz,26,901.8875 MHz
42978,true,,SAVILLE-135RM2,RTM II+,No,FlexNet,Enabled,4110005,No,2026-07-29 09:11:46.657,Normal,2018-07-17 13:22:58.874,2025-09-17 09:58:39.000,No,39.85534159,-75.37626682,FlexNetId: 50408123,FlexNet900,930.5125 MHz,25,901.8375 MHz
42986,true,,LINE-5300RM1,RTM II+,No,FlexNet,Enabled,4110005,No,2026-07-29 09:09:41.138,Normal,2018-07-17 13:23:01.743,2025-09-17 09:44:37.000,No,40.038621,-75.279088,FlexNetId: 50408366,FlexNet900,930.5125 MHz,87,901.8375 MHz
43775,true,,DALEVILL-341T215,RTM II+,No,FlexNet,Enabled,4110005,No,2026-07-29 09:12:05.702,Normal,2019-01-10 14:27:21.458,2025-09-17 09:45:42.000,No,39.827555,-75.731022,FlexNetId: 50409072,FlexNet900,930.5375 MHz,43,901.8375 MHz
43817,true,,LLANERCH-132T572,RTM II+,No,FlexNet,Enabled,4110005,No,2026-07-29 09:09:52.147,Normal,2018-11-13 10:02:51.622,2025-09-17 10:08:52.000,No,39.963,-75.27,FlexNetId: 50409117,FlexNet900,930.5375 MHz,25,901.8625 MHz
46946,true,,NORWALES-342RS5,RTM II+,No,FlexNet,Enabled,4110005,No,2026-07-29 09:19:18.663,Normal,2020-01-05 21:03:44.797,2025-09-17 09:44:41.000,No,40.252,-75.336,FlexNetId: 50530123,FlexNet900,930.5375 MHz,25,901.8875 MHz
48133,true,,NESHAMIN-143T820,RTM II+,No,FlexNet,Enabled,4110005,No,2026-07-29 09:10:23.730,Normal,2020-09-22 09:17:08.856,2025-09-17 09:57:56.000,No,40.151,-74.9073,FlexNetId: 50530048,FlexNet900,930.5125 MHz,32,901.8375 MHz
46747,true,,ANGORA-132S3,RTM II+,No,FlexNet,Enabled,4110005,No,2026-07-29 09:19:53.741,Normal,2019-12-12 09:46:24.093,2025-09-17 10:01:34.000,No,39.959,-75.221,FlexNetId: 50530382,FlexNet900,930.5375 MHz,41,901.8625 MHz
47704,true,,LINE-200T642,RTM II+,No,FlexNet,Enabled,4110005,No,2026-07-29 09:20:31.108,Normal,2020-08-15 21:35:22.681,2025-09-17 10:05:15.000,No,40.042,-75.587,FlexNetId: 50530768,FlexNet900,930.5125 MHz,28,901.8375 MHz
42681,true,,LINE-2394T1,RTM II+,No,FlexNet,Enabled,4110005,No,2026-07-29 09:20:29.267,Normal,2018-05-03 20:31:07.989,2025-09-17 09:28:56.000,No,40.044409,-75.008219,FlexNetId: 50408315,FlexNet900,930.5125 MHz,27,901.8625 MHz
45510,true,,LINE-9400RM1,RTM II+,No,FlexNet,Enabled,4110005,No,2026-07-29 09:15:25.121,Normal,2019-03-06 17:48:38.774,2025-09-17 10:13:02.000,No,40.134,-75.49,FlexNetId: 50410270,FlexNet900,930.5125 MHz,62,901.8375 MHz
49289,true,,BALA-136T653,RTM II+,No,FlexNet,Enabled,4110005,No,2026-07-29 09:16:26.234,Normal,2021-04-18 10:04:15.737,2025-09-17 10:20:23.000,No,39.987,-75.226,FlexNetId: 50531011,FlexNet900,930.5125 MHz,22,901.8625 MHz
44183,true,,LINE-1600T2,RTM II+,No,FlexNet,Enabled,4110005,No,2026-07-29 09:17:55.556,Normal,2018-12-13 17:09:07.817,2025-09-17 09:45:42.000,No,40.201422,-75.582803,FlexNetId: 50409476,FlexNet900,930.5375 MHz,24,901.8625 MHz
45541,true,,UNIVERSI-131S3,RTM II+,No,FlexNet,Enabled,4110005,No,2026-07-29 09:08:52.194,Normal,2019-03-06 17:48:51.435,2025-09-17 10:17:42.000,No,39.964,-75.245,FlexNetId: 50410300,FlexNet900,930.5375 MHz,39,901.8625 MHz
43228,true,,LINE-13900R1,RTM II+,No,FlexNet,Enabled,4110005,No,2026-07-29 09:10:21.226,Normal,2019-02-13 12:25:45.776,2025-09-17 10:01:11.000,No,40.03667,-75.56001,FlexNetId: 50408295,FlexNet900,930.5125 MHz,46,901.8375 MHz
43022,true,,LINE-3400RM1,RTM II+,No,FlexNet,Enabled,4110005,No,2026-07-29 09:10:49.143,Normal,2018-07-17 13:23:14.335,2025-09-17 09:46:02.000,No,40.1026,-74.863494,FlexNetId: 50408287,FlexNet900,930.5375 MHz,30,901.8625 MHz
44345,true,,LINE-2478S1,RTM II+,No,FlexNet,Enabled,4110005,No,2026-07-29 09:20:34.890,Normal,2019-01-03 17:07:11.636,2025-09-17 09:46:05.000,No,39.9342421,-75.1653472,FlexNetId: 50409464,FlexNet900,930.5375 MHz,32,901.8625 MHz
47832,true,,SAVILLE-136RM3,RTM II+,No,FlexNet,Enabled,4110005,No,2026-07-29 09:14:44.810,Normal,2020-07-13 11:31:54.765,2025-09-17 09:59:20.000,No,39.87,-75.363,FlexNetId: 50530550,FlexNet900,930.5125 MHz,45,901.8375 MHz
49248,true,,LINE-9400RM2,RTM II+,No,FlexNet,Enabled,4110005,No,2026-07-29 09:08:24.164,Normal,2021-04-09 08:46:24.588,2025-09-17 10:06:13.000,No,40.128995,-75.484078,FlexNetId: 50531005,FlexNet900,930.5125 MHz,9,901.8375 MHz
42933,true,,CALLOWHI-139T1027,RTM II+,No,FlexNet,Enabled,4110005,No,2026-07-29 09:11:40.077,Normal,2018-07-17 13:23:34.246,2025-09-17 09:28:58.000,No,39.972903,-75.159985,FlexNetId: 50408368,FlexNet900,930.5375 MHz,36,901.8375 MHz
43937,true,,HARTMAN-352RM6,RTM II+,No,FlexNet,Enabled,4110005,No,2026-07-29 09:18:04.707,Normal,2018-11-30 14:59:47.769,2025-09-17 09:45:23.000,No,40.287187,-75.225386,FlexNetId: 50409050,FlexNet900,930.5125 MHz,12,901.8625 MHz
43813,true,,WANEETA-137RM2,RTM II+,No,FlexNet,Enabled,4110005,No,2026-07-29 09:13:54.332,Normal,2018-11-13 10:02:50.244,2025-09-17 09:49:15.000,No,39.99621,-75.12399,FlexNetId: 50409071,FlexNet900,930.5375 MHz,53,901.8875 MHz
53704,true,,UPPERDAR-134RM1,RTMx,No,FlexNet,Enabled,4110005,No,2026-07-29 09:18:52.119,Normal,2024-08-27 14:47:33.405,2025-09-17 10:17:10.000,No,39.9293,-75.2741,FlexNetId: 50480497,FlexNet900K24,930.5125 MHz,19,901.8375 MHz
45091,true,,WARMINST-142R2,RTM II+,No,FlexNet,Enabled,4110005,No,2026-07-29 09:11:33.625,Normal,2019-02-14 09:40:34.867,2025-09-17 09:57:31.000,No,40.185249,-75.023429,FlexNetId: 50409377,FlexNet900,930.5125 MHz,48,901.8875 MHz
51713,true,,CRUMLYNN-138T427,RTM II+,No,FlexNet,Enabled,4110005,No,2026-07-29 09:15:27.604,Normal,2022-11-10 08:05:11.923,2025-09-17 09:50:00.000,No,39.8754,-75.3606,FlexNetId: 50532862,FlexNet900,930.5125 MHz,19,901.8875 MHz
45335,true,,MACDADE-133RM1,RTM II+,No,FlexNet,Enabled,4110005,No,2026-07-29 09:20:47.869,Normal,2019-04-03 08:29:47.332,2025-09-17 09:58:36.000,No,39.912551,-75.301257,FlexNetId: 50410134,FlexNet900,930.5125 MHz,41,901.8875 MHz
44736,true,,FOXCHASE-137T515,RTM II+,No,FlexNet,Enabled,4110005,No,2026-07-29 09:10:29.557,Normal,2019-02-12 11:17:15.624,2025-09-17 09:58:18.000,No,40.084,-75.093,FlexNetId: 50409670,FlexNet900,930.5375 MHz,24,901.8625 MHz
45349,true,,SAVILLE-134RS3,RTM II+,No,FlexNet,Enabled,4110005,No,2026-07-29 09:15:25.698,Normal,2019-04-03 08:29:52.322,2025-09-17 10:16:32.000,No,39.862,-75.378,FlexNetId: 50409968,FlexNet900,930.5375 MHz,35,901.8625 MHz
52391,true,,BUCKINGH-342RS3,RTM II+,No,FlexNet,Enabled,4110005,No,2026-07-29 09:20:19.683,Normal,2023-08-15 10:50:54.098,2025-09-17 09:30:40.000,No,40.36176,-74.96058,FlexNetId: 50533337,FlexNet900,930.5125 MHz,24,901.8375 MHz
44988,true,,MIDDLETO-351R2,RTM II+,No,FlexNet,Enabled,4110005,No,2026-07-29 09:17:17.096,Normal,2019-02-12 11:18:07.530,2025-09-17 10:04:31.000,No,39.899097,-75.468586,FlexNetId: 50409715,FlexNet900,930.5125 MHz,28,901.8375 MHz
45932,true,,CRESCENT-135S3,RTM II+,No,FlexNet,Enabled,4110005,No,2026-07-29 09:18:05.540,Normal,2019-06-04 09:36:06.583,2025-09-17 10:13:01.000,No,40.027,-75.083,FlexNetId: 50410908,FlexNet900,930.5125 MHz,26,901.8875 MHz
47776,true,,WHITEMAR-141T772,RTM II+,No,FlexNet,Enabled,4110005,No,2026-07-29 09:12:12.581,Normal,2020-08-13 09:23:44.045,2025-09-17 10:05:14.000,No,40.125,-75.222,FlexNetId: 50530525,FlexNet900,930.5125 MHz,26,901.8625 MHz
45022,true,,NEWLIN-354RMP4,RTM II+,No,FlexNet,Enabled,4110005,No,2026-07-29 09:20:18.055,Normal,2019-02-14 09:40:11.585,2025-09-17 09:57:33.000,No,39.977862,-75.929487,FlexNetId: 50409392,FlexNet900,930.5375 MHz,74,901.8875 MHz
52307,true,,PACKER-135S6,RTM II+,No,FlexNet,Enabled,4110005,No,2026-07-29 09:17:55.309,Normal,2023-08-11 08:02:54.181,2025-09-17 09:28:32.000,No,39.92674,-75.14949,FlexNetId: 50533220,FlexNet900,930.5125 MHz,24,901.8375 MHz
41400,true,,MORTON-142RS3,RTM II+,No,FlexNet,Enabled,4110005,No,2026-07-29 09:09:22.624,Normal,2018-03-26 15:47:17.307,2025-09-17 09:51:50.000,No,39.889138,-75.367115,FlexNetId: 50407392,FlexNet900,930.5125 MHz,25,901.8375 MHz
47820,true,,NORTOXFD-002RS2,RTM II+,No,FlexNet,Enabled,4110005,No,2026-07-29 09:20:23.956,Normal,2020-08-15 21:30:04.175,2025-09-17 10:16:26.000,No,39.7835,-75.9753,FlexNetId: 50530534,FlexNet900,930.5125 MHz,48,901.8375 MHz
51867,true,,MACDADE-130T23,RTM II+,No,FlexNet,Enabled,4110005,No,2026-07-29 09:09:18.873,Normal,2023-02-01 07:53:59.359,2025-09-17 09:28:10.000,No,39.9102,-75.2807,FlexNetId: 50532901,FlexNet900,930.5125 MHz,58,901.8375 MHz
43685,true,,NESHAMIN-132T230,RTM II+,No,FlexNet,Enabled,4110005,No,2026-07-29 09:10:02.697,Normal,2018-10-30 14:17:06.301,2025-09-17 09:45:44.000,No,40.134165,-74.937069,FlexNetId: 50408137,FlexNet900,930.5125 MHz,44,901.8375 MHz
32609,true,,LINE-13100T761,RTM II+,No,FlexNet,Enabled,4110005,No,2026-07-29 09:09:41.891,Normal,2018-04-13 09:38:59.451,2025-09-17 09:44:58.000,No,40.1601,-74.91104,FlexNetId: 50404127,FlexNet900,930.5375 MHz,28,901.8625 MHz
52268,true,,LOCK-342T368,RTM II+,No,FlexNet,Enabled,4110005,No,2026-07-29 09:20:31.541,Normal,2023-07-18 09:37:11.718,2025-09-17 10:16:30.000,No,40.24768,-75.65677,FlexNetId: 50533151,FlexNet900,930.5125 MHz,33,901.8375 MHz
46962,true,,HARTMAN-353RS2,RTM II+,No,FlexNet,Enabled,4110005,No,2026-07-29 09:19:24.349,Normal,2020-01-05 21:03:48.675,2025-09-17 09:55:21.000,No,40.258,-75.202,FlexNetId: 50530130,FlexNet900,930.5125 MHz,79,901.8625 MHz
52284,true,,CORNOG-002RS2,RTM II+,No,FlexNet,Enabled,4110005,No,2026-07-29 09:20:35.186,Normal,2023-07-20 10:28:15.403,2025-09-17 09:30:39.000,No,40.06022,-75.78529,FlexNetId: 50533135,FlexNet900,930.5125 MHz,34,901.8625 MHz
48873,true,,WHITEMAR-133RM1,RTM II+,No,FlexNet,Enabled,4110005,No,2026-07-29 09:15:40.392,Normal,2020-12-28 11:58:55.284,2025-09-17 09:59:39.000,No,40.101603,-75.22916,FlexNetId: 50530412,FlexNet900,930.5125 MHz,14,901.8875 MHz
53698,true,,BYBERRY-173S2,RTMx,No,FlexNet,Enabled,4110005,No,2026-07-29 09:10:43.601,Normal,2024-08-27 14:47:32.449,2025-09-17 12:32:10.000,No,40.142,-75.048,FlexNetId: 50480618,FlexNet900K24,930.5125 MHz,17,901.8375 MHz
50449,true,,NEWSQUA-144RM3,RTM II+,No,FlexNet,Enabled,4110005,No,2026-07-29 09:14:31.055,Normal,2021-12-07 09:19:46.620,2024-10-11 09:23:46.000,No,39.98984,-75.36852,FlexNetId: 50531851,FlexNet900,930.5125 MHz,20,901.8625 MHz
45499,true,,HOLMESBU-131RM1,RTM II+,No,FlexNet,Enabled,4110005,No,2026-07-29 09:19:49.098,Normal,2019-03-06 17:48:34.171,2025-09-17 10:08:45.000,No,40.03,-75.031,FlexNetId: 50410065,FlexNet900,930.5125 MHz,54,901.8875 MHz
53366,true,,UPMERION-134R2,RTM II+,No,FlexNet,Enabled,4110005,No,2026-07-29 09:18:54.287,Normal,2024-04-05 09:44:08.601,2025-09-17 10:17:04.000,No,40.083937,-75.429708,FlexNetId: 50534007,FlexNet900,930.5375 MHz,35,901.8625 MHz
45336,true,,ANGORA-131S2,RTM II+,No,FlexNet,Enabled,4110005,No,2026-07-29 09:15:32.161,Normal,2019-04-03 08:29:47.692,2025-09-17 09:44:39.000,No,39.959,-75.238,FlexNetId: 50409969,FlexNet900,930.5375 MHz,27,901.8625 MHz
42698,true,,BYBERRY-142T1,RTM II+,No,FlexNet,Enabled,4110005,No,2026-07-29 09:06:50.417,Normal,2018-05-03 20:30:46.721,2025-09-17 10:05:12.000,No,40.128988,-75.061276,FlexNetId: 50408265,FlexNet900,930.5125 MHz,38,901.8625 MHz
44158,true,,LLANERCH-162S1,RTM II+,No,FlexNet,Enabled,4110005,No,2026-07-29 09:19:07.246,Normal,2018-11-20 15:04:32.133,2025-09-17 09:48:07.000,No,39.960009,-75.272247,FlexNetId: 50409507,FlexNet900,930.5375 MHz,31,901.8625 MHz
51871,true,,BLUEGRAS-136T1077,RTM II+,No,FlexNet,Enabled,4110005,No,2026-07-29 09:19:37.695,Normal,2023-02-01 07:54:00.129,2025-09-17 10:20:49.000,No,40.0883,-75.2222,FlexNetId: 50532903,FlexNet900,930.5125 MHz,17,901.8375 MHz
53907,true,,FALLS-341T1041,RTMx,No,FlexNet,Enabled,4110005,No,2026-07-29 09:06:38.617,Normal,2024-09-06 10:53:33.110,2025-09-17 12:33:17.000,No,40.15842,-74.81489,FlexNetId: 50480668,FlexNet900K24,930.5125 MHz,34,901.8375 MHz
46808,true,,NEWSQUA-148S2,RTM II+,No,FlexNet,Enabled,4110005,No,2026-07-29 09:07:45.502,Normal,2020-01-05 21:03:59.602,2025-09-17 10:20:49.000,No,40.00458,-75.416474,FlexNetId: 50410771,FlexNet900,930.5125 MHz,22,901.8375 MHz
51992,true,,PERKIOME-363RM1,RTM II+,No,FlexNet,Enabled,4110005,No,2026-07-29 09:15:31.517,Normal,2023-04-18 07:57:01.760,2025-09-17 09:43:59.000,No,40.3374,-75.4691,FlexNetId: 50532141,FlexNet900,930.5375 MHz,79,901.8625 MHz
45927,true,,CALLOWHI-139RM1,RTM II+,No,FlexNet,Enabled,4110005,No,2026-07-29 09:11:14.479,Normal,2019-06-04 09:36:30.357,2025-09-17 10:16:28.000,No,39.968,-75.162,FlexNetId: 50410937,FlexNet900,930.5375 MHz,24,901.8875 MHz
52408,true,,NESHAMIN-141RM1,RTM II+,No,FlexNet,Enabled,4110005,No,2026-07-29 09:20:40.861,Normal,2023-08-15 08:49:38.025,2025-09-17 10:17:10.000,No,40.1328789,-74.9157373,FlexNetId: 50533352,FlexNet900,930.5125 MHz,46,901.8375 MHz
48879,true,,NORPHILA-134S1,RTM II+,No,FlexNet,Enabled,4110005,No,2026-07-29 09:16:35.110,Normal,2020-12-28 11:58:46.530,2025-09-17 09:59:39.000,No,39.983,-75.142,FlexNetId: 50530280,FlexNet900,930.5125 MHz,34,901.8625 MHz
50736,true,,LINE-13600R2,RTM II+,No,FlexNet,Enabled,4110005,No,2026-07-29 09:13:44.625,Normal,2022-04-12 07:23:28.327,2025-09-17 09:27:11.000,No,40.2237,-75.1249,FlexNetId: 50531923,FlexNet900,930.5125 MHz,20,901.8375 MHz
44201,true,,NORWALES-352R2,RTM II+,No,FlexNet,Enabled,4110005,No,2026-07-29 09:17:03.835,Normal,2018-12-13 17:09:14.023,2025-09-17 09:49:40.000,No,40.233897,-75.309237,FlexNetId: 50409506,FlexNet900,930.5125 MHz,37,901.8375 MHz
43713,true,,LINTON-341T355,RTM II+,No,FlexNet,Enabled,4110005,No,2026-07-29 09:16:56.547,Normal,2019-08-30 11:53:26.541,2025-09-17 09:42:26.000,No,40.244,-74.872,FlexNetId: 50408970,FlexNet900,930.5375 MHz,18,901.8625 MHz
47693,true,,BETZWOOD-341RS1,RTM II+,No,FlexNet,Enabled,4110005,No,2026-07-29 09:20:16.196,Normal,2020-08-15 21:35:20.431,2025-09-17 10:00:29.000,No,40.1059,-75.4775,FlexNetId: 50530510,FlexNet900,930.5125 MHz,26,901.8375 MHz
47612,true,,WHITEMAR-143T101,RTM II+,No,FlexNet,Enabled,4110005,No,2026-07-29 09:19:55.975,Normal,2020-05-26 12:40:28.529,2025-09-17 10:05:18.000,No,40.114971,-75.21373,FlexNetId: 50530577,FlexNet900,930.5125 MHz,17,901.8375 MHz
44437,true,,BLUEGRAS-130RM3,RTM II+,No,FlexNet,Enabled,4110005,No,2026-07-29 09:17:43.199,Normal,2019-01-03 15:36:31.800,2025-09-17 10:01:35.000,No,40.076598,-74.975466,FlexNetId: 50409526,FlexNet900,930.5375 MHz,36,901.8625 MHz
32579,true,,GOSHEN-351R2,RTM II+,No,FlexNet,Enabled,4110005,No,2026-07-29 09:11:23.480,Normal,2014-12-03 14:02:16.463,2025-09-17 10:13:08.000,No,39.967532,-75.5565811,FlexNetId: 50403917,FlexNet900,930.5125 MHz,34,901.8625 MHz
43770,true,,TABOR-135RS2,RTM II+,No,FlexNet,Enabled,4110005,No,2026-07-29 09:13:02.004,Normal,2018-11-13 14:02:27.109,2025-09-17 09:42:29.000,No,40.035,-75.1437,FlexNetId: 50409093,FlexNet900,930.5125 MHz,26,901.8375 MHz
43824,true,,WANEETA-130RM1,RTM II+,No,FlexNet,Enabled,4110005,No,2026-07-29 09:17:26.705,Normal,2018-11-13 10:02:53.186,2025-09-17 09:49:40.000,No,40.00966,-75.1002,FlexNetId: 50409188,FlexNet900,930.5375 MHz,25,901.8875 MHz
42846,true,,UPMERION-132S1,RTM II+,No,FlexNet,Enabled,4110005,No,2026-07-29 09:10:31.840,Normal,2018-06-07 14:18:00.900,2025-09-17 09:43:36.000,No,40.059894,-75.389495,FlexNetId: 50408560,FlexNet900,930.5125 MHz,30,901.8375 MHz
43668,true,,BLUEGRAS-133T242,RTM II+,No,FlexNet,Enabled,4110005,No,2026-07-29 09:14:44.449,Normal,2018-10-30 14:17:00.527,2025-09-17 09:29:17.000,No,40.106501,-75.057498,FlexNetId: 50408904,FlexNet900,930.5375 MHz,23,901.8875 MHz
52182,true,,SHIP-002RS1,RTM II+,No,FlexNet,Enabled,4110005,No,2026-07-29 09:20:49.397,Normal,2023-06-07 07:32:25.476,2025-09-17 10:17:10.000,No,40.00964,-75.59319,FlexNetId: 50533270,FlexNet900,930.5125 MHz,37,901.8375 MHz
50894,true,,NEWSQUA-134RM2,RTM II+,No,FlexNet,Enabled,4110005,No,2026-07-29 09:19:49.082,Normal,2022-06-14 11:41:00.705,2025-09-17 10:00:25.000,No,39.977,-75.452,FlexNetId: 50532167,FlexNet900,930.5125 MHz,19,901.8625 MHz
45551,true,,PASSYUNK-141S3,RTM II+,No,FlexNet,Enabled,4110005,No,2026-07-29 09:12:58.590,Normal,2019-03-06 17:48:55.110,2025-09-17 10:09:58.000,No,39.928,-75.156,FlexNetId: 50410274,FlexNet900,930.5375 MHz,40,901.8625 MHz
43145,true,,GOSHEN-343R6,RTM II+,No,FlexNet,Enabled,4110005,No,2026-07-29 09:17:01.508,Normal,2018-10-02 13:29:01.281,2025-09-17 09:49:12.000,No,39.96658,-75.532843,FlexNetId: 50408200,FlexNet900,930.5125 MHz,41,901.8375 MHz
41331,true,,NEWLINVI-342SD1,RTM II+,No,FlexNet,Enabled,4110005,No,2026-07-29 09:19:52.760,Normal,2018-03-26 15:46:51.582,2025-09-17 09:43:37.000,No,40.03814,-75.825622,FlexNetId: 50407650,FlexNet900,930.5125 MHz,64,901.8375 MHz
45009,true,,SAVILLE-132R4,RTM II+,No,FlexNet,Enabled,4110005,No,2026-07-29 09:17:56.914,Normal,2019-02-14 09:40:06.616,2025-09-17 10:20:49.000,No,39.864,-75.3459,FlexNetId: 50409798,FlexNet900,930.5125 MHz,30,901.8875 MHz
45332,true,,UPPRPROV-351RM1,RTM II+,No,FlexNet,Enabled,4110005,No,2026-07-29 09:15:00.671,Normal,2019-04-03 08:29:46.178,2025-09-17 10:05:13.000,No,40.231,-75.543,FlexNetId: 50410051,FlexNet900,930.5125 MHz,41,901.8625 MHz
33071,true,,BYBERRY-174T641,RTM II+,No,FlexNet,Enabled,4110005,No,2026-07-29 09:10:39.933,Normal,2017-04-17 16:59:48.117,2025-09-17 10:01:15.000,No,40.121,-74.962,FlexNetId: 50403596,FlexNet900,930.5125 MHz,24,901.8375 MHz
45383,true,,JENKINTO-134S2,RTM II+,No,FlexNet,Enabled,4110005,No,2026-07-29 09:19:48.440,Normal,2019-04-03 08:30:06.961,2025-09-17 09:54:52.000,No,40.118,-75.135,FlexNetId: 50410436,FlexNet900,930.5375 MHz,37,901.8875 MHz
44178,true,,PENLLYN-004R1,RTM II+,No,FlexNet,Enabled,4110005,No,2026-07-29 09:20:21.883,Normal,2018-12-13 17:09:06.067,2025-09-17 09:46:04.000,No,40.17197,-75.26182,FlexNetId: 50409399,FlexNet900,930.5125 MHz,34,901.8375 MHz
49542,true,,BUCKINGH-342S2,RTM II+,No,FlexNet,Enabled,4110005,No,2026-07-29 09:17:21.980,Normal,2021-07-22 09:38:08.448,2025-09-17 10:13:07.000,No,40.3621,-74.9657,FlexNetId: 50531419,FlexNet900,930.5125 MHz,43,901.8375 MHz
40183,true,,CEDARBRO-132RM2,RTM II+,No,FlexNet,Enabled,4110005,No,2026-07-29 09:08:15.748,Normal,2017-10-10 09:09:45.757,2025-09-17 09:55:40.000,No,40.079897,-75.215366,FlexNetId: 50406502,FlexNet900,930.5125 MHz,33,901.8875 MHz
46423,true,,TABOR-132RM1,RTM II+,No,FlexNet,Enabled,4110005,No,2026-07-29 09:10:59.519,Normal,2019-09-03 12:48:14.716,2025-09-17 10:10:00.000,No,40.0583,-75.1495,FlexNetId: 50410727,FlexNet900,930.5375 MHz,23,901.8625 MHz
49876,true,,PULASKI-131T920,RTM II+,No,FlexNet,Enabled,4110005,No,2026-07-29 09:13:49.074,Normal,2021-10-05 10:05:47.110,2025-09-17 10:13:07.000,No,40.022793,-75.167004,FlexNetId: 50531592,FlexNet900,930.5375 MHz,14,901.8375 MHz
43815,true,,MACDADE-136S2,RTM II+,No,FlexNet,Enabled,4110005,No,2026-07-29 09:20:55.477,Normal,2018-11-13 10:02:50.914,2025-09-17 10:17:02.000,No,39.915,-75.31,FlexNetId: 50409120,FlexNet900,930.5375 MHz,43,901.8375 MHz
44980,true,,NESHAMIN-144S1,RTM II+,No,FlexNet,Enabled,4110005,No,2026-07-29 09:19:24.974,Normal,2019-02-12 11:18:03.428,2025-09-17 09:29:15.000,No,40.153,-74.966,FlexNetId: 50409714,FlexNet900,930.5125 MHz,32,901.8375 MHz
50243,true,Activated,EAGLE-353R2,RTM II+,No,Verizon,Not Applicable,4110005,No,2026-07-29 09:19:59.896,Normal,2021-11-16 15:37:50.728,,,40.19518,-75.69936,IMEI: 354595115780380,Cell_LE910_VER,,-78,
50243,true,Activated,EAGLE-353R2,RTM II+,No,Verizon,Not Applicable,4110005,No,2026-07-29 09:19:59.896,Normal,2021-11-16 15:37:50.728,,,40.19518,-75.69936,ICCID: 89148000006394059826,Cell_LE910_VER,,-78,
44640,true,,UPPRPROV-351S4,RTM II+,No,FlexNet,Enabled,4110005,No,2026-07-29 09:06:54.836,Normal,2019-02-12 11:16:31.214,2025-09-17 10:01:35.000,No,40.22345,-75.53978,FlexNetId: 50409727,FlexNet900,930.5125 MHz,45,901.8625 MHz
50863,true,,BRYNMAWR-141RM1,RTM II+,No,FlexNet,Enabled,4110005,No,2026-07-29 09:19:09.643,Normal,2022-06-16 09:34:00.677,2025-09-17 10:00:28.000,No,39.999,-75.294,FlexNetId: 50532162,FlexNet900,930.5125 MHz,35,901.8375 MHz
44484,true,,PENCOYD-131S1,RTM II+,No,FlexNet,Enabled,4110005,No,2026-07-29 09:06:25.291,Normal,2019-01-10 14:49:44.283,2025-09-17 10:16:24.000,No,40.024663,-75.208454,FlexNetId: 50409845,FlexNet900,930.5125 MHz,24,901.8625 MHz
47606,true,,MACDADE-148S2,RTM II+,No,FlexNet,Enabled,4110005,No,2026-07-29 09:17:33.680,Normal,2020-05-26 12:40:47.752,2025-09-17 09:55:42.000,No,39.920435,-75.309381,FlexNetId: 50530576,FlexNet900,930.5375 MHz,32,901.8875 MHz
49000,true,,PLYMOUTH-146T842,RTM II+,No,FlexNet,Enabled,4110005,No,2026-07-29 09:11:11.921,Normal,2021-01-24 09:14:22.642,2025-09-17 10:05:09.000,No,40.12116,-75.30687,FlexNetId: 50531105,FlexNet900,930.5125 MHz,41,901.8375 MHz
47893,true,,HEATON-169S1,RTM II+,No,FlexNet,Enabled,4110005,No,2026-07-29 09:14:08.375,Normal,2020-08-15 21:32:43.167,2025-09-17 09:44:59.000,No,40.1402,-75.1442,FlexNetId: 50530301,FlexNet900,930.5125 MHz,23,901.8375 MHz
42696,true,,PLYMOUTH-166RM1,RTM II+,No,FlexNet,Enabled,4110005,No,2026-07-29 09:14:11.054,Normal,2018-05-03 20:30:46.094,2025-09-17 09:28:57.000,No,40.073566,-75.304566,FlexNetId: 50408316,FlexNet900,930.5375 MHz,26,901.8625 MHz
52847,true,,CROYDON-131RM1,RTM II+,No,FlexNet,Enabled,4110005,No,2026-07-29 09:20:07.184,Normal,2023-12-11 09:22:21.579,2025-09-17 10:17:05.000,No,40.09405,-75.91519,FlexNetId: 50533079,FlexNet900,930.5125 MHz,25,901.8375 MHz
43901,true,,FOXCHASE-132T217,RTM II+,No,FlexNet,Enabled,4110005,No,2026-07-29 09:12:10.351,Normal,2019-02-14 11:40:03.368,2025-09-17 10:01:14.000,No,40.071252,-75.049843,FlexNetId: 50409080,FlexNet900,930.5125 MHz,20,901.8875 MHz
44168,true,,NORWALES-344RM2,RTM II+,No,FlexNet,Enabled,4110005,No,2026-07-29 09:13:25.966,Normal,2018-11-20 15:03:00.327,2025-09-17 10:01:13.000,No,40.161058,-75.339384,FlexNetId: 50409437,FlexNet900,930.5125 MHz,31,901.8625 MHz
44722,true,,PARRISH-131T2,RTM II+,No,FlexNet,Enabled,4110005,No,2026-07-29 09:15:21.020,Normal,2019-02-12 11:17:09.400,2025-09-17 10:10:02.000,No,39.971,-75.238,FlexNetId: 50409679,FlexNet900,930.5125 MHz,37,901.8625 MHz
51728,true,,PASSYUNK-134RM1,RTM II+,No,FlexNet,Enabled,4110005,No,2026-07-29 09:12:57.612,Normal,2022-11-17 07:18:02.818,2025-09-17 09:29:39.000,No,39.931732,-75.169831,FlexNetId: 50532759,FlexNet900,930.5125 MHz,22,901.8375 MHz
43205,true,,BYBERRY-163RM1,RTM II+,No,FlexNet,Enabled,4110005,No,2026-07-29 09:08:48.312,Normal,2018-10-20 11:48:31.989,2025-09-17 09:42:27.000,No,40.11667,-75.019866,FlexNetId: 50408167,FlexNet900,930.5125 MHz,28,901.8375 MHz
50238,true,Activated,BRADFORD-344S3,RTM II+,No,Verizon,Not Applicable,4110005,No,2026-07-29 09:19:41.543,Normal,2021-11-16 15:37:49.736,,,40.0318304,-75.6937178,IMEI: 354595115778236,Cell_LE910_VER,,-83,
50238,true,Activated,BRADFORD-344S3,RTM II+,No,Verizon,Not Applicable,4110005,No,2026-07-29 09:19:41.543,Normal,2021-11-16 15:37:49.736,,,40.0318304,-75.6937178,ICCID: 89148000006394060683,Cell_LE910_VER,,-83,
43790,true,,BETZWOOD-341T3,RTM II+,No,FlexNet,Enabled,4110005,No,2026-07-29 09:15:29.039,Normal,2019-01-10 14:27:17.513,2025-09-17 09:45:42.000,No,40.11798,-75.488743,FlexNetId: 50409220,FlexNet900,930.5125 MHz,29,901.8625 MHz
44690,true,,RICHMOND-133S3,RTM II+,No,FlexNet,Enabled,4110005,No,2026-07-29 09:12:10.728,Normal,2019-02-12 11:16:54.735,2025-09-17 10:08:42.000,No,39.9973,-75.1028,FlexNetId: 50409662,FlexNet900,930.5125 MHz,37,901.8375 MHz
44327,true,,PLANEBRO-359T96,RTM II+,No,FlexNet,Enabled,4110005,No,2026-07-29 09:13:20.221,Normal,2019-01-03 17:07:05.574,2025-09-17 09:49:13.000,No,39.992675,-75.577351,FlexNetId: 50409409,FlexNet900,930.5125 MHz,28,901.8375 MHz
52889,true,,HEATON-133T1264,RTM II+,No,FlexNet,Enabled,4110005,No,2026-07-29 09:13:03.591,Normal,2023-12-11 09:23:24.154,2025-09-17 10:17:49.000,No,40.1385929,-75.144179,FlexNetId: 50533249,FlexNet900,930.5125 MHz,39,901.8375 MHz
43913,true,,MASTER-144S2,RTM II+,No,FlexNet,Enabled,4110005,No,2026-07-29 09:18:20.188,Normal,2019-02-17 08:53:51.465,2025-09-17 09:59:23.000,No,39.97926,-75.163155,FlexNetId: 50409166,FlexNet900,930.5375 MHz,30,901.8875 MHz
45014,true,,EDDINGTO-131T435,RTM II+,No,FlexNet,Enabled,4110005,No,2026-07-29 09:06:55.450,Normal,2019-02-14 09:40:08.661,2025-09-17 10:17:50.000,No,40.107,-74.948,FlexNetId: 50409390,FlexNet900,930.5375 MHz,52,901.8625 MHz
47601,true,,BETZWOOD-341T367,RTM II+,No,FlexNet,Enabled,4110005,No,2026-07-29 09:07:39.811,Normal,2020-08-15 21:35:07.055,2025-09-17 10:00:29.000,No,40.102,-75.484,FlexNetId: 50530515,FlexNet900,930.5125 MHz,14,901.8375 MHz
43714,true,,LINTON-352T233,RTM II+,No,FlexNet,Enabled,4110005,No,2026-07-29 09:17:48.068,Normal,2018-10-30 14:17:15.090,2025-09-17 09:43:36.000,No,40.19453867,-74.97194656,FlexNetId: 50408973,FlexNet900,930.5375 MHz,28,901.8875 MHz
51894,true,,LLANERCH-132T1044,RTM II+,No,FlexNet,Enabled,4110005,No,2026-07-29 09:14:03.275,Normal,2023-02-13 06:02:36.799,2025-09-17 09:49:57.000,No,39.964,-75.2664,FlexNetId: 50532886,FlexNet900,930.5125 MHz,26,901.8375 MHz
46953,true,,TABOR-137RM5,RTM II+,No,FlexNet,Enabled,4110005,No,2026-07-29 09:17:20.654,Normal,2020-01-05 21:03:46.715,2025-09-17 10:20:49.000,No,40.041,-75.164,FlexNetId: 50530127,FlexNet900,930.5375 MHz,23,901.8625 MHz
47194,true,,NORTOXFD-002RS3,RTM II+,No,FlexNet,Enabled,4110005,No,2026-07-29 09:20:50.373,Normal,2020-02-25 09:05:51.544,2025-09-17 10:06:11.000,No,39.7842,-75.976,FlexNetId: 50530435,FlexNet900,930.5125 MHz,48,901.8625 MHz
43915,true,,MASTER-144RS1,RTM II+,No,FlexNet,Enabled,4110005,No,2026-07-29 09:19:24.846,Normal,2019-02-17 08:53:52.146,2025-09-17 09:55:41.000,No,39.978442,-75.16734,FlexNetId: 50409069,FlexNet900,930.5375 MHz,25,901.8375 MHz
43835,true,,LLANERCH-131T2,RTM II+,No,FlexNet,Enabled,4110005,No,2026-07-29 09:08:48.668,Normal,2019-04-22 12:43:49.779,2025-09-17 09:57:58.000,No,39.9914,-75.317,FlexNetId: 50409215,FlexNet900,930.5125 MHz,24,901.8625 MHz
45106,true,,PLYMOUTH-134RM2,RTM II+,No,FlexNet,Enabled,4110005,No,2026-07-29 09:17:44.664,Normal,2019-02-14 09:40:40.352,2025-09-17 10:06:19.000,No,40.09,-75.258,FlexNetId: 50409996,FlexNet900,930.5375 MHz,28,901.8625 MHz
43293,true,,PLYMOUTH-134RM1,RTM II+,No,FlexNet,Enabled,4110005,No,2026-07-29 09:11:29.105,Normal,2018-10-02 12:26:56.020,2025-09-17 09:44:37.000,No,40.092091,-75.260579,FlexNetId: 50408713,FlexNet900,930.5375 MHz,21,901.8875 MHz
49813,true,,LINE-2216T828,RTM II+,No,FlexNet,Enabled,4110005,No,2026-07-29 09:15:23.794,Normal,2021-09-15 15:29:15.992,2025-09-17 09:51:03.000,No,40.002,-75.138,FlexNetId: 50530504,FlexNet900,930.5125 MHz,36,901.8375 MHz
44633,true,,MIDDLETO-132S1,RTM II+,No,FlexNet,Enabled,4110005,No,2026-07-29 09:07:04.099,Normal,2019-02-12 11:16:27.822,2025-09-17 09:56:00.000,No,39.93622,-75.39459,FlexNetId: 50409733,FlexNet900,930.5125 MHz,47,901.8625 MHz
47767,true,,LINE-534T831,RTM II+,No,FlexNet,Enabled,4110005,No,2026-07-29 09:07:42.748,Normal,2020-08-13 09:23:42.348,2024-10-11 10:03:19.000,No,39.988,-75.142,FlexNetId: 50530661,FlexNet900,930.5125 MHz,39,901.8875 MHz
50799,true,,NEWSQUA-148T98,RTM II+,No,FlexNet,Enabled,4110005,No,2026-07-29 09:17:59.788,Normal,2022-04-21 10:25:53.177,2025-09-17 10:20:50.000,No,40.0198,-75.4042,FlexNetId: 50532206,FlexNet900,930.5125 MHz,27,901.8375 MHz
43283,true,,CLAY341T302,RTM II+,No,FlexNet,Enabled,4110005,No,2026-07-29 09:09:54.543,Normal,2018-12-07 14:59:08.945,2025-09-17 09:44:37.000,No,39.799588,-75.804585,FlexNetId: 50408844,FlexNet900,930.5375 MHz,25,901.8875 MHz
46775,true,,HEATON-144T638,RTM II+,No,FlexNet,Enabled,4110005,No,2026-07-29 09:13:24.699,Normal,2019-12-12 09:45:02.771,2025-09-17 09:54:55.000,No,40.179,-75.142,FlexNetId: 50530477,FlexNet900,930.5375 MHz,27,901.8625 MHz
41390,true,,MOSER-364RM2,RTM II+,No,FlexNet,Enabled,4110005,No,2026-07-29 09:06:32.002,Normal,2018-03-26 15:47:13.154,2025-09-17 09:28:56.000,No,40.243163,-75.680234,FlexNetId: 50407529,FlexNet900,930.5125 MHz,18,901.8375 MHz
48783,true,,MASTER-131S4,RTM II+,No,FlexNet,Enabled,4110005,No,2026-07-29 09:16:36.272,Normal,2020-12-04 15:04:38.148,2025-09-17 10:06:11.000,No,39.9763,-75.1834,FlexNetId: 50530924,FlexNet900,930.5125 MHz,54,901.8875 MHz
42845,true,,HOLMESBU-141T333,RTM II+,No,FlexNet,Enabled,4110005,No,2026-07-29 09:18:23.876,Normal,2018-06-07 14:18:05.617,2025-09-17 09:44:15.000,No,40.04742,-74.99205,FlexNetId: 50408151,FlexNet900,930.5375 MHz,30,901.8875 MHz
43682,true,,CRESCENT-134T1,RTM II+,No,FlexNet,Enabled,4110005,No,2026-07-29 09:16:42.610,Normal,2018-10-30 14:17:35.589,2025-09-17 09:46:00.000,No,40.055709,-75.11049,FlexNetId: 50408906,FlexNet900,930.5125 MHz,34,901.8625 MHz
53367,true,,PARRISH-136S3,RTM II+,No,FlexNet,Enabled,4110005,No,2026-07-29 09:19:49.249,Normal,2024-04-05 09:44:08.770,2025-09-17 10:17:02.000,No,39.96546,-75.24053,FlexNetId: 50533923,FlexNet900,930.5375 MHz,35,901.8875 MHz
43739,true,,JENKINTO-139T2,RTM II+,No,FlexNet,Enabled,4110005,No,2026-07-29 09:12:47.394,Normal,2018-09-28 14:19:23.149,2025-09-17 09:45:22.000,No,40.10606,-75.10897,FlexNetId: 50408965,FlexNet900,930.5375 MHz,32,901.8625 MHz
44358,true,,EAGLE-352T105,RTM II+,No,FlexNet,Enabled,4110005,No,2026-07-29 09:08:43.073,Normal,2019-01-03 17:07:16.042,2025-09-17 09:59:39.000,No,40.082237,-75.639381,FlexNetId: 50409574,FlexNet900,930.5375 MHz,18,901.8875 MHz
52429,true,,JENKINTO-143T206,RTM II+,No,FlexNet,Enabled,4110005,No,2026-07-29 09:08:53.229,Normal,2023-09-12 09:07:30.583,2025-09-17 09:30:41.000,No,40.07864,-75.09967,FlexNetId: 50533190,FlexNet900,930.5125 MHz,17,901.8875 MHz
28078,true,,BURHOLME-132RM2,RTM II+,No,FlexNet,Enabled,4110005,No,2026-07-29 09:13:23.879,Normal,2014-11-19 09:25:43.353,2025-09-17 10:01:33.000,No,40.07221,-75.08503,FlexNetId: 50401823,FlexNet900,930.5375 MHz,55,901.8625 MHz
44799,true,,PASSYUNK-134T361,RTM II+,No,FlexNet,Enabled,4110005,No,2026-07-29 09:13:25.367,Normal,2019-02-12 11:17:50.141,2025-09-17 10:05:13.000,No,39.928,-75.167,FlexNetId: 50409881,FlexNet900,930.5125 MHz,29,901.8375 MHz
49193,true,,MASTER-132RM2,RTM II+,No,FlexNet,Enabled,4110005,No,2026-07-29 09:19:09.751,Normal,2021-03-14 09:56:48.865,2025-09-17 10:08:09.000,No,39.9812,-75.1777,FlexNetId: 50531230,FlexNet900,930.5125 MHz,35,901.8375 MHz
43769,true,,BETZWOOD-341R1,RTM II+,No,FlexNet,Enabled,4110005,No,2026-07-29 09:17:16.830,Normal,2018-11-20 10:14:14.487,2024-10-08 12:06:42.000,No,40.117004,-75.44948,FlexNetId: 50409073,FlexNet900,930.5125 MHz,40,901.8375 MHz
45194,true,,MACDADE-134T60,RTM II+,No,FlexNet,Enabled,4110005,No,2026-07-29 09:18:43.797,Normal,2019-02-19 09:15:54.605,2025-09-17 10:08:10.000,No,39.898956,-75.264152,FlexNetId: 50409989,FlexNet900,930.5125 MHz,40,901.8375 MHz
49879,true,,PERKIOME-351S5,RTM II+,No,FlexNet,Enabled,4110005,No,2026-07-29 09:19:38.360,Normal,2021-10-05 10:05:46.467,2025-09-17 09:51:04.000,No,40.3061,-75.4315,FlexNetId: 50531676,FlexNet900,930.5125 MHz,37,901.8625 MHz
53910,true,,WAYNE-133S1,RTMx,No,FlexNet,Enabled,4110005,No,2026-07-29 09:18:56.111,Normal,2024-09-06 10:53:33.490,2025-09-17 12:32:12.000,No,40.0397869,-75.3978907,FlexNetId: 50480689,FlexNet900K24,930.5125 MHz,47,901.8375 MHz
50151,true,,CALLOWHI-137T795,RTM II+,No,FlexNet,Enabled,4110005,No,2026-07-29 09:18:15.762,Normal,2021-10-21 09:09:21.804,2025-09-17 09:51:52.000,No,39.9586,-75.1607,FlexNetId: 50531684,FlexNet900,930.5125 MHz,20,901.8375 MHz
43931,true,,NORWALES-364RM3,RTM II+,No,FlexNet,Enabled,4110005,No,2026-07-29 09:20:01.940,Normal,2018-11-30 14:36:09.429,2025-09-17 09:30:18.000,No,40.216199,-75.228943,FlexNetId: 50409055,FlexNet900,930.5375 MHz,62,901.8625 MHz
52807,true,,LINE-11600RM4,RTM II+,No,FlexNet,Enabled,4110005,No,2026-07-29 09:17:58.681,Normal,2023-11-20 10:19:23.257,2025-09-17 10:17:09.000,No,39.9549415,-75.3834924,FlexNetId: 50533107,FlexNet900,930.5125 MHz,28,901.8375 MHz
47115,true,,TABOR-133T699,RTM II+,No,FlexNet,Enabled,4110005,No,2026-07-29 09:18:24.383,Normal,2020-02-03 08:01:20.779,2025-09-17 09:54:55.000,No,40.031,-75.134,FlexNetId: 50530079,FlexNet900,930.5375 MHz,23,901.8625 MHz
53920,true,,LENAPE-341RM2,RTMx,No,FlexNet,Enabled,4110005,No,2026-07-29 09:20:10.341,Normal,2024-09-06 10:53:34.767,2025-09-17 09:33:29.000,No,39.8499408,-75.7062247,FlexNetId: 50480590,FlexNet900K24,930.5375 MHz,40,901.8375 MHz
47113,true,,HEATON-132RM1,RTM II+,No,FlexNet,Enabled,4110005,No,2026-07-29 09:20:33.611,Normal,2020-02-03 08:01:16.380,2025-09-17 10:20:50.000,No,40.1471,-75.1279,FlexNetId: 50530076,FlexNet900,930.5375 MHz,30,901.8625 MHz
49114,true,,LLANERCH-131RM1,RTM II+,No,FlexNet,Enabled,4110005,No,2026-07-29 09:08:39.506,Normal,2021-03-01 10:28:49.733,2025-09-17 10:08:47.000,No,39.989,-75.309,FlexNetId: 50531147,FlexNet900,930.5125 MHz,60,901.8375 MHz
44405,true,,LINE-2100S1,RTM II+,No,FlexNet,Enabled,4110005,No,2026-07-29 09:08:54.604,Normal,2019-02-07 15:34:29.325,2025-09-17 10:01:13.000,No,40.1781,-75.5403,FlexNetId: 50409560,FlexNet900,930.5125 MHz,28,901.8375 MHz
53719,true,,LINE-900RM1,RTMx,No,FlexNet,Enabled,4110005,No,2026-07-29 09:18:42.684,Normal,2024-08-27 14:51:16.404,2026-02-18 09:14:59.000,No,40.1424,-74.8736,FlexNetId: 50480635,FlexNet900K24,930.5125 MHz,32,901.8375 MHz
43642,true,,LINTON-341T202,RTM II+,No,FlexNet,Enabled,4110005,No,2026-07-29 09:07:03.124,Normal,2018-10-05 14:49:16.950,2025-09-17 09:43:34.000,No,40.269351,-74.895213,FlexNetId: 50408820,FlexNet900,930.5375 MHz,32,901.8625 MHz
52308,true,,NORPHILA-134RS3,RTM II+,No,FlexNet,Enabled,4110005,No,2026-07-29 09:16:23.838,Normal,2023-08-11 08:02:54.283,2025-09-17 09:28:33.000,No,39.98747,-75.13267,FlexNetId: 50533411,FlexNet900,930.5125 MHz,34,901.8375 MHz
44335,true,,LINE-13100RM1,RTM II+,No,FlexNet,Enabled,4110005,No,2026-07-29 09:13:16.348,Normal,2019-01-03 17:07:08.256,2025-09-17 09:48:06.000,No,40.172412,-74.915227,FlexNetId: 50409421,FlexNet900,930.5125 MHz,23,901.8375 MHz
50696,true,,LLANERCH-132RM4,RTM II+,No,FlexNet,Enabled,4110005,No,2026-07-29 09:20:53.131,Normal,2022-03-18 09:35:39.412,2025-09-17 10:00:47.000,No,39.9651,-75.2666,FlexNetId: 50531971,FlexNet900,930.5125 MHz,10,901.8375 MHz
44604,true,,EDDINGTO-131T436,RTM II+,No,FlexNet,Enabled,4110005,No,2026-07-29 09:09:53.653,Normal,2019-02-12 11:16:14.652,2025-09-17 10:09:57.000,No,40.085,-74.945,FlexNetId: 50409926,FlexNet900,930.5125 MHz,33,901.8375 MHz
43671,true,,TABOR-140RM1,RTM II+,No,FlexNet,Enabled,4110005,No,2026-07-29 09:15:48.510,Normal,2018-10-30 14:17:01.523,2025-09-17 09:28:13.000,No,40.043219,-75.13978,FlexNetId: 50408880,FlexNet900,930.5375 MHz,43,901.8875 MHz
52825,true,,PENCOYD-133RM1,RTM II+,No,FlexNet,Enabled,4110005,No,2026-07-29 09:17:48.154,Normal,2023-12-11 09:22:15.516,2025-09-17 12:38:43.000,No,40.026,-75.231,FlexNetId: 50533298,FlexNet900,930.5125 MHz,29,901.8375 MHz
50796,true,,JENKINTO-142T1079,RTM II+,No,FlexNet,Enabled,4110005,No,2026-07-29 09:14:12.552,Normal,2022-04-21 10:14:46.715,2025-09-17 09:50:16.000,No,40.1003,-75.1783,FlexNetId: 50532204,FlexNet900,930.5125 MHz,26,901.8875 MHz
50785,true,,BLUEGRAS-142T1073,RTM II+,No,FlexNet,Enabled,4110005,No,2026-07-29 09:20:07.875,Normal,2022-04-21 10:14:44.700,2025-09-17 09:43:57.000,No,40.04714,-75.0262,FlexNetId: 50531980,FlexNet900,930.5125 MHz,11,901.8375 MHz
42111,true,,CLAY-353S3,RTM II+,No,FlexNet,Enabled,4110005,No,2026-07-29 09:19:46.798,Normal,2018-03-26 15:47:47.942,2025-09-17 09:58:37.000,No,39.813117,-75.827476,FlexNetId: 50408462,FlexNet900,930.5375 MHz,31,901.8625 MHz
42561,true,,FOXCHASE-131S1,RTM II+,No,FlexNet,Enabled,4110005,No,2026-07-29 09:10:33.621,Normal,2018-04-13 09:02:31.257,2025-09-17 09:56:44.000,No,40.062862,-75.075066,FlexNetId: 50408581,FlexNet900,930.5375 MHz,56,901.8375 MHz
51501,true,,LINE-2409T717,RTM II+,No,FlexNet,Enabled,4110005,No,2026-07-29 09:18:15.180,Normal,2022-10-18 09:26:58.888,2025-09-17 09:29:16.000,No,39.93918,-75.15624,FlexNetId: 50532333,FlexNet900,930.5125 MHz,12,901.8375 MHz
42998,true,,JARRETT-141RM2,RTM II+,No,FlexNet,Enabled,4110005,No,2026-07-29 09:20:09.755,Normal,2018-07-17 13:23:05.996,2025-09-17 09:44:37.000,No,40.16993,-75.169014,FlexNetId: 50408083,FlexNet900,930.5375 MHz,36,901.8875 MHz
45387,true,,PARRISH-131RS1,RTM II+,No,FlexNet,Enabled,4110005,No,2026-07-29 09:20:30.620,Normal,2019-04-03 08:30:08.654,2025-09-17 09:59:00.000,No,39.971,-75.232,FlexNetId: 50410399,FlexNet900,930.5375 MHz,29,901.8875 MHz
43826,true,,MIDDLETO-142RM1,RTM II+,No,FlexNet,Enabled,4110005,No,2026-07-29 09:07:48.782,Normal,2018-11-13 10:02:53.837,2025-09-17 09:49:16.000,No,39.89664,-75.42802,FlexNetId: 50409198,FlexNet900,930.5125 MHz,23,901.8625 MHz
44646,true,,LINE-18200RM1,RTM II+,No,FlexNet,Enabled,4110005,No,2026-07-29 09:07:40.070,Normal,2019-02-12 11:16:34.054,2025-09-17 10:08:10.000,No,40.04708,-75.52384,FlexNetId: 50409724,FlexNet900,930.5375 MHz,32,901.8625 MHz
44492,true,,LINE-2390S2,RTM II+,No,FlexNet,Enabled,4110005,No,2026-07-29 09:19:34.340,Normal,2019-01-10 14:49:10.786,2025-09-17 09:49:13.000,No,40.0718,-74.9918,FlexNetId: 50409847,FlexNet900,930.5125 MHz,24,901.8875 MHz
49270,true,,COATESVI-001RS1,RTM II+,No,FlexNet,Enabled,4110005,No,2026-07-29 09:19:15.262,Normal,2021-04-18 10:04:15.044,2025-09-17 09:57:31.000,No,39.9846,-75.8164,FlexNetId: 50531185,FlexNet900,930.5125 MHz,80,901.8375 MHz
50806,true,,LENAPE-343RS2,RTM II+,No,FlexNet,Enabled,4110005,No,2026-07-29 09:15:33.808,Normal,2022-04-21 10:25:54.543,2025-09-17 09:44:18.000,No,39.9457,-75.5848,FlexNetId: 50532165,FlexNet900,930.5125 MHz,41,901.8875 MHz
42774,true,,MIDDLETO-352RM4,RTM II+,No,FlexNet,Enabled,4110005,No,2026-07-29 09:19:37.254,Normal,2018-05-11 12:14:11.915,2025-09-17 09:44:19.000,No,39.957581,-75.421519,FlexNetId: 50408172,FlexNet900,930.5375 MHz,16,901.8875 MHz
42995,true,,MIDDLETO-351R3,RTM II+,No,FlexNet,Enabled,4110005,No,2026-07-29 09:18:16.602,Normal,2019-11-14 11:56:45.795,2025-09-17 09:58:58.000,No,39.917,-75.44,FlexNetId: 50408251,FlexNet900,930.5125 MHz,23,901.8625 MHz
44671,true,,PASSYUNK-132RM2,RTM II+,No,FlexNet,Enabled,4110005,No,2026-07-29 09:17:10.689,Normal,2019-02-12 11:16:45.617,2025-09-17 09:55:43.000,No,39.927,-75.183,FlexNetId: 50409894,FlexNet900,930.5125 MHz,15,901.8375 MHz
47768,true,,CALLOWHI-138T749,RTM II+,No,FlexNet,Enabled,4110005,No,2026-07-29 09:08:45.639,Normal,2020-08-13 09:23:47.505,2025-09-17 10:00:29.000,No,39.9774,-75.1715,FlexNetId: 50530555,FlexNet900,930.5375 MHz,38,901.8375 MHz
50477,true,,LINE-2478RM1,RTM II+,No,FlexNet,Enabled,4110005,No,2026-07-29 09:20:05.807,Normal,2021-12-13 09:53:27.351,2025-09-17 09:59:59.000,No,39.9347,-75.173,FlexNetId: 50531587,FlexNet900,930.5125 MHz,31,901.8375 MHz
51242,true,,WARRINGT-364S3,RTM II+,No,FlexNet,Enabled,4110005,No,2026-07-29 09:18:41.290,Normal,2022-08-03 07:53:16.819,2025-09-17 09:51:01.000,No,40.2948,-75.1889,FlexNetId: 50532509,FlexNet900,930.5125 MHz,20,901.8625 MHz
51917,true,,LOMBARD-136T721,RTM II+,No,FlexNet,Enabled,4110005,No,2026-07-29 09:06:04.606,Normal,2023-02-21 07:56:34.158,2025-09-17 09:49:42.000,No,39.94,-75.1445,FlexNetId: 50531955,FlexNet900,930.5125 MHz,34,901.8375 MHz
40192,true,,PLANEBRO-341T48,RTM II+,No,FlexNet,Enabled,4110005,No,2026-07-29 09:17:20.187,Normal,2017-10-10 09:09:46.187,2025-09-17 09:59:41.000,No,40.02418,-75.64444,FlexNetId: 50406017,FlexNet900,930.5125 MHz,33,901.8875 MHz
51439,true,,LINE-2330T866,RTM II+,No,FlexNet,Enabled,4110005,No,2026-07-29 09:11:45.154,Normal,2022-10-11 07:23:36.221,2025-09-17 09:50:00.000,No,40.0444,-75.1867,FlexNetId: 50532343,FlexNet900,930.5125 MHz,20,901.8375 MHz
53689,true,,BURHOLME-133T2,RTMx,No,FlexNet,Enabled,4110005,No,2026-07-29 09:12:38.769,Normal,2024-08-27 14:47:31.208,2025-09-17 10:17:11.000,No,40.0440256,-75.0700548,FlexNetId: 50480579,FlexNet900K24,930.5125 MHz,46,901.8375 MHz
46935,true,,WESTCHES-011RS1,RTM II+,No,FlexNet,Enabled,4110005,No,2026-07-29 09:19:38.254,Normal,2020-01-05 21:03:41.974,2025-09-17 10:08:44.000,No,39.974,-75.583,FlexNetId: 50530156,FlexNet900,930.5375 MHz,27,901.8875 MHz
52255,true,,LINE-2397RM1,RTM II+,No,FlexNet,Enabled,4110005,No,2026-07-29 09:14:03.878,Normal,2023-06-16 08:04:04.058,2025-09-17 09:50:18.000,No,40.03191,-75.03771,FlexNetId: 50532761,FlexNet900,930.5125 MHz,47,901.8375 MHz
45311,true,,EDDINGTO-132T385,RTM II+,No,FlexNet,Enabled,4110005,No,2026-07-29 09:10:25.014,Normal,2019-04-03 08:30:15.252,2025-09-17 10:06:15.000,No,40.084,-74.935,FlexNetId: 50410162,FlexNet900,930.5125 MHz,32,901.8375 MHz
43887,true,,PASSYUNK-133T469,RTM II+,No,FlexNet,Enabled,4110005,No,2026-07-29 09:07:19.362,Normal,2018-11-13 10:03:13.613,2025-09-17 09:59:22.000,No,39.922,-75.179,FlexNetId: 50409176,FlexNet900,930.5125 MHz,41,901.8375 MHz
51188,true,,KING-135T48,RTM II+,No,FlexNet,Enabled,4110005,No,2026-07-29 09:06:25.267,Normal,2022-07-20 09:09:25.067,2025-09-17 09:50:41.000,No,40.068967,-75.377651,FlexNetId: 50532400,FlexNet900,930.5375 MHz,29,901.8625 MHz
52779,true,,MIDDLETO-133RS1,RTM II+,No,FlexNet,Enabled,4110005,No,2026-07-29 09:20:01.412,Normal,2023-11-20 12:14:04.823,2025-09-17 10:17:02.000,No,39.884602,-75.409762,FlexNetId: 50533574,FlexNet900,930.5125 MHz,41,901.8375 MHz
51813,true,,MIDDLETO-349S1,RTM II+,No,FlexNet,Enabled,4110005,No,2026-07-29 09:13:52.629,Normal,2022-12-08 08:07:36.989,2025-09-17 09:29:18.000,No,39.9447,-75.4833,FlexNetId: 50533003,FlexNet900,930.5125 MHz,25,901.8625 MHz
48155,true,,FLINT-142RM1,RTM II+,No,FlexNet,Enabled,4110005,No,2026-07-29 09:19:59.152,Normal,2020-09-22 09:17:11.398,2025-09-17 10:02:20.000,No,40.103,-75.334,FlexNetId: 50530039,FlexNet900,930.5375 MHz,28,901.8625 MHz
44724,true,,PASSYUNK-132S4,RTM II+,No,FlexNet,Enabled,4110005,No,2026-07-29 09:18:51.659,Normal,2019-02-12 11:17:10.280,2025-09-17 10:10:02.000,No,39.929,-75.178,FlexNetId: 50409685,FlexNet900,930.5375 MHz,42,901.8875 MHz
49447,true,,FLINT-142T781,RTM II+,No,FlexNet,Enabled,4110005,No,2026-07-29 09:16:07.409,Normal,2021-06-18 09:03:17.977,2025-09-17 09:44:59.000,No,40.103,-75.327,FlexNetId: 50531572,FlexNet900,930.5125 MHz,51,901.8375 MHz
41413,true,,BYBERRY-171S1,RTM II+,No,FlexNet,Enabled,4110005,No,2026-07-29 09:17:43.248,Normal,2018-03-26 15:47:22.203,2025-09-17 09:59:39.000,No,40.1327,-74.9743,FlexNetId: 50407614,FlexNet900,930.5125 MHz,28,901.8875 MHz
44180,true,,JARRETT-134RM1,RTM II+,No,FlexNet,Enabled,4110005,No,2026-07-29 09:20:34.307,Normal,2018-12-13 17:09:06.745,2025-09-17 09:46:03.000,No,40.208128,-75.179181,FlexNetId: 50409262,FlexNet900,930.5125 MHz,26,901.8375 MHz
46931,true,,CEDARBRO-138S2,RTM II+,No,FlexNet,Enabled,4110005,No,2026-07-29 09:16:01.532,Normal,2020-01-05 21:03:41.219,2025-09-17 10:16:24.000,No,40.065,-75.181,FlexNetId: 50410619,FlexNet900,930.5125 MHz,23,901.8375 MHz
45101,true,,FOXCHASE-132RS3,RTM II+,No,FlexNet,Enabled,4110005,No,2026-07-29 09:09:37.114,Normal,2019-02-14 09:40:38.586,2025-09-17 10:13:07.000,No,40.068,-75.053,FlexNetId: 50410107,FlexNet900,930.5125 MHz,31,901.8375 MHz
45524,true,,MACDADE-130S2,RTM II+,No,FlexNet,Enabled,4110005,No,2026-07-29 09:07:42.917,Normal,2019-03-06 17:48:44.343,2025-09-17 10:02:20.000,No,39.915,-75.284,FlexNetId: 50410336,FlexNet900,930.5375 MHz,42,901.8875 MHz
45341,true,,NORWALES-346RM2,RTM II+,No,FlexNet,Enabled,4110005,No,2026-07-29 09:15:21.520,Normal,2019-04-03 08:29:49.563,2025-09-17 10:01:56.000,No,40.192717,-75.240655,FlexNetId: 50410020,FlexNet900,930.5125 MHz,20,901.8875 MHz
49198,true,,UPLAND-142S2,RTM II+,No,FlexNet,Enabled,4110005,No,2026-07-29 09:11:55.138,Normal,2021-03-14 09:56:47.704,2025-09-17 10:08:13.000,No,39.988,-75.236,FlexNetId: 50531260,FlexNet900,930.5125 MHz,47,901.8375 MHz
50735,true,,PULASKI-132RMP4,RTM II+,No,FlexNet,Enabled,4110005,No,2026-07-29 09:10:23.743,Normal,2022-04-12 07:23:28.576,2025-09-17 09:44:18.000,No,40.024374,-75.173331,FlexNetId: 50532104,FlexNet900,930.5125 MHz,34,901.8875 MHz
43872,true,,COLWYN-133RM2,RTM II+,No,FlexNet,Enabled,4110005,No,2026-07-29 09:17:33.604,Normal,2018-11-13 10:03:08.430,2025-09-17 09:45:21.000,No,39.928321,-75.25072,FlexNetId: 50409154,FlexNet900,930.5375 MHz,47,901.8375 MHz
49431,true,,HANOVER-002RS1,RTM II+,No,FlexNet,Enabled,4110005,No,2026-07-29 09:20:08.251,Normal,2021-06-10 09:58:57.838,2025-09-17 10:06:13.000,No,40.2415,-75.6525,FlexNetId: 50531525,FlexNet900,930.5125 MHz,45,901.8375 MHz
43193,true,,HARTMAN-353RS3,RTM II+,No,FlexNet,Enabled,4110005,No,2026-07-29 09:19:17.379,Normal,2018-10-02 13:29:16.640,2025-09-17 09:42:27.000,No,40.258668,-75.211921,FlexNetId: 50408329,FlexNet900,930.5375 MHz,36,901.8875 MHz
49454,true,,LUZERNE-003RS1,RTM II+,No,FlexNet,Enabled,4110005,No,2026-07-29 09:20:48.115,Normal,2021-06-18 09:03:16.350,2025-09-17 10:10:02.000,No,40.0078,-75.10378,FlexNetId: 50531566,FlexNet900,930.5125 MHz,30,901.8375 MHz
49250,true,,LINE-3600RM2,RTM II+,No,FlexNet,Enabled,4110005,No,2026-07-29 09:15:50.067,Normal,2021-04-09 08:46:24.002,2025-09-17 10:06:18.000,No,40.1394,-75.5494,FlexNetId: 50531047,FlexNet900,930.5125 MHz,35,901.8375 MHz
50426,true,,ROXBOROU-137RM2,RTM II+,No,FlexNet,Enabled,4110005,No,2026-07-29 09:17:12.787,Normal,2021-12-02 08:41:12.263,2025-09-17 10:00:47.000,No,40.0332,-75.2173,FlexNetId: 50531854,FlexNet900,930.5125 MHz,38,901.8375 MHz
43845,true,,LINE-2613T434,RTM II+,No,FlexNet,Enabled,4110005,No,2026-07-29 09:14:33.199,Normal,2018-11-13 10:02:59.530,2025-09-17 10:01:13.000,No,40.050558,-75.236636,FlexNetId: 50409129,FlexNet900,930.5125 MHz,81,901.8875 MHz
45004,true,,ANGORA-133S4,RTM II+,No,FlexNet,Enabled,4110005,No,2026-07-29 09:18:04.783,Normal,2019-02-14 09:40:56.286,2025-09-17 09:29:15.000,No,39.954,-75.232,FlexNetId: 50409709,FlexNet900,930.5375 MHz,20,901.8625 MHz
45158,true,,CRESCENT-139T472,RTM II+,No,FlexNet,Enabled,4110005,No,2026-07-29 09:16:59.259,Normal,2019-02-19 09:16:26.650,2025-09-17 10:01:59.000,No,40.030419,-75.115363,FlexNetId: 50410093,FlexNet900,930.5125 MHz,42,901.8625 MHz
51814,true,,MORTON-132S2,RTM II+,No,FlexNet,Enabled,4110005,No,2026-07-29 09:18:38.426,Normal,2022-12-12 07:40:08.888,2025-09-17 09:44:16.000,No,39.8946,-75.3408,FlexNetId: 50532910,FlexNet900,930.5125 MHz,29,901.8875 MHz
42700,true,,GLADWYNE-133R2,RTM II+,No,FlexNet,Enabled,4110005,No,2026-07-29 09:17:31.523,Normal,2018-05-03 20:30:47.360,2025-09-17 09:57:03.000,No,40.04938,-75.27373,FlexNetId: 50408379,FlexNet900,930.5125 MHz,34,901.8875 MHz
43156,true,,WARMINST-162RM1,RTM II+,No,FlexNet,Enabled,4110005,No,2026-07-29 09:12:32.185,Normal,2018-10-02 13:29:04.724,2025-09-17 09:49:39.000,No,40.182463,-75.136616,FlexNetId: 50408110,FlexNet900,930.5125 MHz,21,901.8375 MHz
45456,true,,WOODBOUR-361RS4,RTM II+,No,FlexNet,Enabled,4110005,No,2026-07-29 09:15:30.794,Normal,2019-03-06 17:48:19.000,2025-09-17 09:44:39.000,No,40.22,-74.909,FlexNetId: 50410377,FlexNet900,930.5125 MHz,26,901.8875 MHz
45051,true,,LINE-18200T5,RTM II+,No,FlexNet,Enabled,4110005,No,2026-07-29 09:09:38.361,Normal,2019-02-14 09:40:21.660,2025-09-17 09:57:31.000,No,40.054,-75.523,FlexNetId: 50409296,FlexNet900,930.5125 MHz,26,901.8625 MHz
51798,true,,LINE-2409T861,RTM II+,No,FlexNet,Enabled,4110005,No,2026-07-29 09:20:44.206,Normal,2022-11-30 08:11:07.403,2025-09-17 10:13:06.000,No,39.9377,-75.1596,FlexNetId: 50532868,FlexNet900,930.5125 MHz,37,901.8375 MHz
47895,true,,LINTON-343S1,RTM II+,No,FlexNet,Enabled,4110005,No,2026-07-29 09:19:20.508,Normal,2020-08-15 21:32:43.670,2025-09-17 10:00:45.000,No,40.218,-74.944,FlexNetId: 50530160,FlexNet900,930.5125 MHz,32,901.8375 MHz
42923,true,,JENKINTO-147RM2,RTM II+,No,FlexNet,Enabled,4110005,No,2026-07-29 09:19:16.302,Normal,2018-06-21 10:31:12.374,2025-09-17 09:28:57.000,No,40.10989056,-75.13095194,FlexNetId: 50408501,FlexNet900,930.5375 MHz,29,901.8625 MHz
42932,true,,HOLMESBU-141RM1,RTM II+,No,FlexNet,Enabled,4110005,No,2026-07-29 09:18:22.905,Normal,2018-07-17 13:23:38.922,2025-09-17 09:28:57.000,No,40.04074,-75.01463,FlexNetId: 50408221,FlexNet900,930.5125 MHz,37,901.8375 MHz
41320,true,,PLYMOUTH-184RM2,RTM II+,No,FlexNet,Enabled,4110005,No,2026-07-29 09:20:06.233,Normal,2018-03-26 15:46:47.987,2025-09-17 10:20:50.000,No,40.11218,-75.33132,FlexNetId: 50407167,FlexNet900,930.5125 MHz,61,901.8875 MHz
43260,true,,EAGLE-341T106,RTM II+,No,FlexNet,Enabled,4110005,No,2026-07-29 09:14:33.341,Normal,2018-11-27 10:03:31.235,2025-09-17 09:58:14.000,No,40.03838,-75.68462,FlexNetId: 50408698,FlexNet900,930.5125 MHz,24,901.8625 MHz
53616,true,,HARTMAN-353RM7,RTMx,No,FlexNet,Enabled,4110005,No,2026-07-29 09:16:38.657,Normal,2024-08-02 10:41:28.377,2025-09-17 12:32:12.000,No,40.22929,-75.21658,FlexNetId: 50480612,FlexNet900K24,930.5125 MHz,36,901.8375 MHz
46890,true,,LANDENBE-000RS1,RTM II+,No,FlexNet,Enabled,4110005,No,2026-07-29 09:19:58.654,Normal,2020-01-05 21:03:33.633,2025-09-17 09:57:02.000,No,39.782,-75.752,FlexNetId: 50410632,FlexNet900,930.5375 MHz,78,901.8875 MHz
43269,true,,TREDYFFR-141T169,RTM II+,No,FlexNet,Enabled,4110005,No,2026-07-29 09:19:39.902,Normal,2018-11-27 10:03:17.573,2025-09-17 10:00:48.000,No,40.05051,-75.422618,FlexNetId: 50408229,FlexNet900,930.5125 MHz,30,901.8375 MHz
32560,true,,PLANEBRO-359RM2,RTM II+,No,FlexNet,Enabled,4110005,No,2026-07-29 09:06:54.213,Normal,2014-12-02 14:47:54.117,2025-09-17 10:08:52.000,No,39.9965,-75.58,FlexNetId: 50403817,FlexNet900,930.5125 MHz,43,901.8625 MHz
45105,true,,MORTON-132RM3,RTM II+,No,FlexNet,Enabled,4110005,No,2026-07-29 09:11:26.070,Normal,2019-02-14 09:40:40.018,2025-09-17 10:13:06.000,No,39.8881,-75.3414,FlexNetId: 50409997,FlexNet900,930.5125 MHz,34,901.8375 MHz
51123,true,,MOSER-342RS2,RTM II+,No,FlexNet,Enabled,4110005,No,2026-07-29 09:14:18.185,Normal,2022-06-24 09:34:53.759,2025-09-17 09:50:20.000,No,40.2448,-75.5989,FlexNetId: 50532534,FlexNet900,930.5125 MHz,54,901.8875 MHz
41353,true,,FOULK-131RM1,RTM II+,No,FlexNet,Enabled,4110005,No,2026-07-29 09:20:27.938,Normal,2018-03-26 15:46:59.530,2025-09-17 09:28:57.000,No,39.8804,-75.4561,FlexNetId: 50407793,FlexNet900,930.5375 MHz,21,901.8875 MHz
43301,true,,ANGORA-132RM1,RTM II+,No,FlexNet,Enabled,4110005,No,2026-07-29 09:12:52.839,Normal,2018-09-27 13:03:47.840,2025-09-17 10:20:50.000,No,39.9572824,-75.2234432,FlexNetId: 50408711,FlexNet900,930.5375 MHz,31,901.8875 MHz
44342,true,,LINE-13200RM2,RTM II+,No,FlexNet,Enabled,4110005,No,2026-07-29 09:08:42.187,Normal,2019-01-03 17:07:10.649,2025-09-17 09:48:10.000,No,40.151728,-74.965528,FlexNetId: 50409313,FlexNet900,930.5375 MHz,29,901.8875 MHz
46746,true,,PLANEBRO-352RS3,RTM II+,No,FlexNet,Enabled,4110005,No,2026-07-29 09:14:54.885,Normal,2019-12-12 09:46:23.744,2025-09-17 09:54:55.000,No,40.026,-75.627,FlexNetId: 50410672,FlexNet900,930.5375 MHz,22,901.8875 MHz
45203,true,,LINE-2394RM3,RTM II+,No,FlexNet,Enabled,4110005,No,2026-07-29 09:16:23.557,Normal,2019-02-19 09:15:57.817,2025-09-17 10:01:15.000,No,40.05736,-75.000584,FlexNetId: 50409341,FlexNet900,930.5375 MHz,23,901.8875 MHz
42566,true,,WOODBOUR-341RS7,RTM II+,No,FlexNet,Enabled,4110005,No,2026-07-29 09:08:21.869,Normal,2018-04-13 09:02:32.759,2025-09-17 09:42:25.000,No,40.215,-74.868,FlexNetId: 50408550,FlexNet900,930.5125 MHz,28,901.8625 MHz
53715,true,,BRADFORD-346RM3,RTMx,No,FlexNet,Enabled,4110005,No,2026-07-29 09:06:24.885,Normal,2024-08-27 14:51:15.720,2025-09-17 10:17:10.000,No,39.94695,-75.70269,FlexNetId: 50480545,FlexNet900K24,930.5125 MHz,53,901.8375 MHz
46928,true,,BIGOAK-002RS1,RTM II+,No,FlexNet,Enabled,4110005,No,2026-07-29 09:20:20.924,Normal,2020-01-05 21:03:40.634,2025-09-17 10:10:00.000,No,40.2084,-74.8122,FlexNetId: 50530112,FlexNet900,930.5125 MHz,56,901.8375 MHz
52737,true,,LINE-14900T1163,RTM II+,No,FlexNet,Enabled,4110005,No,2026-07-29 09:07:01.117,Normal,2023-11-09 13:25:41.220,2025-09-17 10:17:06.000,No,39.78343,-75.96733,FlexNetId: 50533439,FlexNet900,930.5375 MHz,67,901.8375 MHz
49536,true,,AIRY-133S2,RTM II+,No,FlexNet,Enabled,4110005,No,2026-07-29 09:17:11.917,Normal,2021-07-22 09:38:05.545,2025-09-17 10:04:24.000,No,40.1164,-75.3246,FlexNetId: 50531309,FlexNet900,930.5125 MHz,63,901.8375 MHz
52752,true,,BRADFORD-353S5,RTM II+,No,FlexNet,Enabled,4110005,No,2026-07-29 09:18:09.096,Normal,2023-11-20 12:13:58.680,2025-09-17 09:29:16.000,No,39.96614,-75.61452,FlexNetId: 50533579,FlexNet900,930.5125 MHz,25,901.8375 MHz
44416,true,,CALLOWHI-166T1026,RTM II+,No,FlexNet,Enabled,4110005,No,2026-07-29 09:18:18.220,Normal,2019-01-23 11:37:40.497,2025-09-17 09:49:12.000,No,39.973394,-75.16049,FlexNetId: 50409564,FlexNet900,930.5125 MHz,42,901.8625 MHz
53915,true,,LINE-7800RM1,RTMx,No,FlexNet,Enabled,4110005,No,2026-07-29 09:18:52.044,Normal,2024-09-06 10:53:34.249,2025-09-17 09:33:06.000,No,40.1236,-75.318,FlexNetId: 50480651,FlexNet900K24,930.5375 MHz,51,901.8875 MHz
44315,true,,NORPHILA-135RM3,RTM II+,No,FlexNet,Enabled,4110005,No,2026-07-29 09:20:45.970,Normal,2019-01-03 17:07:31.776,2025-09-17 09:30:17.000,No,39.99658,-75.13882,FlexNetId: 50409273,FlexNet900,930.5125 MHz,65,901.8375 MHz
44196,true,,LINE-9600R1,RTM II+,No,FlexNet,Enabled,4110005,No,2026-07-29 09:19:30.746,Normal,2018-12-13 17:09:12.292,2025-09-17 09:46:02.000,No,40.14613,-75.288777,FlexNetId: 50409320,FlexNet900,930.5375 MHz,34,901.8875 MHz
47759,true,,NORWALES-342RS3,RTM II+,No,FlexNet,Enabled,4110005,No,2026-07-29 09:20:00.519,Normal,2020-08-13 09:23:41.273,2025-09-17 09:54:56.000,No,40.2514,-75.3118,FlexNetId: 50530567,FlexNet900,930.5125 MHz,21,901.8375 MHz
41362,true,,NORWALES-353RM3,RTM II+,No,FlexNet,Enabled,4110005,No,2026-07-29 09:14:52.445,Normal,2018-03-26 15:47:03.307,2025-09-17 09:43:38.000,No,40.14974179,-75.30999615,FlexNetId: 50407909,FlexNet900,930.5125 MHz,27,901.8375 MHz
47750,true,,SECANE-003RS2,RTM II+,No,FlexNet,Enabled,4110005,No,2026-07-29 09:16:22.067,Normal,2020-08-13 09:23:39.479,2025-09-17 10:05:08.000,No,39.931,-75.3048,FlexNetId: 50530536,FlexNet900,930.5125 MHz,44,901.8625 MHz
49433,true,,NOLAN-004RS1,RTM II+,No,FlexNet,Enabled,4110005,No,2026-07-29 09:20:30.933,Normal,2021-06-10 09:51:04.814,2025-09-17 10:06:13.000,No,40.2162,-74.7883,FlexNetId: 50531331,FlexNet900,930.5125 MHz,37,901.8375 MHz
54195,true,,TREDYFFR-141RM2,RTMx,No,FlexNet,Enabled,4110005,No,2026-07-29 09:06:57.340,Normal,2024-10-17 09:54:31.735,2025-09-17 12:33:20.000,No,40.0477,-75.4501,FlexNetId: 50480871,FlexNet900K24,930.5125 MHz,64,901.8375 MHz
51205,true,,MORTON-142RM1,RTM II+,No,FlexNet,Enabled,4110005,No,2026-07-29 09:17:48.350,Normal,2022-07-20 09:09:27.610,2025-09-17 09:43:58.000,No,39.8952,-75.3554,FlexNetId: 50532496,FlexNet900,930.5375 MHz,16,901.8375 MHz
47698,true,,BRADFORD-341T328,RTM II+,No,FlexNet,Enabled,4110005,No,2026-07-29 09:18:05.897,Normal,2020-08-15 21:35:21.498,2025-09-17 09:55:20.000,No,40.004791,-75.699677,FlexNetId: 50530818,FlexNet900,930.5125 MHz,82,901.8875 MHz
48756,true,,ROYERSFO-001RS1,RTM II+,No,FlexNet,Enabled,4110005,No,2026-07-29 09:19:30.958,Normal,2020-12-02 10:01:24.659,2025-09-17 10:06:15.000,No,40.186384,-75.537817,FlexNetId: 50530812,FlexNet900,930.5375 MHz,54,901.8625 MHz
51922,true,,CLAY-352RS1,RTM II+,No,FlexNet,Enabled,4110005,No,2026-07-29 09:10:30.101,Normal,2023-02-24 09:00:26.083,2025-09-17 10:20:50.000,No,39.78121,-75.75916,FlexNetId: 50531949,FlexNet900,930.5375 MHz,55,901.8375 MHz
43890,true,,GOSHEN-352T201,RTM II+,No,FlexNet,Enabled,4110005,No,2026-07-29 09:11:03.945,Normal,2018-11-13 10:03:19.806,2025-09-17 09:45:44.000,No,39.932742,-75.525387,FlexNetId: 50409151,FlexNet900,930.5125 MHz,21,901.8625 MHz
48282,true,,LINE-2474T855,RTM II+,No,FlexNet,Enabled,4110005,No,2026-07-29 09:12:10.292,Normal,2020-09-25 11:34:13.008,2025-09-17 10:00:26.000,No,39.939,-75.18,FlexNetId: 50530345,FlexNet900,930.5125 MHz,38,901.8625 MHz
45397,true,,PLYMOUTH-141RM1,RTM II+,No,FlexNet,Enabled,4110005,No,2026-07-29 09:19:15.052,Normal,2019-04-03 08:30:12.831,2025-09-17 10:04:29.000,No,40.086953,-75.305675,FlexNetId: 50410055,FlexNet900,930.5125 MHz,40,901.8375 MHz
30637,true,,CONCORD-351RM4,RTM II+,No,FlexNet,Enabled,4110005,No,2026-07-29 09:18:35.147,Normal,2014-08-26 13:38:39.957,2025-09-17 10:00:01.000,No,39.90546,-75.53758,FlexNetId: 50402591,FlexNet900,930.5125 MHz,35,901.8625 MHz
51828,true,,NEWLINVI-353RM1,RTM II+,No,FlexNet,Enabled,4110005,No,2026-07-29 09:15:37.779,Normal,2022-12-15 07:27:55.247,2025-09-17 09:49:41.000,No,40.0171,-75.72096,FlexNetId: 50532894,FlexNet900,930.5125 MHz,46,901.8375 MHz
53494,true,,PARRISH-135T292,RTM II+,No,FlexNet,Enabled,4110005,No,2026-07-29 09:20:19.843,Normal,2024-06-07 13:16:42.010,2025-09-17 10:17:04.000,No,39.968,-75.24,FlexNetId: 50534087,FlexNet900,930.5125 MHz,30,901.8375 MHz
42073,true,,WARMINST-131RM2,RTM II+,No,FlexNet,Enabled,4110005,No,2026-07-29 09:15:29.641,Normal,2018-03-26 15:47:31.863,2025-09-17 09:28:57.000,No,40.191484,-75.088638,FlexNetId: 50408431,FlexNet900,930.5375 MHz,17,901.8625 MHz
54093,true,,HARTMAN-353T1266,RTMx,No,FlexNet,Enabled,4110005,No,2026-07-29 09:11:39.501,Normal,2024-10-17 10:05:37.436,2025-09-17 09:33:30.000,No,40.261758,-75.1972931,FlexNetId: 50480526,FlexNet900K24,930.5375 MHz,73,901.8375 MHz
42061,true,,LINE-2781RM2,RTM II+,No,FlexNet,Enabled,4110005,No,2026-07-29 09:20:10.165,Normal,2018-04-13 09:39:42.385,2025-09-17 09:50:59.000,No,39.9191007,-75.2265814,FlexNetId: 50408426,FlexNet900,930.5375 MHz,52,901.8875 MHz
43945,true,,PERKIOME-341T294,RTM II+,No,FlexNet,Enabled,4110005,No,2026-07-29 09:14:34.658,Normal,2018-11-12 10:54:37.708,2025-09-17 09:42:28.000,No,40.270324,-75.471191,FlexNetId: 50409135,FlexNet900,930.5125 MHz,20,901.8875 MHz
45462,true,,UPPERDAR-140RM2,RTM II+,No,FlexNet,Enabled,4110005,No,2026-07-29 09:20:26.902,Normal,2019-03-06 17:48:19.627,2025-09-17 10:13:00.000,No,39.9424,-75.2709,FlexNetId: 50410271,FlexNet900,930.5125 MHz,40,901.8875 MHz
49173,true,,PARRISH-132SD1,RTM II+,No,FlexNet,Enabled,4110005,No,2026-07-29 09:19:04.590,Normal,2021-03-14 09:56:46.745,2025-09-17 09:59:20.000,No,39.96531,-75.19075,FlexNetId: 50530962,FlexNet900,930.5375 MHz,39,901.8375 MHz
45347,true,,EDDYSTON-138T490,RTM II+,No,FlexNet,Enabled,4110005,No,2026-07-29 09:08:38.330,Normal,2019-04-03 08:29:51.537,2025-09-17 10:01:56.000,No,39.869266,-75.281976,FlexNetId: 50410129,FlexNet900,930.5125 MHz,59,901.8875 MHz
53906,true,,NESHAMIN-165RM1,RTMx,No,FlexNet,Enabled,4110005,No,2026-07-29 09:14:39.988,Normal,2024-09-06 10:53:32.970,2025-09-17 09:33:05.000,No,40.1146,-74.8992,FlexNetId: 50480588,FlexNet900K24,930.5125 MHz,35,901.8375 MHz
52312,true,,BELLEVUE-133S1,RTM II+,No,FlexNet,Enabled,4110005,No,2026-07-29 09:10:47.182,Normal,2023-08-11 08:02:54.770,2025-09-17 09:28:32.000,No,40.1748,-74.9222,FlexNetId: 50533419,FlexNet900,930.5125 MHz,25,901.8375 MHz
43286,true,,WAYNE-132RM1,RTM II+,No,FlexNet,Enabled,4110005,No,2026-07-29 09:20:35.741,Normal,2018-11-29 10:46:28.800,2025-09-17 09:30:18.000,No,40.044414,-75.407308,FlexNetId: 50408843,FlexNet900,930.5375 MHz,26,901.8625 MHz
42997,true,,FALLS-351T1267,RTM II+,No,FlexNet,Enabled,4110005,No,2026-07-29 09:20:13.964,Normal,2018-07-17 13:23:05.622,2025-09-17 09:28:13.000,No,40.22125,-75.8416,FlexNetId: 50408361,FlexNet900,930.5125 MHz,46,901.8875 MHz
52745,true,,UPLAND-141S2,RTM II+,No,FlexNet,Enabled,4110005,No,2026-07-29 09:16:47.561,Normal,2023-11-20 12:13:56.480,2025-09-17 10:17:09.000,No,39.96935,-75.24133,FlexNetId: 50533611,FlexNet900,930.5125 MHz,36,901.8375 MHz
44615,true,,LINE-1098RM1,RTM II+,No,FlexNet,Enabled,4110005,No,2026-07-29 09:17:40.277,Normal,2019-02-12 11:16:19.610,2025-09-17 10:04:23.000,No,39.98825,-75.17674,FlexNetId: 50409723,FlexNet900,930.5125 MHz,36,901.8625 MHz
43616,true,,LINE-12900T271,RTM II+,No,FlexNet,Enabled,4110005,No,2026-07-29 09:12:56.822,Normal,2018-10-05 14:49:23.797,2025-09-17 09:42:25.000,No,40.1965305,-74.8678437,FlexNetId: 50408729,FlexNet900,930.5125 MHz,34,901.8375 MHz
52879,true,,LINE-9600S1,RTM II+,No,FlexNet,Enabled,4110005,No,2026-07-29 09:06:47.225,Normal,2023-12-11 09:22:29.866,2025-09-17 10:17:09.000,No,40.13869,-75.29038,FlexNetId: 50533247,FlexNet900,930.5125 MHz,24,901.8375 MHz
41322,true,,BALA-133T320,RTM II+,No,FlexNet,Enabled,4110005,No,2026-07-29 09:16:28.072,Normal,2018-03-26 15:46:48.706,2025-09-17 09:50:40.000,No,40.004525,-75.24215,FlexNetId: 50407787,FlexNet900,930.5375 MHz,29,901.8625 MHz
53706,true,,UPPERDAR-132RM1,RTMx,No,FlexNet,Enabled,4110005,No,2026-07-29 09:07:26.589,Normal,2024-08-27 14:47:33.634,2025-09-17 10:17:11.000,No,39.95462,-75.274511,FlexNetId: 50480502,FlexNet900K24,930.5125 MHz,29,901.8375 MHz
44596,true,,CRESCENT-135T484,RTM II+,No,FlexNet,Enabled,4110005,No,2026-07-29 09:19:01.798,Normal,2019-02-12 11:16:10.838,2025-09-17 10:08:10.000,No,40.025,-75.08,FlexNetId: 50409793,FlexNet900,930.5375 MHz,31,901.8375 MHz
45428,true,,LINE-14500R1,RTM II+,No,FlexNet,Enabled,4110005,No,2026-07-29 09:11:30.419,Normal,2019-04-03 08:30:24.737,2025-09-17 09:49:57.000,No,40.0435,-75.4482,FlexNetId: 50410438,FlexNet900,930.5125 MHz,74,901.8375 MHz
42105,true,,WARRINGT-341R1,RTM II+,No,FlexNet,Enabled,4110005,No,2026-07-29 09:06:19.005,Normal,2018-03-26 15:47:45.963,2025-09-17 09:59:42.000,No,40.265351,-75.15625,FlexNetId: 50408525,FlexNet900,930.5375 MHz,18,901.8875 MHz
43006,true,,NOLAN-003RS1,RTM II+,No,FlexNet,Enabled,4110005,No,2026-07-29 09:20:52.825,Normal,2020-01-17 10:40:27.213,2025-09-17 09:45:18.000,No,40.2034,-74.7979,FlexNetId: 50408090,FlexNet900,930.5125 MHz,56,901.8625 MHz
54197,true,,CALLOWHI-138T72,RTMx,No,FlexNet,Enabled,4110005,No,2026-07-29 09:19:44.552,Normal,2024-10-17 09:54:31.955,2025-09-17 12:33:21.000,No,39.9724841,-75.1691813,FlexNetId: 50480924,FlexNet900K24,930.5125 MHz,36,901.8375 MHz
43007,true,,LLANERCH-147S1,RTM II+,No,FlexNet,Enabled,4110005,No,2026-07-29 09:06:24.625,Normal,2018-07-17 13:23:09.225,2025-09-17 09:45:22.000,No,39.941666,-75.283629,FlexNetId: 50408085,FlexNet900,930.5375 MHz,42,901.8625 MHz
50450,true,,RICHMOND-143S3,RTM II+,No,FlexNet,Enabled,4110005,No,2026-07-29 09:13:24.781,Normal,2021-12-07 09:19:46.431,2025-09-17 09:59:42.000,No,40.0147,-75.071,FlexNetId: 50531829,FlexNet900,930.5125 MHz,26,901.8375 MHz
43938,true,,TREDYFFR-131RM1,RTM II+,No,FlexNet,Enabled,4110005,No,2026-07-29 09:10:10.287,Normal,2018-11-30 14:59:42.769,2025-09-17 09:45:20.000,No,40.045573,-75.452163,FlexNetId: 50409078,FlexNet900,930.5125 MHz,57,901.8625 MHz
51891,true,,LINE-3334R1,RTM II+,No,FlexNet,Enabled,4110005,No,2026-07-29 09:20:02.049,Normal,2023-02-13 06:02:36.292,2025-09-17 10:20:50.000,No,39.9293,-75.29,FlexNetId: 50532932,FlexNet900,930.5125 MHz,38,901.8375 MHz
41333,true,,WARRINGT-343R2,RTM II+,No,FlexNet,Enabled,4110005,No,2026-07-29 09:16:59.222,Normal,2018-03-26 15:46:52.011,2025-09-17 09:41:26.000,No,40.263502,-75.10487,FlexNetId: 50407440,FlexNet900,930.5125 MHz,37,901.8875 MHz
48809,true,,PLYMOUTH-164S1,RTM II+,No,FlexNet,Enabled,4110005,No,2026-07-29 09:08:43.104,Normal,2020-12-03 12:46:27.283,2025-09-17 10:05:09.000,No,40.12801,-75.3,FlexNetId: 50530951,FlexNet900,930.5125 MHz,16,901.8375 MHz
51229,true,,BLUEGRAS-138T1008,RTM II+,No,FlexNet,Enabled,4110005,No,2026-07-29 09:09:36.736,Normal,2022-08-03 07:56:31.102,2025-09-17 09:51:00.000,No,40.1067,-75.0299,FlexNetId: 50532539,FlexNet900,930.5125 MHz,28,901.8875 MHz
43622,true,,LINTON-341R1,RTM II+,No,FlexNet,Enabled,4110005,No,2026-07-29 09:06:49.556,Normal,2018-10-05 14:49:10.562,2025-09-17 09:41:26.000,No,40.2523,-74.8969,FlexNetId: 50408725,FlexNet900,930.5125 MHz,18,901.8875 MHz
43733,true,,BUCKINGH-352S1,RTM II+,No,FlexNet,Enabled,4110005,No,2026-07-29 09:14:38.744,Normal,2018-09-18 16:13:42.000,2025-09-17 09:43:59.000,No,40.319186,-75.127413,FlexNetId: 50408977,FlexNet900,930.5375 MHz,42,901.8625 MHz
51925,true,,LINE-3336S1,RTM II+,No,FlexNet,Enabled,4110005,No,2026-07-29 09:20:31.350,Normal,2023-02-24 09:00:26.709,2025-09-17 09:50:01.000,No,39.9112551,-75.3856601,FlexNetId: 50531947,FlexNet900,930.5125 MHz,30,901.8375 MHz
43667,true,,PLYMOUTH-136T181,RTM II+,No,FlexNet,Enabled,4110005,No,2026-07-29 09:09:13.019,Normal,2018-10-30 14:17:00.194,2025-09-17 09:46:02.000,No,40.115864,-75.265912,FlexNetId: 50408910,FlexNet900,930.5375 MHz,18,901.8875 MHz
42934,true,,CRESCENT-137T322,RTM II+,No,FlexNet,Enabled,4110005,No,2026-07-29 09:13:25.848,Normal,2018-07-17 13:22:44.006,2025-09-17 09:28:57.000,No,40.04298,-75.10079,FlexNetId: 50408223,FlexNet900,930.5375 MHz,47,901.8625 MHz
43223,true,,PLANEBRO-342RM2,RTM II+,No,FlexNet,Enabled,4110005,No,2026-07-29 09:19:20.932,Normal,2019-02-09 14:37:29.095,2025-09-17 09:49:14.000,No,40.060502,-75.647513,FlexNetId: 50408293,FlexNet900,930.5375 MHz,80,901.8875 MHz
47212,true,,PULASKI-134S2,RTM II+,No,FlexNet,Enabled,4110005,No,2026-07-29 09:20:26.304,Normal,2020-02-25 09:05:54.708,2025-09-17 09:44:40.000,No,40.061,-75.154,FlexNetId: 50530845,FlexNet900,930.5125 MHz,28,901.8875 MHz
50884,true,,FLINT-144RM2,RTM II+,No,FlexNet,Enabled,4110005,No,2026-07-29 09:19:51.084,Normal,2022-06-23 10:26:06.700,2025-09-17 09:50:39.000,No,40.0554,-75.3037,FlexNetId: 50532166,FlexNet900,930.5125 MHz,19,901.8375 MHz
50478,true,,PASSYUNK-137S3,RTM II+,No,FlexNet,Enabled,4110005,No,2026-07-29 09:12:16.809,Normal,2021-12-13 09:55:44.725,2025-09-17 09:59:42.000,No,39.926,-75.162,FlexNetId: 50531646,FlexNet900,930.5125 MHz,30,901.8375 MHz
44645,true,,LINE-18200R1,RTM II+,No,FlexNet,Enabled,4110005,No,2026-07-29 09:17:28.981,Normal,2019-02-12 11:16:33.539,2025-09-17 10:04:27.000,No,40.047683,-75.524153,FlexNetId: 50409791,FlexNet900,930.5125 MHz,27,901.8625 MHz
43871,true,,NORWALES-351R1,RTM II+,No,FlexNet,Enabled,4110005,No,2026-07-29 09:07:24.913,Normal,2018-11-13 10:03:08.094,2025-09-17 09:45:21.000,No,40.2173,-75.2445,FlexNetId: 50409030,FlexNet900,930.5375 MHz,38,901.8875 MHz
47001,true,,HARTMAN-353RM5,RTM II+,No,FlexNet,Enabled,4110005,No,2026-07-29 09:11:38.692,Normal,2020-01-05 21:03:51.907,2025-09-17 09:59:20.000,No,40.265,-75.207,FlexNetId: 50530144,FlexNet900,930.5375 MHz,60,901.8375 MHz
51839,true,,LINE-2284T719,RTM II+,No,FlexNet,Enabled,4110005,No,2026-07-29 09:07:11.819,Normal,2023-01-12 09:19:27.648,2025-09-17 09:49:41.000,No,39.94305,-75.15246,FlexNetId: 50532920,FlexNet900,930.5125 MHz,13,901.8375 MHz
40354,true,,MORTON-141T15,RTM II+,No,FlexNet,Enabled,4110005,No,2026-07-29 09:06:33.812,Normal,2018-03-26 15:46:37.516,2025-09-17 09:28:59.000,No,39.884,-75.3471,FlexNetId: 50407005,FlexNet900,930.5125 MHz,67,901.8875 MHz
45401,true,,CRESCENT-132RM2,RTM II+,No,FlexNet,Enabled,4110005,No,2026-07-29 09:15:36.061,Normal,2019-04-03 08:30:14.402,2025-09-17 10:13:12.000,No,40.029,-75.081,FlexNetId: 50410151,FlexNet900,930.5125 MHz,34,901.8375 MHz
44664,true,,UPLAND-141RM1,RTM II+,No,FlexNet,Enabled,4110005,No,2026-07-29 09:07:32.448,Normal,2019-02-12 11:16:42.367,2025-09-17 09:56:06.000,No,39.97511,-75.239977,FlexNetId: 50409904,FlexNet900,930.5375 MHz,39,901.8375 MHz
50432,true,,PARRISH-141RM1,RTM II+,No,FlexNet,Enabled,4110005,No,2026-07-29 09:18:05.986,Normal,2021-12-02 08:41:10.931,2025-09-17 09:51:49.000,No,39.9629,-75.2073,FlexNetId: 50531893,FlexNet900,930.5125 MHz,32,901.8375 MHz
43916,true,,CROYDON-143RM1,RTM II+,No,FlexNet,Enabled,4110005,No,2026-07-29 09:20:34.050,Normal,2019-01-04 09:35:39.550,2025-09-17 09:45:43.000,No,40.089484,-74.896253,FlexNetId: 50409136,FlexNet900,930.5375 MHz,19,901.8875 MHz
47741,true,,MACDADE-139T488,RTM II+,No,FlexNet,Enabled,4110005,No,2026-07-29 09:18:49.857,Normal,2020-08-13 09:23:42.511,2025-09-17 10:05:20.000,No,39.926,-75.281,FlexNetId: 50530651,FlexNet900,930.5125 MHz,26,901.8625 MHz
49188,true,,BRYNMAWR-142T187,RTM II+,No,FlexNet,Enabled,4110005,No,2026-07-29 09:08:19.773,Normal,2021-03-14 09:56:49.795,2025-09-17 10:08:47.000,No,40.009408,-75.278037,FlexNetId: 50531241,FlexNet900,930.5375 MHz,35,901.8625 MHz
48290,true,,ELLWOOD-003RS3,RTM II+,No,FlexNet,Enabled,4110005,No,2026-07-29 09:20:27.980,Normal,2020-09-25 11:34:14.610,2025-09-17 10:05:16.000,No,40.1077,-74.8552,FlexNetId: 50530407,FlexNet900,930.5125 MHz,38,901.8625 MHz
44357,true,,LINE-2022RM1,RTM II+,No,FlexNet,Enabled,4110005,No,2026-07-29 09:15:13.896,Normal,2019-01-03 17:07:15.703,2025-09-17 09:37:49.000,No,39.911115,-75.188902,FlexNetId: 50409311,FlexNet900,930.5375 MHz,42,901.8625 MHz
44350,true,,BRADFORD-342T68,RTM II+,No,FlexNet,Enabled,4110005,No,2026-07-29 09:18:35.113,Normal,2019-01-03 17:07:13.352,2025-09-17 09:49:13.000,No,39.965085,-75.728229,FlexNetId: 50409463,FlexNet900,930.5125 MHz,30,901.8625 MHz
42339,true,,CLAY-353T1258,RTM II+,No,FlexNet,Enabled,4110005,No,2026-07-29 09:09:45.064,Normal,2019-08-19 13:41:50.100,2025-09-17 09:30:42.000,No,39.789655,-75.920749,FlexNetId: 50408493,FlexNet900,930.5125 MHz,26,901.8875 MHz
31217,true,,MOSER-364S1,RTM II+,No,FlexNet,Enabled,4110005,No,2026-07-29 09:20:53.979,Normal,2014-07-16 23:46:06.427,2025-09-17 10:20:50.000,No,40.219087,-75.633285,FlexNetId: 50402882,FlexNet900,930.5375 MHz,14,901.8625 MHz
47217,true,,LINE-2621RMP2,RTM II+,No,FlexNet,Enabled,4110005,No,2026-07-29 09:19:20.441,Normal,2020-02-25 09:05:55.498,2025-09-17 09:55:19.000,No,40.076,-75.073,FlexNetId: 50530621,FlexNet900,930.5125 MHz,37,901.8875 MHz
42768,true,,NEWLINVI-352RM3,RTM II+,No,FlexNet,Enabled,4110005,No,2026-07-29 09:20:31.232,Normal,2018-05-11 12:14:10.057,2025-09-17 10:20:50.000,No,40.00315229,-75.82118586,FlexNetId: 50408041,FlexNet900,930.5125 MHz,28,901.8625 MHz
52292,true,,NESHAMIN-141T1158,RTM II+,No,FlexNet,Enabled,4110005,No,2026-07-29 09:14:28.544,Normal,2023-08-11 08:02:52.467,2025-09-17 09:29:42.000,No,40.12414,-74.90404,FlexNetId: 50533417,FlexNet900,930.5125 MHz,22,901.8375 MHz
45067,true,,PASSYUNK-139RM2,RTM II+,No,FlexNet,Enabled,4110005,No,2026-07-29 09:19:13.030,Normal,2019-02-14 09:40:27.374,2025-09-17 10:08:41.000,No,39.921,-75.172,FlexNetId: 50409378,FlexNet900,930.5375 MHz,38,901.8875 MHz
47824,true,,ELMWOOD-134S2,RTM II+,No,FlexNet,Enabled,4110005,No,2026-07-29 09:14:41.524,Normal,2020-07-27 08:25:44.550,2025-09-17 10:02:17.000,No,39.93515,-75.22342,FlexNetId: 50530533,FlexNet900,930.5125 MHz,46,901.8375 MHz
45910,true,,PULASKI-135RS4,RTM II+,No,FlexNet,Enabled,4110005,No,2026-07-29 09:20:52.344,Normal,2019-06-04 09:36:49.511,2025-09-17 10:08:11.000,No,40.045,-75.177,FlexNetId: 50410913,FlexNet900,930.5375 MHz,18,901.8625 MHz
43016,true,,COOPER-354RM3,RTM II+,No,FlexNet,Enabled,4110005,No,2026-07-29 09:20:13.894,Normal,2018-07-17 13:23:12.234,2025-09-17 09:44:37.000,No,39.774075,-76.337412,FlexNetId: 50408086,FlexNet900,930.5125 MHz,50,901.8375 MHz
52839,true,,LINE-2682T834,RTM II+,No,FlexNet,Enabled,4110005,No,2026-07-29 09:08:55.306,Normal,2023-12-11 09:22:19.477,2025-09-17 10:17:07.000,No,39.96232,-75.20819,FlexNetId: 50533106,FlexNet900,930.5125 MHz,28,901.8375 MHz
50475,true,,LINE-2787S3,RTM II+,No,FlexNet,Enabled,4110005,No,2026-07-29 09:18:54.205,Normal,2021-12-13 09:53:22.223,2025-09-17 09:45:01.000,No,39.9459,-75.2086,FlexNetId: 50531658,FlexNet900,930.5125 MHz,32,901.8375 MHz
43201,true,,PERKIOME-343R3,RTM II+,No,FlexNet,Enabled,4110005,No,2026-07-29 09:19:07.914,Normal,2018-11-12 11:56:39.615,2025-09-17 09:43:37.000,No,40.235827,-75.535174,FlexNetId: 50408294,FlexNet900,930.5125 MHz,48,901.8625 MHz
51124,true,,PASSYUNK-136RM1,RTM II+,No,FlexNet,Enabled,4110005,No,2026-07-29 09:18:27.777,Normal,2022-06-24 09:34:53.908,2025-09-17 09:29:39.000,No,39.926964,-75.170582,FlexNetId: 50532597,FlexNet900,930.5125 MHz,39,901.8375 MHz
45179,true,,LINE-2377RS2,RTM II+,No,FlexNet,Enabled,4110005,No,2026-07-29 09:19:37.864,Normal,2019-02-19 09:15:49.338,2025-09-17 09:45:02.000,No,40.033,-75.09,FlexNetId: 50409333,FlexNet900,930.5375 MHz,22,901.8625 MHz
44401,true,,ELLIS-001R1,RTM II+,No,FlexNet,Enabled,4110005,No,2026-07-29 09:19:33.648,Normal,2019-02-07 15:34:09.090,2025-09-17 09:57:53.000,No,39.96325,-75.5447,FlexNetId: 50409520,FlexNet900,930.5125 MHz,41,901.8875 MHz
43147,true,,LINE-10600T179,RTM II+,No,FlexNet,Enabled,4110005,No,2026-07-29 09:15:53.152,Normal,2018-10-02 13:29:01.888,2025-09-17 09:48:07.000,No,40.201808,-75.093557,FlexNetId: 50408197,FlexNet900,930.5375 MHz,36,901.8875 MHz
46960,true,,HARTMAN-353RS4,RTM II+,No,FlexNet,Enabled,4110005,No,2026-07-29 09:20:33.122,Normal,2020-01-05 21:03:48.262,2025-09-17 10:08:10.000,No,40.253,-75.219,FlexNetId: 50530161,FlexNet900,930.5125 MHz,29,901.8375 MHz
44170,true,,LINE-8100RM1,RTM II+,No,FlexNet,Enabled,4110005,No,2026-07-29 09:15:21.058,Normal,2018-12-13 17:09:19.702,2025-09-17 09:45:43.000,No,40.1507,-75.2207,FlexNetId: 50409315,FlexNet900,930.5375 MHz,76,901.8625 MHz
43820,true,,NORWALES-351S1,RTM II+,No,FlexNet,Enabled,4110005,No,2026-07-29 09:19:54.506,Normal,2018-11-12 15:25:08.763,2025-09-17 09:42:28.000,No,40.209494,-75.231601,FlexNetId: 50409221,FlexNet900,930.5125 MHz,41,901.8625 MHz
47818,true,,LLANERCH-131T724,RTM II+,No,FlexNet,Enabled,4110005,No,2026-07-29 09:08:31.985,Normal,2020-08-15 21:30:28.779,2025-09-17 10:05:17.000,No,39.9836,-75.3,FlexNetId: 50530545,FlexNet900,930.5125 MHz,43,901.8375 MHz
48835,true,,BUCKINGH-346T693,RTM II+,No,FlexNet,Enabled,4110005,No,2026-07-29 09:16:33.096,Normal,2020-12-03 12:46:56.616,2025-09-17 10:16:24.000,No,40.389,-75.175,FlexNetId: 50530893,FlexNet900,930.5125 MHz,60,901.8625 MHz
48296,true,,PENCOYD-131RS3,RTM II+,No,FlexNet,Enabled,4110005,No,2026-07-29 09:19:12.949,Normal,2020-09-25 11:34:15.204,2025-09-17 09:59:23.000,No,40.0275,-75.2071,FlexNetId: 50530087,FlexNet900,930.5125 MHz,35,901.8375 MHz
49111,true,,MARKLEY-004RS1,RTM II+,No,FlexNet,Enabled,4110005,No,2026-07-29 09:20:14.088,Normal,2021-03-01 10:28:29.084,2025-09-17 10:06:11.000,No,40.1282,-75.3385,FlexNetId: 50531132,FlexNet900,930.5125 MHz,60,901.8375 MHz
30235,true,,NORWALES-372S1,RTM II+,No,FlexNet,Enabled,4110005,No,2026-07-29 09:20:26.894,Normal,2014-07-23 10:46:57.577,2025-09-17 09:58:14.000,No,40.190455,-75.295883,FlexNetId: 50402108,FlexNet900,930.5125 MHz,17,901.8875 MHz
45328,true,,MACDADE-142T504,RTM II+,No,FlexNet,Enabled,4110005,No,2026-07-29 09:10:55.799,Normal,2019-04-02 09:04:54.281,2025-09-17 10:01:56.000,No,39.89942599,-75.31385499,FlexNetId: 50410123,FlexNet900,930.5125 MHz,34,901.8375 MHz
51911,true,,LLANERCH-161RM1,RTM II+,No,FlexNet,Enabled,4110005,No,2026-07-29 09:15:34.324,Normal,2023-02-20 07:48:36.106,2025-09-17 10:20:50.000,No,39.9914,-75.3277,FlexNetId: 50531966,FlexNet900,930.5125 MHz,45,901.8375 MHz
45550,true,,TABOR-131RS2,RTM II+,No,FlexNet,Enabled,4110005,No,2026-07-29 09:09:15.288,Normal,2019-03-06 17:48:54.753,2025-09-17 10:10:02.000,No,40.044,-75.154,FlexNetId: 50410287,FlexNet900,930.5125 MHz,36,901.8375 MHz
49437,true,,HEATON-139RS3,RTM II+,No,FlexNet,Enabled,4110005,No,2026-07-29 09:20:44.801,Normal,2021-06-10 09:52:55.969,2025-09-17 09:57:04.000,No,40.1703,-75.0985,FlexNetId: 50531564,FlexNet900,930.5375 MHz,27,901.8375 MHz
41364,true,,BUCKINGH-344S1,RTM II+,No,FlexNet,Enabled,4110005,No,2026-07-29 09:09:58.788,Normal,2018-03-26 15:47:04.131,2025-09-17 09:28:34.000,No,40.305216,-75.130396,FlexNetId: 50407583,FlexNet900,930.5125 MHz,71,901.8375 MHz
44336,true,,LINE-18500RM1,RTM II+,No,FlexNet,Enabled,4110005,No,2026-07-29 09:17:12.353,Normal,2019-01-03 17:07:08.584,2025-09-17 09:48:06.000,No,40.178386,-74.905101,FlexNetId: 50409570,FlexNet900,930.5375 MHz,32,901.8625 MHz
50734,true,,PULASKI-014RS2,RTM II+,No,FlexNet,Enabled,4110005,No,2026-07-29 09:17:45.625,Normal,2022-04-12 07:23:29.052,2025-09-17 10:00:28.000,No,40.036,-75.193,FlexNetId: 50531940,FlexNet900,930.5125 MHz,17,901.8875 MHz
50472,true,,PASSYUNK-137S2,RTM II+,No,FlexNet,Enabled,4110005,No,2026-07-29 09:12:12.956,Normal,2021-12-14 08:31:09.004,2025-09-17 10:00:00.000,No,39.924,-75.164,FlexNetId: 50531725,FlexNet900,930.5125 MHz,45,901.8875 MHz
43863,true,,PERKIOME-353RM2,RTM II+,No,FlexNet,Enabled,4110005,No,2026-07-29 09:18:29.566,Normal,2018-11-13 10:03:05.525,2025-09-17 09:30:19.000,No,40.2416,-75.4734,FlexNetId: 50409141,FlexNet900,930.5125 MHz,39,901.8875 MHz
43158,true,,HOLMESBU-145RM1,RTM II+,No,FlexNet,Enabled,4110005,No,2026-07-29 09:08:53.869,Normal,2018-10-02 13:29:05.371,2025-09-17 09:44:59.000,No,40.04335,-75.0262,FlexNetId: 50408119,FlexNet900,930.5375 MHz,14,901.8875 MHz
45546,true,,PASSYUNK-141S4,RTM II+,No,FlexNet,Enabled,4110005,No,2026-07-29 09:13:30.005,Normal,2019-03-06 17:48:53.323,2025-09-17 10:09:58.000,No,39.929,-75.155,FlexNetId: 50410338,FlexNet900,930.5375 MHz,35,901.8375 MHz
48778,true,,TUNA-146S1,RTM II+,No,FlexNet,Enabled,4110005,No,2026-07-29 09:14:26.847,Normal,2020-12-04 15:04:48.127,2025-09-17 10:06:09.000,No,39.979,-75.131,FlexNetId: 50530900,FlexNet900,930.5125 MHz,29,901.8375 MHz
42063,true,,LLANERCH-136T188,RTM II+,No,FlexNet,Enabled,4110005,No,2026-07-29 09:13:50.138,Normal,2018-04-13 09:39:43.012,2025-09-17 09:50:40.000,No,39.9695,-75.3204,FlexNetId: 50408515,FlexNet900,930.5375 MHz,17,901.8375 MHz
53702,true,,UPPERDAR-140RM1,RTMx,No,FlexNet,Enabled,4110005,No,2026-07-29 09:17:20.591,Normal,2024-08-27 14:47:32.927,2025-09-17 10:17:11.000,No,39.9413,-75.2723,FlexNetId: 50480638,FlexNet900K24,930.5125 MHz,29,901.8375 MHz
54114,true,,LINE-9400T322,RTMx,No,FlexNet,Enabled,4110005,No,2026-07-29 09:08:42.535,Normal,2024-10-17 10:05:39.759,2025-09-17 12:31:23.000,No,40.143759,-75.496532,FlexNetId: 50480835,FlexNet900K24,930.5125 MHz,70,901.8375 MHz
46956,true,,BRADFORD-346R3,RTM II+,No,FlexNet,Enabled,4110005,No,2026-07-29 09:17:17.204,Normal,2020-01-05 21:03:47.350,2025-09-17 09:55:17.000,No,39.848,-75.737,FlexNetId: 50530098,FlexNet900,930.5375 MHz,29,901.8875 MHz
42492,true,,LINE-2800SD1,RTM II+,No,FlexNet,Enabled,4110005,No,2026-07-29 09:06:54.288,Normal,2018-03-26 15:42:48.925,2025-09-17 09:28:14.000,No,40.1411646,-74.8133842,FlexNetId: 50408635,FlexNet900,930.5125 MHz,32,901.8375 MHz
46955,true,,LINE-2457T743,RTM II+,No,FlexNet,Enabled,4110005,No,2026-07-29 09:20:41.684,Normal,2020-01-05 21:03:47.162,2025-09-17 10:20:50.000,No,40.033,-75.175,FlexNetId: 50530122,FlexNet900,930.5125 MHz,19,901.8375 MHz
43659,true,,PULASKI-138T872,RTM II+,No,FlexNet,Enabled,4110005,No,2026-07-29 09:20:48.788,Normal,2018-10-05 14:49:22.423,2025-09-17 09:46:00.000,No,40.037142,-75.163451,FlexNetId: 50408799,FlexNet900,930.5125 MHz,34,901.8875 MHz
44753,true,,LINE-374S1,RTM II+,No,FlexNet,Enabled,4110005,No,2026-07-29 09:12:44.564,Normal,2019-02-12 11:18:44.374,2025-09-17 09:58:58.000,No,39.931,-75.161,FlexNetId: 50409616,FlexNet900,930.5125 MHz,28,901.8375 MHz
45202,true,,HEATON-166RM1,RTM II+,No,FlexNet,Enabled,4110005,No,2026-07-29 09:14:02.272,Normal,2019-02-19 09:15:57.487,2025-09-17 10:13:06.000,No,40.151656,-75.158863,FlexNetId: 50409346,FlexNet900,930.5125 MHz,15,901.8875 MHz
50879,true,,MACDADE-135RM1,RTM II+,No,FlexNet,Enabled,4110005,No,2026-07-29 09:11:41.400,Normal,2022-06-23 10:26:05.455,2025-09-17 10:20:50.000,No,39.88106,-75.30696,FlexNetId: 50532181,FlexNet900,930.5125 MHz,36,901.8375 MHz
52450,true,,LINE-529RM1,RTM II+,No,FlexNet,Enabled,4110005,No,2026-07-29 09:20:18.873,Normal,2023-09-12 09:07:33.800,2025-09-17 09:44:16.000,No,39.9704738,-75.1323687,FlexNetId: 50533390,FlexNet900,930.5125 MHz,32,901.8375 MHz
43138,true,,LINE-16400S1,RTM II+,No,FlexNet,Enabled,4110005,No,2026-07-29 09:07:59.844,Normal,2018-10-02 13:28:59.375,2025-09-17 10:01:13.000,No,39.933,-75.3926,FlexNetId: 50408194,FlexNet900,930.5125 MHz,56,901.8375 MHz
43719,true,,PERKIOME-344T256,RTM II+,No,FlexNet,Enabled,4110005,No,2026-07-29 09:18:51.564,Normal,2018-10-30 14:17:16.685,2025-09-17 09:43:56.000,No,40.195249,-75.46751,FlexNetId: 50408978,FlexNet900,930.5125 MHz,30,901.8375 MHz
43630,true,,BURHOLME-133RM2,RTM II+,No,FlexNet,Enabled,4110005,No,2026-07-29 09:17:43.350,Normal,2018-10-05 14:49:13.113,2025-09-17 09:41:25.000,No,40.041,-75.067,FlexNetId: 50408853,FlexNet900,930.5375 MHz,56,901.8875 MHz
43232,true,,HEATON-136T454,RTM II+,No,FlexNet,Enabled,4110005,No,2026-07-29 09:06:14.667,Normal,2018-12-07 10:47:19.409,2025-09-17 09:56:47.000,No,40.153232,-75.11297,FlexNetId: 50408479,FlexNet900,930.5125 MHz,36,901.8375 MHz
47605,true,,LLANERCH-161T7,RTM II+,No,FlexNet,Enabled,4110005,No,2026-07-29 09:11:29.013,Normal,2020-08-15 21:35:07.273,2025-09-17 10:08:43.000,No,40.0002,-75.33307,FlexNetId: 50530561,FlexNet900,930.5375 MHz,20,901.8875 MHz
41339,true,,CEDARBRO-135RM1,RTM II+,No,FlexNet,Enabled,4110005,No,2026-07-29 09:13:35.573,Normal,2018-03-26 15:46:54.102,2025-09-17 09:43:35.000,No,40.085758,-75.177958,FlexNetId: 50407462,FlexNet900,930.5375 MHz,34,901.8875 MHz
41342,true,,RICHMOND-132T298,RTM II+,No,FlexNet,Enabled,4110005,No,2026-07-29 09:14:25.062,Normal,2018-03-26 15:46:55.368,2025-09-17 09:29:14.000,No,40.006502,-75.087858,FlexNetId: 50407247,FlexNet900,930.5375 MHz,25,901.8625 MHz
52193,true,,WARMINST-163RM2,RTM II+,No,FlexNet,Enabled,4110005,No,2026-07-29 09:17:24.233,Normal,2023-06-07 07:36:03.515,2025-09-17 09:29:40.000,No,40.21952,-75.15373,FlexNetId: 50532127,FlexNet900,930.5125 MHz,43,901.8375 MHz
42093,true,,BUCKINGH-354T251,RTM II+,No,FlexNet,Enabled,4110005,No,2026-07-29 09:15:26.453,Normal,2018-03-26 15:47:40.957,2025-09-17 09:59:59.000,No,40.30687,-75.13816,FlexNetId: 50408620,FlexNet900,930.5125 MHz,34,901.8625 MHz
43580,true,,LINE-4100R4,RTM II+,No,FlexNet,Enabled,4110005,No,2026-07-29 09:18:28.195,Normal,2018-10-30 14:16:47.606,2025-09-17 09:41:28.000,No,40.052486,-75.678806,FlexNetId: 50408717,FlexNet900,930.5125 MHz,26,901.8875 MHz
51162,true,,LOMBARD-131S1,RTM II+,No,FlexNet,Enabled,4110005,No,2026-07-29 09:18:13.482,Normal,2022-07-13 07:37:19.479,2025-09-17 09:51:01.000,No,39.9333,-75.1606,FlexNetId: 50532396,FlexNet900,930.5125 MHz,22,901.8375 MHz
42920,true,,NEWLINVI-354T158,RTM II+,No,FlexNet,Enabled,4110005,No,2026-07-29 09:12:47.657,Normal,2018-06-21 10:31:11.425,2025-09-17 09:28:54.000,No,39.965766,-75.881956,FlexNetId: 50408607,FlexNet900,930.5375 MHz,22,901.8625 MHz
42804,true,,NEWLINVI-353R4,RTM II+,No,FlexNet,Enabled,4110005,No,2026-07-29 09:19:11.583,Normal,2018-06-07 14:17:57.943,2025-09-17 09:43:36.000,No,40.007121,-75.745842,FlexNetId: 50408169,FlexNet900,930.5125 MHz,23,901.8375 MHz
53708,true,,UPMERION-141S3,RTMx,No,FlexNet,Enabled,4110005,No,2026-07-29 09:17:37.900,Normal,2024-08-27 14:47:33.855,2025-09-17 10:17:10.000,No,40.06512,-75.42155,FlexNetId: 50480552,FlexNet900K24,930.5125 MHz,43,901.8375 MHz
42096,true,,LINE-14700T34,RTM II+,No,FlexNet,Enabled,4110005,No,2026-07-29 09:06:12.615,Normal,2018-03-26 15:47:42.107,2025-09-17 09:43:37.000,No,40.062634,-75.548777,FlexNetId: 50408618,FlexNet900,930.5125 MHz,44,901.8375 MHz
49175,true,,LINE-1087T888,RTM II+,No,FlexNet,Enabled,4110005,No,2026-07-29 09:07:30.135,Normal,2021-03-14 09:56:56.468,2025-09-17 10:06:15.000,No,40.029,-75.159,FlexNetId: 50531161,FlexNet900,930.5125 MHz,27,901.8375 MHz
43894,true,,LINE-5600T7,RTM II+,No,FlexNet,Enabled,4110005,No,2026-07-29 09:11:23.063,Normal,2018-11-13 10:03:15.875,2025-09-17 10:01:38.000,No,40.05466,-75.50317,FlexNetId: 50409070,FlexNet900,930.5125 MHz,28,901.8625 MHz
44992,true,,ANGORA-133RS1,RTM II+,No,FlexNet,Enabled,4110005,No,2026-07-29 09:11:41.833,Normal,2019-02-12 11:18:09.410,2025-09-17 09:56:03.000,No,39.956,-75.228,FlexNetId: 50409712,FlexNet900,930.5125 MHz,26,901.8375 MHz
49811,true,,PASSYUNK-137T852,RTM II+,No,FlexNet,Enabled,4110005,No,2026-07-29 09:08:34.417,Normal,2021-09-15 15:29:06.047,2025-09-17 09:57:34.000,No,39.924,-75.164,FlexNetId: 50531836,FlexNet900,930.5125 MHz,40,901.8375 MHz
49177,true,,UPLAND-161S2,RTM II+,No,FlexNet,Enabled,4110005,No,2026-07-29 09:19:58.466,Normal,2021-03-14 09:57:11.510,2025-09-17 09:58:58.000,No,39.9765,-75.2343,FlexNetId: 50530967,FlexNet900,930.5375 MHz,33,901.8625 MHz
42493,true,,LLANERCH-136T314,RTM II+,No,FlexNet,Enabled,4110005,No,2026-07-29 09:11:48.253,Normal,2018-03-26 15:42:23.979,2025-09-17 09:50:59.000,No,39.95644,-75.325461,FlexNetId: 50408624,FlexNet900,930.5125 MHz,28,901.8375 MHz
44762,true,,CHICHEST-137RM2,RTM II+,No,FlexNet,Enabled,4110005,No,2026-07-29 09:18:41.173,Normal,2019-02-12 11:17:28.427,2025-09-17 10:17:50.000,No,39.841,-75.443,FlexNetId: 50409884,FlexNet900,930.5125 MHz,14,901.8375 MHz
53916,true,,CRESCENT-135S4,RTMx,No,FlexNet,Enabled,4110005,No,2026-07-29 09:19:25.261,Normal,2024-09-06 10:53:34.373,2025-09-17 12:41:09.000,No,40.0277942,-75.0834377,FlexNetId: 50480528,FlexNet900K24,930.5125 MHz,33,901.8375 MHz
46969,true,,LINE-600RS4,RTM II+,No,FlexNet,Enabled,4110005,No,2026-07-29 09:18:00.642,Normal,2020-01-05 21:03:50.014,2025-09-17 10:20:51.000,No,40.131,-75.355,FlexNetId: 50530125,FlexNet900,930.5125 MHz,67,901.8875 MHz
49471,true,,CLAY-342R1,RTM II+,No,FlexNet,Enabled,4110005,No,2026-07-29 09:20:18.118,Normal,2021-06-18 09:04:28.026,2025-09-17 09:59:21.000,No,39.7472,-75.8245,FlexNetId: 50531545,FlexNet900,930.5125 MHz,39,901.8375 MHz
41375,true,,BUCKINGH-371S2,RTM II+,No,FlexNet,Enabled,4110005,No,2026-07-29 09:08:17.827,Normal,2018-03-26 15:47:08.213,2025-09-17 09:30:38.000,No,40.33356,-75.1262,FlexNetId: 50407356,FlexNet900,930.5125 MHz,32,901.8875 MHz
41410,true,,PLYMOUTH-145T672,RTM II+,No,FlexNet,Enabled,4110005,No,2026-07-29 09:18:16.100,Normal,2019-09-20 09:59:28.825,2025-09-17 09:43:55.000,No,40.094,-75.287,FlexNetId: 50407754,FlexNet900,930.5125 MHz,70,901.8625 MHz
49212,true,,PARRISH-133RM2,RTM II+,No,FlexNet,Enabled,4110005,No,2026-07-29 09:13:38.718,Normal,2021-03-23 08:50:24.598,2025-09-17 10:16:26.000,No,39.9744,-75.2351,FlexNetId: 50531186,FlexNet900,930.5375 MHz,40,901.8375 MHz
42720,true,,FALLS-353T287,RTM II+,No,FlexNet,Enabled,4110005,No,2026-07-29 09:19:05.446,Normal,2018-05-03 20:30:49.000,2025-09-17 09:28:55.000,No,40.21893,-74.82003,FlexNetId: 50408601,FlexNet900,930.5375 MHz,41,901.8625 MHz
47744,true,,LENAPE-351T843,RTM II+,No,FlexNet,Enabled,4110005,No,2026-07-29 09:17:05.338,Normal,2020-08-13 09:23:38.300,2025-09-17 10:06:11.000,No,39.8416,-75.7118,FlexNetId: 50530538,FlexNet900,930.5375 MHz,86,901.8875 MHz
44805,true,,PIKELAND-000RS1,RTM II+,No,FlexNet,Enabled,4110005,No,2026-07-29 09:20:18.921,Normal,2019-02-12 11:17:52.908,2025-09-17 09:59:24.000,No,40.161,-75.554,FlexNetId: 50409870,FlexNet900,930.5375 MHz,64,901.8625 MHz
52179,true,,PERKIOME-341T982,RTM II+,No,FlexNet,Enabled,4110005,No,2026-07-29 09:08:43.131,Normal,2023-06-06 08:50:16.332,2025-09-17 09:50:16.000,No,40.23227,-75.521,FlexNetId: 50533275,FlexNet900,930.5375 MHz,61,901.8375 MHz
44319,true,,GOSHEN-351T216,RTM II+,No,FlexNet,Enabled,4110005,No,2026-07-29 09:07:06.191,Normal,2019-01-03 17:07:02.745,2025-09-17 09:48:07.000,No,40.0073734,-75.5332783,FlexNetId: 50409572,FlexNet900,930.5375 MHz,53,901.8625 MHz
48832,true,,MASTER-141S2,RTM II+,No,FlexNet,Enabled,4110005,No,2026-07-29 09:12:46.349,Normal,2020-12-03 12:46:31.097,2025-09-17 09:56:47.000,No,39.979,-75.186,FlexNetId: 50530878,FlexNet900,930.5125 MHz,87,901.8875 MHz
52835,true,,PARRISH-144RM1,RTM II+,No,FlexNet,Enabled,4110005,No,2026-07-29 09:07:08.970,Normal,2023-12-11 09:22:18.865,2025-09-17 10:17:02.000,No,39.963483,-75.188535,FlexNetId: 50533436,FlexNet900,930.5375 MHz,49,901.8375 MHz
52198,true,,FLINT-132T915,RTM II+,No,FlexNet,Enabled,4110005,No,2026-07-29 09:07:46.961,Normal,2023-06-07 07:36:04.536,2025-09-17 09:29:40.000,No,40.06984,-75.31323,FlexNetId: 50533272,FlexNet900,930.5125 MHz,38,901.8375 MHz
47903,true,,JENKINTO-138RM2,RTM II+,No,FlexNet,Enabled,4110005,No,2026-07-29 09:14:44.368,Normal,2020-08-15 21:32:45.805,2025-09-17 10:05:16.000,No,40.1164,-75.1579,FlexNetId: 50530157,FlexNet900,930.5125 MHz,43,901.8875 MHz
52295,true,,PLYMOUTH-132T1076,RTM II+,No,FlexNet,Enabled,4110005,No,2026-07-29 09:13:59.979,Normal,2023-08-11 08:02:52.765,2025-09-17 09:50:18.000,No,40.0686,-75.2399,FlexNetId: 50533219,FlexNet900,930.5125 MHz,31,901.8875 MHz
46932,true,,BELLEVUE-134T310,RTM II+,No,FlexNet,Enabled,4110005,No,2026-07-29 09:17:36.228,Normal,2020-01-05 21:03:41.385,2025-09-17 09:57:34.000,No,40.177,-74.979,FlexNetId: 50410594,FlexNet900,930.5125 MHz,39,901.8375 MHz
50861,true,,JARRETT-133T77,RTM II+,No,FlexNet,Enabled,4110005,No,2026-07-29 09:16:29.522,Normal,2022-06-23 10:33:23.405,2025-09-17 09:50:38.000,No,40.1963,-75.2089,FlexNetId: 50532207,FlexNet900,930.5125 MHz,18,901.8375 MHz
48825,true,,TABOR-134RMP6,RTM II+,No,FlexNet,Enabled,4110005,No,2026-07-29 09:20:21.546,Normal,2020-12-03 12:46:29.860,2025-09-17 10:20:23.000,No,40.0463,-75.1493,FlexNetId: 50530944,FlexNet900,930.5375 MHz,41,901.8875 MHz
50425,true,,ANGORA-130RM2,RTM II+,No,FlexNet,Enabled,4110005,No,2026-07-29 09:06:52.027,Normal,2021-12-02 08:41:12.419,2025-09-17 10:00:29.000,No,39.942,-75.234,FlexNetId: 50531918,FlexNet900,930.5125 MHz,16,901.8375 MHz
50801,true,,CLAY-352RM1,RTM II+,No,FlexNet,Enabled,4110005,No,2026-07-29 09:12:34.899,Normal,2022-04-21 10:25:53.635,2025-09-17 10:20:51.000,No,39.7803,-75.7915,FlexNetId: 50532175,FlexNet900,930.5125 MHz,30,901.8375 MHz
42899,true,,HEATON-147RM1,RTM II+,No,FlexNet,Enabled,4110005,No,2026-07-29 09:17:18.195,Normal,2018-06-21 10:31:05.398,2024-10-08 13:01:39.000,No,40.17007,-75.11928,FlexNetId: 50408149,FlexNet900,930.5125 MHz,29,901.8875 MHz
52778,true,,PARRISH-140S1,RTM II+,No,FlexNet,Enabled,4110005,No,2026-07-29 09:19:32.516,Normal,2023-11-20 12:14:04.691,2025-09-17 10:17:04.000,No,39.96236,-75.16933,FlexNetId: 50533608,FlexNet900,930.5125 MHz,26,901.8375 MHz
41371,true,,MACDADE-137RS2,RTM II+,No,FlexNet,Enabled,4110005,No,2026-07-29 09:13:22.777,Normal,2018-03-26 15:47:06.674,2025-09-17 09:28:57.000,No,39.89828,-75.266967,FlexNetId: 50407284,FlexNet900,930.5375 MHz,39,901.8875 MHz
44788,true,,SCOTT-002RS1,RTM II+,No,FlexNet,Enabled,4110005,No,2026-07-29 09:20:49.811,Normal,2019-02-12 11:17:40.249,2025-09-17 09:44:40.000,No,39.886026,-75.512904,FlexNetId: 50409950,FlexNet900,930.5125 MHz,27,901.8875 MHz
52853,true,,BUCKINGH-371R4,RTM II+,No,FlexNet,Enabled,4110005,No,2026-07-29 09:06:55.479,Normal,2023-12-11 09:22:23.390,2025-09-17 10:17:02.000,No,40.33355,-75.10882,FlexNetId: 50533094,FlexNet900,930.5125 MHz,35,901.8375 MHz
46779,true,,WAYNE-137RM2,RTM II+,No,FlexNet,Enabled,4110005,No,2026-07-29 09:10:53.395,Normal,2019-12-12 09:45:03.473,2025-09-17 09:56:04.000,No,40.029,-75.36,FlexNetId: 50530365,FlexNet900,930.5125 MHz,27,901.8375 MHz
41345,true,,LLANERCH-161RM2,RTM II+,No,FlexNet,Enabled,4110005,No,2026-07-29 09:20:38.599,Normal,2018-03-26 15:46:56.650,2025-09-17 09:41:26.000,No,39.979425,-75.333502,FlexNetId: 50407612,FlexNet900,930.5125 MHz,27,901.8375 MHz
49579,true,,LINE-6000T821,RTM II+,No,FlexNet,Enabled,4110005,No,2026-07-29 09:10:18.626,Normal,2021-07-27 10:43:00.722,2025-09-17 09:55:17.000,No,40.1383,-74.9466,FlexNetId: 50531540,FlexNet900,930.5125 MHz,32,901.8875 MHz
43134,true,,LINE-5600T75,RTM II+,No,FlexNet,Enabled,4110005,No,2026-07-29 09:10:35.929,Normal,2018-10-02 13:29:13.607,2025-09-17 09:49:38.000,No,40.0509,-75.4965,FlexNetId: 50408201,FlexNet900,930.5125 MHz,22,901.8625 MHz
53710,true,,FOULK-143RM1,RTMx,No,FlexNet,Enabled,4110005,No,2026-07-29 09:19:38.569,Normal,2024-08-27 14:47:34.070,2025-09-17 10:17:12.000,No,39.847704,-75.45372,FlexNetId: 50480619,FlexNet900K24,930.5125 MHz,20,901.8375 MHz
47902,true,,CRESCENT-137S2,RTM II+,No,FlexNet,Enabled,4110005,No,2026-07-29 09:19:14.429,Normal,2020-08-15 21:32:45.541,2025-09-17 10:05:16.000,No,40.051,-75.097,FlexNetId: 50530166,FlexNet900,930.5125 MHz,39,901.8375 MHz
44592,true,,PULASKI-134S1,RTM II+,No,FlexNet,Enabled,4110005,No,2026-07-29 09:14:04.229,Normal,2019-02-12 11:18:34.300,2025-09-17 10:01:34.000,No,40.055363,-75.155074,FlexNetId: 50409774,FlexNet900,930.5125 MHz,45,901.8625 MHz
47898,true,,JENKINTO-146RM2,RTM II+,No,FlexNet,Enabled,4110005,No,2026-07-29 09:16:18.513,Normal,2020-08-15 21:32:44.448,2025-09-17 10:06:13.000,No,40.0971,-75.1448,FlexNetId: 50530297,FlexNet900,930.5375 MHz,48,901.8375 MHz
41394,true,,MACDADE-144T324,RTM II+,No,FlexNet,Enabled,4110005,No,2026-07-29 09:06:42.478,Normal,2018-03-26 15:47:14.782,2025-09-17 09:56:43.000,No,39.882716,-75.326496,FlexNetId: 50407465,FlexNet900,930.5125 MHz,42,901.8875 MHz
42902,true,,NEWLINVI-351R1,RTM II+,No,FlexNet,Enabled,4110005,No,2026-07-29 09:08:47.391,Normal,2018-06-21 10:31:06.366,2025-09-17 09:28:35.000,No,39.98182,-75.808484,FlexNetId: 50408590,FlexNet900,930.5125 MHz,57,901.8375 MHz
48278,true,,PLYMOUTH-138T807,RTM II+,No,FlexNet,Enabled,4110005,No,2026-07-29 09:20:18.394,Normal,2020-09-25 11:34:12.298,2025-09-17 10:00:29.000,No,40.145,-75.307,FlexNetId: 50530392,FlexNet900,930.5125 MHz,40,901.8875 MHz
45382,true,,LOMBARD-138S3,RTM II+,No,FlexNet,Enabled,4110005,No,2026-07-29 09:17:18.984,Normal,2019-04-03 08:30:06.562,2025-09-17 10:09:54.000,No,39.936,-75.149,FlexNetId: 50410429,FlexNet900,930.5375 MHz,36,901.8625 MHz
42873,true,,FALLS-351R1,RTM II+,No,FlexNet,Enabled,4110005,No,2026-07-29 09:17:16.087,Normal,2018-06-21 10:31:05.090,2025-09-17 09:28:55.000,No,40.173776,-74.813645,FlexNetId: 50408341,FlexNet900,930.5375 MHz,28,901.8375 MHz
52302,true,,LINE-13900T8,RTM II+,No,FlexNet,Enabled,4110005,No,2026-07-29 09:13:41.548,Normal,2023-08-11 08:02:53.723,2025-09-17 09:29:40.000,No,40.0438,-75.51947,FlexNetId: 50533403,FlexNet900,930.5125 MHz,45,901.8375 MHz
48215,true,,MIDDLETO-349RM3,RTM II+,No,FlexNet,Enabled,4110005,No,2026-07-29 09:18:43.409,Normal,2020-09-25 11:41:58.400,2024-10-11 09:51:27.000,No,39.941018,-75.475374,FlexNetId: 50530195,FlexNet900,930.5375 MHz,28,901.8625 MHz
45563,true,,JENKINTO-140S1,RTM II+,No,FlexNet,Enabled,4110005,No,2026-07-29 09:08:45.571,Normal,2019-03-06 17:48:59.407,2025-09-17 10:09:58.000,No,40.11,-75.15,FlexNetId: 50410308,FlexNet900,930.5375 MHz,41,901.8625 MHz
43822,true,,NORWALES-343S2,RTM II+,No,FlexNet,Enabled,4110005,No,2026-07-29 09:16:51.078,Normal,2018-11-13 10:02:52.861,2025-09-17 09:30:20.000,No,40.275852,-75.378166,FlexNetId: 50409197,FlexNet900,930.5125 MHz,24,901.8875 MHz
52774,true,,LLANERCH-146RM1,RTM II+,No,FlexNet,Enabled,4110005,No,2026-07-29 09:11:32.495,Normal,2023-11-20 12:14:03.310,2025-09-17 10:16:30.000,No,39.96086,-75.31129,FlexNetId: 50533575,FlexNet900,930.5375 MHz,50,901.8375 MHz
49459,true,,PLYMOUTH-139T1,RTM II+,No,FlexNet,Enabled,4110005,No,2026-07-29 09:19:33.295,Normal,2021-06-18 09:03:14.054,2025-09-17 09:57:58.000,No,40.1268,-75.3146,FlexNetId: 50531559,FlexNet900,930.5125 MHz,30,901.8375 MHz
45926,true,,PACKER-131T564,RTM II+,No,FlexNet,Enabled,4110005,No,2026-07-29 09:12:08.395,Normal,2019-06-04 09:36:20.321,2025-09-17 09:57:56.000,No,39.921,-75.17,FlexNetId: 50410942,FlexNet900,930.5375 MHz,42,901.8875 MHz
52271,true,,CALLOWHI-133T1001,RTM II+,No,FlexNet,Enabled,4110005,No,2026-07-29 09:09:50.248,Normal,2023-07-18 09:37:12.208,2025-09-17 10:17:05.000,No,39.966665,-75.158769,FlexNetId: 50533208,FlexNet900,930.5125 MHz,36,901.8375 MHz
51835,true,,ELMWOOD-131T1084,RTM II+,No,FlexNet,Enabled,4110005,No,2026-07-29 09:10:25.179,Normal,2023-01-12 09:19:26.949,2025-09-17 09:43:58.000,No,39.9244,-75.2387,FlexNetId: 50532912,FlexNet900,930.5375 MHz,38,901.8875 MHz
49073,true,,BUCKINGH-351T695,RTM II+,No,FlexNet,Enabled,4110005,No,2026-07-29 09:15:38.826,Normal,2021-02-09 09:33:45.888,2025-09-17 10:08:41.000,No,40.421,-75.146,FlexNetId: 50531063,FlexNet900,930.5125 MHz,68,901.8625 MHz
45558,true,,DALEVILL-342RM1,RTM II+,No,FlexNet,Enabled,4110005,No,2026-07-29 09:18:38.778,Normal,2019-03-06 17:48:57.635,2025-09-17 10:09:55.000,No,39.841,-75.764,FlexNetId: 50410309,FlexNet900,930.5125 MHz,35,901.8875 MHz
47831,true,,CONCORD-354RM2,RTM II+,No,FlexNet,Enabled,4110005,No,2026-07-29 09:17:37.737,Normal,2020-08-15 21:30:06.352,2025-09-17 10:13:07.000,No,39.8558,-75.5405,FlexNetId: 50530531,FlexNet900,930.5125 MHz,48,901.8375 MHz
48876,true,,LINE-6000R1,RTM II+,No,FlexNet,Enabled,4110005,No,2026-07-29 09:13:38.951,Normal,2020-12-28 11:58:45.796,2025-09-17 10:20:51.000,No,40.15,-74.9505,FlexNetId: 50530271,FlexNet900,930.5125 MHz,20,901.8875 MHz
52416,true,,HARTMAN-352T760,RTM II+,No,FlexNet,Enabled,4110005,No,2026-07-29 09:20:05.200,Normal,2023-08-15 08:49:39.440,2025-09-17 10:17:49.000,No,40.29869,-75.2283,FlexNetId: 50533370,FlexNet900,930.5375 MHz,25,901.8375 MHz
42926,true,,JENKINTO-146RM1,RTM II+,No,FlexNet,Enabled,4110005,No,2026-07-29 09:19:35.171,Normal,2018-06-21 10:31:13.393,2025-09-17 09:28:14.000,No,40.092084,-75.139424,FlexNetId: 50408445,FlexNet900,930.5375 MHz,61,901.8625 MHz
44387,true,,LINE-800R1,RTM II+,No,FlexNet,Enabled,4110005,No,2026-07-29 09:17:32.116,Normal,2019-02-07 15:32:24.829,2025-09-17 10:01:36.000,No,40.12375,-75.55498,FlexNetId: 50409471,FlexNet900,930.5375 MHz,38,901.8375 MHz
44347,true,,SAVILLE-136S1,RTM II+,No,FlexNet,Enabled,4110005,No,2026-07-29 09:15:49.751,Normal,2019-01-03 17:07:12.305,2025-09-17 09:48:10.000,No,39.8699792,-75.3620579,FlexNetId: 50409303,FlexNet900,930.5375 MHz,38,901.8625 MHz
49307,true,,NORRISTO-009RS1,RTM II+,No,FlexNet,Enabled,4110005,No,2026-07-29 09:20:51.161,Normal,2021-04-18 10:04:10.632,2025-09-17 09:57:02.000,No,40.1197,-75.3469,FlexNetId: 50531039,FlexNet900,930.5125 MHz,28,901.8375 MHz
50481,true,,FLINT-144T53,RTM II+,No,FlexNet,Enabled,4110005,No,2026-07-29 09:12:58.873,Normal,2021-12-13 09:55:59.740,2025-09-17 09:59:42.000,No,40.05827,-75.2732,FlexNetId: 50531896,FlexNet900,930.5125 MHz,19,901.8375 MHz
44324,true,,LINE-18300RM1,RTM II+,No,FlexNet,Enabled,4110005,No,2026-07-29 09:17:10.445,Normal,2019-01-03 17:07:04.560,2025-09-17 09:44:38.000,No,40.1778063,-74.886752,FlexNetId: 50409468,FlexNet900,930.5375 MHz,50,901.8875 MHz
44411,true,,LINE-2008T251,RTM II+,No,FlexNet,Enabled,4110005,No,2026-07-29 09:07:26.263,Normal,2019-01-23 11:37:54.084,2025-09-17 09:49:12.000,No,39.919157,-75.137963,FlexNetId: 50409264,FlexNet900,930.5375 MHz,44,901.8875 MHz
46938,true,,BUCK-000R1,RTM II+,No,FlexNet,Enabled,4110005,No,2026-07-29 09:20:37.057,Normal,2020-01-05 21:03:42.779,2025-09-17 10:00:45.000,No,39.924425,-75.848267,FlexNetId: 50530106,FlexNet900,930.5375 MHz,48,901.8625 MHz
54088,true,,TREVOSE-136T305,RTMx,No,FlexNet,Enabled,4110005,No,2026-07-29 09:11:50.539,Normal,2024-10-17 10:05:36.872,2025-09-17 09:33:33.000,No,40.1747346,-75.0203676,FlexNetId: 50480527,FlexNet900K24,930.5125 MHz,31,901.8375 MHz
50697,true,,PASSYUNK-136RM2,RTM II+,No,FlexNet,Enabled,4110005,No,2026-07-29 09:18:36.061,Normal,2022-03-08 10:50:55.732,2025-09-17 10:00:47.000,No,39.927,-75.165,FlexNetId: 50531979,FlexNet900,930.5375 MHz,40,901.8375 MHz
52791,true,,JENNERSV-341RM1,RTM II+,No,FlexNet,Enabled,4110005,No,2026-07-29 09:08:31.397,Normal,2023-11-20 12:14:07.184,2025-09-17 10:17:49.000,No,39.80377,-75.88358,FlexNetId: 50533584,FlexNet900,930.5125 MHz,77,901.8375 MHz
49479,true,,PENTRIDG-018RS1,RTM II+,No,FlexNet,Enabled,4110005,No,2026-07-29 09:20:14.016,Normal,2021-06-18 09:04:24.884,2025-09-17 09:29:18.000,No,39.9465,-75.2193,FlexNetId: 50531553,FlexNet900,930.5125 MHz,19,901.8375 MHz
44766,true,,PACKER-131S1,RTM II+,No,FlexNet,Enabled,4110005,No,2026-07-29 09:12:47.479,Normal,2019-02-12 11:17:29.920,2025-09-17 10:16:33.000,No,39.922681,-75.156585,FlexNetId: 50409949,FlexNet900,930.5375 MHz,48,901.8625 MHz
52320,true,,CEDARBRO-138T106,RTM II+,No,FlexNet,Enabled,4110005,No,2026-07-29 09:15:27.097,Normal,2023-08-11 08:02:55.543,2025-09-17 09:28:32.000,No,40.0507598,-75.1739867,FlexNetId: 50533399,FlexNet900,930.5125 MHz,27,901.8375 MHz
43621,true,,LINTON-342RM1,RTM II+,No,FlexNet,Enabled,4110005,No,2026-07-29 09:13:30.933,Normal,2018-10-05 14:49:10.254,2025-09-17 09:41:28.000,No,40.237126,-74.940459,FlexNetId: 50408731,FlexNet900,930.5125 MHz,37,901.8375 MHz
45350,true,,LLANERCH-148RM1,RTM II+,No,FlexNet,Enabled,4110005,No,2026-07-29 09:10:38.986,Normal,2019-04-03 08:29:52.718,2025-09-17 10:20:24.000,No,39.976597,-75.301843,FlexNetId: 50410132,FlexNet900,930.5375 MHz,27,901.8625 MHz
44711,true,,GRAYSFER-161S2,RTM II+,No,FlexNet,Enabled,4110005,No,2026-07-29 09:18:33.882,Normal,2019-02-12 11:17:04.367,2025-09-17 10:20:51.000,No,39.937,-75.189,FlexNetId: 50409674,FlexNet900,930.5125 MHz,43,901.8625 MHz
47794,true,,HOLMESBU-138S2,RTM II+,No,FlexNet,Enabled,4110005,No,2026-07-29 09:20:39.762,Normal,2020-08-13 09:23:45.726,2025-09-17 10:05:18.000,No,40.036,-75.059,FlexNetId: 50530642,FlexNet900,930.5375 MHz,31,901.8875 MHz
50872,true,,NEWSQUA-133RM1,RTM II+,No,FlexNet,Enabled,4110005,No,2026-07-29 09:11:59.008,Normal,2022-06-23 10:30:54.976,2025-09-17 09:27:12.000,No,40.015,-75.431,FlexNetId: 50532186,FlexNet900,930.5125 MHz,40,901.8375 MHz
45163,true,,PLYMOUTH-166T453,RTM II+,No,FlexNet,Enabled,4110005,No,2026-07-29 09:07:33.002,Normal,2019-02-19 09:15:43.659,2025-09-17 10:01:56.000,No,40.072307,-75.302264,FlexNetId: 50410081,FlexNet900,930.5125 MHz,25,901.8375 MHz
50415,true,,MACDADE-139RM1,RTM II+,No,FlexNet,Enabled,4110005,No,2026-07-29 09:09:39.043,Normal,2021-11-30 08:43:49.992,2025-09-17 09:44:16.000,No,39.9213,-75.2892,FlexNetId: 50531848,FlexNet900,930.5125 MHz,45,901.8375 MHz
44699,true,,JENKINTO-138T555,RTM II+,No,FlexNet,Enabled,4110005,No,2026-07-29 09:10:07.963,Normal,2019-10-30 22:56:46.497,2025-09-17 10:09:58.000,No,40.114,-75.154,FlexNetId: 50409900,FlexNet900,930.5375 MHz,33,901.8875 MHz
43831,true,,CRESCENT-164S1,RTM II+,No,FlexNet,Enabled,4110005,No,2026-07-29 09:19:36.584,Normal,2018-11-13 10:02:55.867,2025-09-17 09:58:58.000,No,40.03319,-75.12636,FlexNetId: 50409251,FlexNet900,930.5375 MHz,34,901.8875 MHz
46781,true,,LINE-2200RM2,RTM II+,No,FlexNet,Enabled,4110005,No,2026-07-29 09:19:17.507,Normal,2019-12-12 09:45:03.894,2025-09-17 09:56:06.000,No,40.191,-75.647,FlexNetId: 50530366,FlexNet900,930.5375 MHz,76,901.8625 MHz
44176,true,,LINE-17500T83,RTM II+,No,FlexNet,Enabled,4110005,No,2026-07-29 09:19:25.001,Normal,2018-12-13 17:09:05.334,2025-09-17 09:48:07.000,No,39.861867,-75.635597,FlexNetId: 50409477,FlexNet900,930.5125 MHz,37,901.8875 MHz
52797,true,,PARRISH-140T806,RTM II+,No,FlexNet,Enabled,4110005,No,2026-07-29 09:06:23.105,Normal,2023-11-20 12:14:08.981,2025-09-17 10:17:04.000,No,39.96066,-75.19252,FlexNetId: 50533598,FlexNet900,930.5375 MHz,20,901.8375 MHz
49187,true,,MACDADE-148T1172,RTM II+,No,FlexNet,Enabled,4110005,No,2026-07-29 09:06:51.661,Normal,2021-03-14 09:56:50.028,2025-09-17 10:08:43.000,No,39.9165419,-75.2946715,FlexNetId: 50530981,FlexNet900,930.5125 MHz,38,901.8375 MHz
43221,true,,BRADFORD-353T686,RTM II+,No,FlexNet,Enabled,4110005,No,2026-07-29 09:13:31.521,Normal,2019-02-13 12:25:43.757,2025-09-17 09:56:44.000,No,39.98635,-75.62015,FlexNetId: 50408291,FlexNet900,930.5125 MHz,19,901.8375 MHz
50421,true,,WAYNE-142T296,RTM II+,No,FlexNet,Enabled,4110005,No,2026-07-29 09:08:00.116,Normal,2021-12-02 08:41:10.784,2025-09-17 09:51:03.000,No,40.043946,-75.3656,FlexNetId: 50531919,FlexNet900,930.5125 MHz,26,901.8375 MHz
45312,true,,BELLEVUE-133S3,RTM II+,No,FlexNet,Enabled,4110005,No,2026-07-29 09:10:12.490,Normal,2019-04-03 08:30:10.184,2025-09-17 09:58:36.000,No,40.172,-74.933,FlexNetId: 50410140,FlexNet900,930.5125 MHz,24,901.8875 MHz
45459,true,,BRADFORD-346R1,RTM II+,No,FlexNet,Enabled,4110005,No,2026-07-29 09:20:33.055,Normal,2020-08-15 21:35:02.165,2025-09-17 09:29:18.000,No,39.94902,-75.70099,FlexNetId: 50410356,FlexNet900,930.5125 MHz,73,901.8375 MHz
45024,true,,BUCKINGH-344R2,RTM II+,No,FlexNet,Enabled,4110005,No,2026-07-29 09:19:24.311,Normal,2019-02-14 09:40:12.310,2024-10-11 09:59:39.000,No,40.3073,-75.1379,FlexNetId: 50409391,FlexNet900,930.5125 MHz,40,901.8375 MHz
48499,true,Activated,GLADWYNE-138RM3,RTM II+,No,Verizon,Not Applicable,4110005,No,2026-07-29 09:19:41.755,Normal,2020-11-11 08:45:57.108,,,40.023105,-75.279862,IMEI: 351862106206202,Cell_LE910_VER,,-39,
48499,true,Activated,GLADWYNE-138RM3,RTM II+,No,Verizon,Not Applicable,4110005,No,2026-07-29 09:19:41.755,Normal,2020-11-11 08:45:57.108,,,40.023105,-75.279862,ICCID: 89148000005394554745,Cell_LE910_VER,,-39,
44490,true,,WESTMORE-133S1,RTM II+,No,FlexNet,Enabled,4110005,No,2026-07-29 09:20:23.291,Normal,2019-01-10 14:49:10.096,2025-09-17 10:01:36.000,No,39.987725,-75.154788,FlexNetId: 50409871,FlexNet900,930.5125 MHz,27,901.8625 MHz
45162,true,,MIDDLETO-351RM2,RTM II+,No,FlexNet,Enabled,4110005,No,2026-07-29 09:15:22.005,Normal,2019-02-19 09:15:43.277,2025-09-17 09:57:02.000,No,39.907293,-75.451475,FlexNetId: 50410186,FlexNet900,930.5125 MHz,41,901.8875 MHz
42069,true,,NEWSQUA-131T239,RTM II+,No,FlexNet,Enabled,4110005,No,2026-07-29 09:07:37.381,Normal,2018-03-26 15:47:30.269,2025-09-17 09:28:57.000,No,39.995947,-75.378678,FlexNetId: 50408569,FlexNet900,930.5375 MHz,14,901.8625 MHz
46889,true,,BLUEGRAS-131S1,RTM II+,No,FlexNet,Enabled,4110005,No,2026-07-29 09:11:33.682,Normal,2020-01-05 21:03:33.374,2025-09-17 09:58:36.000,No,40.071,-75.03,FlexNetId: 50410624,FlexNet900,930.5375 MHz,22,901.8875 MHz
45112,true,,WOODBOUR-351T357,RTM II+,No,FlexNet,Enabled,4110005,No,2026-07-29 09:19:46.670,Normal,2019-02-14 09:40:42.616,2025-09-17 10:09:53.000,No,40.208,-74.893,FlexNetId: 50409998,FlexNet900,930.5375 MHz,29,901.8375 MHz
45098,true,,CONCORD-347T66,RTM II+,No,FlexNet,Enabled,4110005,No,2026-07-29 09:17:25.358,Normal,2019-02-14 09:40:37.369,2025-09-17 10:13:11.000,No,39.897,-75.485,FlexNetId: 50410101,FlexNet900,930.5125 MHz,83,901.8375 MHz
54087,true,,UPMERION-351R4,RTMx,No,FlexNet,Enabled,4110005,No,2026-07-29 09:17:07.598,Normal,2024-10-17 10:05:36.749,2025-09-17 12:38:45.000,No,40.0713251,-75.4736366,FlexNetId: 50480607,FlexNet900K24,930.5125 MHz,34,901.8375 MHz
53621,true,,SILES-135RM1,RTMx,No,FlexNet,Enabled,4110005,No,2026-07-29 09:20:53.929,Normal,2024-08-27 14:43:02.947,2025-09-17 09:33:31.000,No,40.1597,-74.9792,FlexNetId: 50480646,FlexNet900K24,930.5125 MHz,65,901.8375 MHz
44343,true,,MASTER-162RS1,RTM II+,No,FlexNet,Enabled,4110005,No,2026-07-29 09:13:43.347,Normal,2019-01-03 17:07:11.011,2025-09-17 09:48:09.000,No,39.9739,-75.1537,FlexNetId: 50409493,FlexNet900,930.5125 MHz,34,901.8625 MHz
47770,true,,CRESCENT-131S1,RTM II+,No,FlexNet,Enabled,4110005,No,2026-07-29 09:20:14.403,Normal,2020-08-13 09:23:42.782,2025-09-17 10:05:19.000,No,40.045,-75.105,FlexNetId: 50530664,FlexNet900,930.5125 MHz,33,901.8375 MHz
44200,true,,FALLS-342RM1,RTM II+,No,FlexNet,Enabled,4110005,No,2026-07-29 09:20:39.227,Normal,2018-12-13 17:09:13.672,2025-09-17 09:46:00.000,No,40.168433,-74.77087,FlexNetId: 50409505,FlexNet900,930.5125 MHz,30,901.8625 MHz
51494,true,,PASSYUNK-138RS2,RTM II+,No,FlexNet,Enabled,4110005,No,2026-07-29 09:19:02.274,Normal,2022-10-17 08:48:32.338,2025-09-17 09:50:00.000,No,39.9184,-75.1727,FlexNetId: 50532306,FlexNet900,930.5125 MHz,32,901.8375 MHz
43875,true,,PERKIOME-361R1,RTM II+,No,FlexNet,Enabled,4110005,No,2026-07-29 09:07:57.515,Normal,2018-11-13 10:03:09.438,2025-09-17 09:45:19.000,No,40.1849,-75.445,FlexNetId: 50409029,FlexNet900,930.5125 MHz,61,901.8375 MHz
43855,true,,PERKIOME-351T295,RTM II+,No,FlexNet,Enabled,4110005,No,2026-07-29 09:17:25.533,Normal,2018-11-13 10:03:02.974,2025-09-17 09:45:20.000,No,40.3225,-75.4759,FlexNetId: 50409133,FlexNet900,930.5375 MHz,25,901.8375 MHz
47755,true,,NEWSQUA-143T172,RTM II+,No,FlexNet,Enabled,4110005,No,2026-07-29 09:10:42.019,Normal,2020-07-23 08:55:54.677,2025-09-17 09:44:59.000,No,39.983822,-75.380723,FlexNetId: 50530558,FlexNet900,930.5375 MHz,67,901.8875 MHz
49288,true,,MARPLE-006RS1,RTM II+,No,FlexNet,Enabled,4110005,No,2026-07-29 09:19:45.809,Normal,2021-04-18 10:04:16.017,2025-09-17 10:13:09.000,No,39.9638,-75.3536,FlexNetId: 50531184,FlexNet900,930.5125 MHz,62,901.8375 MHz
42340,true,,BALA-141RM2,RTM II+,No,FlexNet,Enabled,4110005,No,2026-07-29 09:18:53.717,Normal,2018-06-21 10:31:32.966,2025-09-17 09:45:40.000,No,40.0169,-75.2418,FlexNetId: 50408497,FlexNet900,930.5125 MHz,32,901.8375 MHz
43000,true,,LINE-200T104,RTM II+,No,FlexNet,Enabled,4110005,No,2026-07-29 09:11:15.806,Normal,2018-07-17 13:23:06.743,2025-09-18 20:51:21.000,No,40.060821,-75.650769,FlexNetId: 50408225,FlexNet900,930.5125 MHz,86,901.8875 MHz
45626,true,,MACDADE-145RS3,RTM II+,No,FlexNet,Enabled,4110005,No,2026-07-29 09:20:36.923,Normal,2019-04-04 14:19:54.800,2025-09-17 10:08:50.000,No,39.889,-75.301,FlexNetId: 50410249,FlexNet900,930.5125 MHz,25,901.8625 MHz
43050,true,,PEACHBOT-361R4,RTM II+,No,FlexNet,Enabled,4110005,No,2026-07-29 09:15:45.120,Normal,2018-07-17 13:23:24.434,2025-09-17 09:45:22.000,No,39.800105,-76.364005,FlexNetId: 50408240,FlexNet900,930.5125 MHz,35,901.8375 MHz
48976,true,,STOWE-003RS1,RTM II+,No,FlexNet,Enabled,4110005,No,2026-07-29 09:15:20.817,Normal,2021-01-24 09:14:31.959,2025-09-17 09:57:34.000,No,40.253,-75.6739,FlexNetId: 50531120,FlexNet900,930.5125 MHz,32,901.8375 MHz
52304,true,,LINE-18800RM1,RTM II+,No,FlexNet,Enabled,4110005,No,2026-07-29 09:12:15.062,Normal,2023-08-11 08:02:53.916,2025-09-17 09:28:32.000,No,40.17606,-74.8294,FlexNetId: 50533418,FlexNet900,930.5125 MHz,24,901.8375 MHz
46136,true,,EMILIE-133RM2,RTM II+,No,FlexNet,Enabled,4110005,No,2026-07-29 09:20:07.321,Normal,2019-06-21 17:11:48.560,2025-09-17 09:54:56.000,No,40.134,-74.858,FlexNetId: 50410749,FlexNet900,930.5125 MHz,24,901.8375 MHz
45477,true,,MACDADE-139S1,RTM II+,No,FlexNet,Enabled,4110005,No,2026-07-29 09:17:18.202,Normal,2019-03-06 17:48:25.779,2025-09-17 10:04:29.000,No,39.916156,-75.294044,FlexNetId: 50410371,FlexNet900,930.5375 MHz,44,901.8625 MHz
32610,true,,ELMWOOD-134S1,RTM II+,No,FlexNet,Enabled,4110005,No,2026-07-29 09:18:20.229,Normal,2018-04-13 09:38:59.774,2025-09-17 10:08:44.000,No,39.942,-75.214,FlexNetId: 50404130,FlexNet900,930.5125 MHz,32,901.8875 MHz
47819,true,,LLANERCH-143T31,RTM II+,No,FlexNet,Enabled,4110005,No,2026-07-29 09:14:38.987,Normal,2020-08-15 21:30:18.738,2025-09-17 10:08:44.000,No,39.96,-75.286,FlexNetId: 50530683,FlexNet900,930.5125 MHz,32,901.8875 MHz
40360,true,,PLANEBRO-352R1,RTM II+,No,FlexNet,Enabled,4110005,No,2026-07-29 09:17:47.272,Normal,2018-03-26 15:46:39.591,2025-09-17 09:41:28.000,No,40.029926,-75.606669,FlexNetId: 50406278,FlexNet900,930.5125 MHz,28,901.8375 MHz
45314,true,,BELLEVUE-133T510,RTM II+,No,FlexNet,Enabled,4110005,No,2026-07-29 09:08:01.152,Normal,2019-04-03 08:30:35.328,2025-09-17 09:58:16.000,No,40.174,-74.931,FlexNetId: 50410133,FlexNet900,930.5375 MHz,27,901.8875 MHz
42132,true,,BALA-133RS2,RTM II+,No,FlexNet,Enabled,4110005,No,2026-07-29 09:19:44.198,Normal,2018-03-26 15:47:53.990,2025-09-17 09:50:39.000,No,40.000118,-75.257627,FlexNetId: 50408537,FlexNet900,930.5125 MHz,18,901.8625 MHz
45259,true,,BUCKINGH-353R3,RTM II+,No,FlexNet,Enabled,4110005,No,2026-07-29 09:18:09.208,Normal,2019-02-19 09:16:08.202,2025-09-17 09:58:58.000,No,40.216,-75.011,FlexNetId: 50410165,FlexNet900,930.5125 MHz,25,901.8375 MHz
40357,true,,FOXCHASE-131T357,RTM II+,No,FlexNet,Enabled,4110005,No,2026-07-29 09:10:50.903,Normal,2018-03-26 15:46:38.751,2025-09-17 10:20:51.000,No,40.071119,-75.077741,FlexNetId: 50407006,FlexNet900,930.5375 MHz,72,901.8875 MHz
40356,true,,PLYMOUTH-140T395,RTM II+,No,FlexNet,Enabled,4110005,No,2026-07-29 09:13:15.172,Normal,2018-03-26 15:46:38.332,2025-09-17 09:41:28.000,No,40.110005,-75.272022,FlexNetId: 50405916,FlexNet900,930.5125 MHz,29,901.8625 MHz
50170,true,,LINE-2214RM2,RTM II+,No,FlexNet,Enabled,4110005,No,2026-07-29 09:15:24.889,Normal,2021-10-21 11:21:20.131,2025-09-17 10:00:04.000,No,39.995,-75.145,FlexNetId: 50531639,FlexNet900,930.5125 MHz,50,901.8625 MHz
45506,true,,LINE-800S2,RTM II+,No,FlexNet,Enabled,4110005,No,2026-07-29 09:13:14.599,Normal,2019-03-06 17:48:37.247,2025-09-17 10:20:51.000,No,40.132,-75.544,FlexNetId: 50410269,FlexNet900,930.5375 MHz,43,901.8625 MHz
49482,true,,MASTER-133T826,RTM II+,No,FlexNet,Enabled,4110005,No,2026-07-29 09:17:23.144,Normal,2021-06-18 09:04:24.360,2025-09-17 09:51:49.000,No,39.977,-75.145,FlexNetId: 50531535,FlexNet900,930.5125 MHz,31,901.8375 MHz
45342,true,,LLANERCH-147T3,RTM II+,No,FlexNet,Enabled,4110005,No,2026-07-29 09:19:13.420,Normal,2019-03-22 09:11:40.063,2025-09-17 10:01:36.000,No,39.942713,-75.283202,FlexNetId: 50410153,FlexNet900,930.5125 MHz,49,901.8375 MHz
45212,true,,JENNERSV-341RM2,RTM II+,No,FlexNet,Enabled,4110005,No,2026-07-29 09:19:11.965,Normal,2019-02-19 09:16:00.961,2025-09-17 10:09:58.000,No,39.813,-75.901,FlexNetId: 50410189,FlexNet900,930.5375 MHz,76,901.8625 MHz
45204,true,,LINE-708T625,RTM II+,No,FlexNet,Enabled,4110005,No,2026-07-29 09:08:41.740,Normal,2019-02-19 09:15:58.144,2025-09-17 10:20:51.000,No,40,-75.072,FlexNetId: 50410169,FlexNet900,930.5125 MHz,43,901.8375 MHz
32542,true,,LINE-9900R4,RTM II+,No,FlexNet,Enabled,4110005,No,2026-07-29 09:07:57.039,Normal,2014-12-03 09:54:42.487,2025-09-17 09:44:38.000,No,40.039372,-75.353298,FlexNetId: 50403800,FlexNet900,930.5375 MHz,19,901.8875 MHz
49291,true,,WOODBOUR-342R1,RTM II+,No,FlexNet,Enabled,4110005,No,2026-07-29 09:13:20.183,Normal,2021-04-18 10:04:15.193,2025-09-17 09:50:19.000,No,40.2168,-75.8844,FlexNetId: 50531055,FlexNet900,930.5125 MHz,26,901.8375 MHz
52264,true,,LINE-2214T1082,RTM II+,No,FlexNet,Enabled,4110005,No,2026-07-29 09:07:21.757,Normal,2023-06-16 08:04:05.463,2025-09-17 09:50:18.000,No,39.99985,-75.15238,FlexNetId: 50532811,FlexNet900,930.5125 MHz,64,901.8875 MHz
44674,true,,GRAYSFER-161T603,RTM II+,No,FlexNet,Enabled,4110005,No,2026-07-29 09:08:17.754,Normal,2019-02-12 11:16:47.022,2025-09-17 10:16:23.000,No,39.931,-75.184,FlexNetId: 50409840,FlexNet900,930.5375 MHz,38,901.8375 MHz
43868,true,,NORWALES-354T280,RTM II+,No,FlexNet,Enabled,4110005,No,2026-07-29 09:12:34.729,Normal,2018-11-13 10:03:07.148,2025-09-17 09:30:18.000,No,40.2667,-75.2569,FlexNetId: 50409145,FlexNet900,930.5375 MHz,34,901.8375 MHz
43571,true,,CLAY-342RM4,RTM II+,No,FlexNet,Enabled,4110005,No,2026-07-29 09:18:43.027,Normal,2018-10-30 14:17:20.345,2025-09-17 10:20:51.000,No,39.748973,-75.874386,FlexNetId: 50408679,FlexNet900,930.5125 MHz,45,901.8625 MHz
43576,true,,WARRINGT-363RS2,RTM II+,No,FlexNet,Enabled,4110005,No,2026-07-29 09:19:52.446,Normal,2018-10-30 14:16:46.609,2025-09-17 10:20:51.000,No,40.2471,-75.1662,FlexNetId: 50408692,FlexNet900,930.5375 MHz,40,901.8875 MHz
42697,true,,NEWLINVI-344T133,RTM II+,No,FlexNet,Enabled,4110005,No,2026-07-29 09:18:36.547,Normal,2018-05-03 20:30:46.406,2025-09-17 09:41:29.000,No,40.005934,-75.826048,FlexNetId: 50408600,FlexNet900,930.5125 MHz,30,901.8375 MHz
48822,true,,LLANERCH-143S5,RTM II+,No,FlexNet,Enabled,4110005,No,2026-07-29 09:18:57.281,Normal,2020-12-03 12:46:29.372,2025-09-17 09:58:18.000,No,39.9627,-75.2901,FlexNetId: 50530954,FlexNet900,930.5125 MHz,30,901.8875 MHz
46212,true,,PLANEBRO-353RM1,RTM II+,No,FlexNet,Enabled,4110005,No,2026-07-29 09:06:02.526,Normal,2019-11-14 10:23:38.076,2025-09-17 09:44:58.000,No,40.059484,-75.546591,FlexNetId: 50410443,FlexNet900,930.5125 MHz,27,901.8375 MHz
45623,true,,BYBERRY-137T375,RTM II+,No,FlexNet,Enabled,4110005,No,2026-07-29 09:14:41.261,Normal,2019-04-04 14:20:18.999,2025-09-17 10:16:28.000,No,40.13,-75.007,FlexNetId: 50410236,FlexNet900,930.5375 MHz,19,901.8375 MHz
48789,true,,LLANERCH-143T751,RTM II+,No,FlexNet,Enabled,4110005,No,2026-07-29 09:18:39.052,Normal,2020-12-04 15:04:20.088,2025-09-17 09:59:20.000,No,39.9611,-75.2881,FlexNetId: 50530884,FlexNet900,930.5375 MHz,31,901.8875 MHz
46139,true,,EMILIE-131T570,RTM II+,No,FlexNet,Enabled,4110005,No,2026-07-29 09:07:26.253,Normal,2019-06-21 17:11:49.303,2025-09-17 10:16:33.000,No,40.142,-74.847,FlexNetId: 50410555,FlexNet900,930.5125 MHz,84,901.8375 MHz
47178,true,,COOPER-353T74,RTM II+,No,FlexNet,Enabled,4110005,No,2026-07-29 09:15:31.613,Normal,2020-02-25 09:06:13.694,2024-10-11 09:29:22.000,No,39.72837,-76.3256,FlexNetId: 50530176,FlexNet900,930.5375 MHz,17,901.8875 MHz
50177,true,Activated,NEWLINVI-341T916,RTM II+,No,Verizon,Not Applicable,4110005,No,2026-07-29 09:07:52.008,Normal,2021-11-03 10:29:07.807,,,39.96815,-75.75,IMEI: 354595115970759,Cell_LE910_VER,,-81,
50177,true,Activated,NEWLINVI-341T916,RTM II+,No,Verizon,Not Applicable,4110005,No,2026-07-29 09:07:52.008,Normal,2021-11-03 10:29:07.807,,,39.96815,-75.75,ICCID: 89148000006394060741,Cell_LE910_VER,,-81,
50733,true,,BYBERRY-143T1006,RTM II+,No,FlexNet,Enabled,4110005,No,2026-07-29 09:09:42.482,Normal,2022-04-12 07:23:29.275,2025-09-17 10:00:47.000,No,40.09498,-74.96835,FlexNetId: 50531985,FlexNet900,930.5125 MHz,32,901.8375 MHz
44672,true,,NEWLINVI-343T344,RTM II+,No,FlexNet,Enabled,4110005,No,2026-07-29 09:18:50.483,Normal,2020-01-08 11:13:51.490,2025-09-17 09:56:42.000,No,40.008414,-75.763988,FlexNetId: 50409656,FlexNet900,930.5375 MHz,24,901.8875 MHz
44764,true,,LINE-3344R3,RTM II+,No,FlexNet,Enabled,4110005,No,2026-07-29 09:20:10.379,Normal,2019-02-12 11:17:28.911,2025-09-17 10:16:28.000,No,39.869156,-75.382255,FlexNetId: 50409628,FlexNet900,930.5375 MHz,39,901.8625 MHz
42574,true,,LLANERCH-144T315,RTM II+,No,FlexNet,Enabled,4110005,No,2026-07-29 09:20:30.018,Normal,2018-04-13 09:02:35.230,2025-09-17 09:51:50.000,No,39.947593,-75.316407,FlexNetId: 50408583,FlexNet900,930.5375 MHz,32,901.8375 MHz
47476,true,,WAYNE-137S3,RTM II+,No,FlexNet,Enabled,4110005,No,2026-07-29 09:10:15.339,Normal,2020-05-21 11:57:33.771,2025-09-17 10:08:44.000,No,40.028,-75.353,FlexNetId: 50530718,FlexNet900,930.5375 MHz,26,901.8875 MHz
45475,true,,MACDADE-130T489,RTM II+,No,FlexNet,Enabled,4110005,No,2026-07-29 09:08:10.743,Normal,2019-03-06 17:48:24.941,2025-09-17 10:16:23.000,No,39.92,-75.285464,FlexNetId: 50410382,FlexNet900,930.5125 MHz,42,901.8625 MHz
43793,true,,BETZWOOD-342T134,RTM II+,No,FlexNet,Enabled,4110005,No,2026-07-29 09:07:52.619,Normal,2019-01-10 14:27:18.561,2025-09-17 09:45:01.000,No,40.130902,-75.393603,FlexNetId: 50409108,FlexNet900,930.5375 MHz,28,901.8875 MHz
48801,true,,JENKINTO-142T89,RTM II+,No,FlexNet,Enabled,4110005,No,2026-07-29 09:10:28.670,Normal,2020-12-03 12:46:41.598,2025-09-17 09:37:49.000,No,40.0839339,-75.1567991,FlexNetId: 50530927,FlexNet900,930.5375 MHz,18,901.8375 MHz
42971,true,,CRESCENT-132T143,RTM II+,No,FlexNet,Enabled,4110005,No,2026-07-29 09:20:33.612,Normal,2018-07-17 13:22:56.425,2025-09-17 09:29:15.000,No,40.019081,-75.096322,FlexNetId: 50408126,FlexNet900,930.5125 MHz,16,901.8375 MHz
42560,true,,ISLANDRD-132T190,RTM II+,No,FlexNet,Enabled,4110005,No,2026-07-29 09:20:47.632,Normal,2018-04-13 09:02:30.926,2025-09-17 09:45:23.000,No,39.913046,-75.221667,FlexNetId: 50408517,FlexNet900,930.5375 MHz,25,901.8625 MHz
44650,true,,CRESCENT-134T579,RTM II+,No,FlexNet,Enabled,4110005,No,2026-07-29 09:12:04.734,Normal,2019-02-12 11:16:35.862,2025-09-17 09:55:40.000,No,40.054,-75.123,FlexNetId: 50409764,FlexNet900,930.5375 MHz,31,901.8875 MHz
51465,true,,PULASKI-134RM1,RTM II+,No,FlexNet,Enabled,4110005,No,2026-07-29 09:13:01.846,Normal,2022-10-17 08:46:49.585,2025-09-17 10:16:25.000,No,40.057137,-75.153662,FlexNetId: 50532318,FlexNet900,930.5125 MHz,11,901.8375 MHz
48993,true,,NORRISTO-010RS1,RTM II+,No,FlexNet,Enabled,4110005,No,2026-07-29 09:17:44.383,Normal,2021-01-24 09:14:21.465,2025-09-17 10:06:18.000,No,40.1241,-75.348,FlexNetId: 50531104,FlexNet900,930.5125 MHz,31,901.8625 MHz
48748,true,,NESHAMIN-143T1064,RTM II+,No,FlexNet,Enabled,4110005,No,2026-07-29 09:13:16.477,Normal,2020-12-02 10:01:23.852,2025-09-17 10:20:51.000,No,40.1556,-74.9189,FlexNetId: 50530886,FlexNet900,930.5375 MHz,25,901.8875 MHz
35130,true,,BLUEGRAS-145T283,RTM II+,No,FlexNet,Enabled,4110005,No,2026-07-29 09:09:27.645,Normal,2016-07-13 13:42:15.293,2025-09-17 10:08:50.000,No,40.111632,-75.046495,FlexNetId: 50404692,FlexNet900,930.5375 MHz,11,901.8625 MHz
43664,true,,NEWLINVI-341S1,RTM II+,No,FlexNet,Enabled,4110005,No,2026-07-29 09:12:45.828,Normal,2018-10-30 14:16:59.196,2024-10-08 13:05:15.000,No,39.98001,-75.79758,FlexNetId: 50408811,FlexNet900,930.5375 MHz,54,901.8625 MHz
43599,true,,LINTON-351RM2,RTM II+,No,FlexNet,Enabled,4110005,No,2026-07-29 09:16:55.226,Normal,2018-10-30 14:16:53.604,2025-09-17 10:20:51.000,No,40.297999,-74.889473,FlexNetId: 50408739,FlexNet900,930.5375 MHz,25,901.8375 MHz
32654,true,,JENKINTO-135T877,RTM II+,No,FlexNet,Enabled,4110005,No,2026-07-29 09:20:29.575,Normal,2015-07-21 10:19:28.740,2025-09-17 10:00:04.000,No,40.106047,-75.085433,FlexNetId: 50403951,FlexNet900,930.5375 MHz,17,901.8625 MHz
29747,true,,MACDADE-136S3,RTM II+,No,FlexNet,Enabled,4110005,No,2026-07-29 09:20:50.745,Normal,2019-07-11 17:17:49.481,2025-09-17 09:58:40.000,No,39.909,-75.308,FlexNetId: 50401932,FlexNet900,930.5375 MHz,32,901.8625 MHz
45325,true,,PLANEBRO-351R1,RTM II+,No,FlexNet,Enabled,4110005,No,2026-07-29 09:13:43.944,Normal,2019-03-28 10:57:52.469,2025-09-17 10:01:56.000,No,40.039544,-75.515685,FlexNetId: 50409959,FlexNet900,930.5125 MHz,58,901.8375 MHz
52872,true,,PARRISH-139T652,RTM II+,No,FlexNet,Enabled,4110005,No,2026-07-29 09:06:44.679,Normal,2023-12-11 09:22:27.919,2025-09-17 10:17:05.000,No,39.978698,-75.216163,FlexNetId: 50533240,FlexNet900,930.5375 MHz,38,901.8375 MHz
42764,true,,SAVILLE-134T4,RTM II+,No,FlexNet,Enabled,4110005,No,2026-07-29 09:15:25.048,Normal,2018-05-11 12:14:08.667,2025-09-17 09:28:57.000,No,39.856513,-75.378678,FlexNetId: 50408188,FlexNet900,930.5375 MHz,26,901.8625 MHz
40378,true,,ROXBOROU-134S1,RTM II+,No,FlexNet,Enabled,4110005,No,2026-07-29 09:10:52.743,Normal,2017-11-09 09:57:52.357,2025-09-17 09:55:41.000,No,40.035262,-75.227207,FlexNetId: 50406713,FlexNet900,930.5125 MHz,39,901.8625 MHz
48834,true,,PLYMOUTH-140RM2,RTM II+,No,FlexNet,Enabled,4110005,No,2026-07-29 09:16:26.733,Normal,2020-12-03 12:46:31.441,2025-09-17 10:08:48.000,No,40.106,-75.265,FlexNetId: 50530894,FlexNet900,930.5125 MHz,25,901.8375 MHz
44610,true,,WAYNE-132S1,RTM II+,No,FlexNet,Enabled,4110005,No,2026-07-29 09:14:03.867,Normal,2019-02-12 11:16:17.318,2025-09-17 10:01:56.000,No,40.042503,-75.413598,FlexNetId: 50409739,FlexNet900,930.5125 MHz,18,901.8875 MHz
51468,true,,TABOR-137S3,RTM II+,No,FlexNet,Enabled,4110005,No,2026-07-29 09:17:10.445,Normal,2022-10-17 08:46:50.202,2025-09-17 09:49:42.000,No,40.0482,-75.1619,FlexNetId: 50532339,FlexNet900,930.5375 MHz,20,901.8375 MHz
51361,true,,RICHMOND-137RM1,RTM II+,No,FlexNet,Enabled,4110005,No,2026-07-29 09:09:24.047,Normal,2022-09-21 07:54:37.896,2025-09-17 10:13:06.000,No,40.01236,-75.081233,FlexNetId: 50532644,FlexNet900,930.5375 MHz,28,901.8375 MHz
43818,true,,BYBERRY-181RM1,RTM II+,No,FlexNet,Enabled,4110005,No,2026-07-29 09:08:48.625,Normal,2018-11-13 10:02:51.933,2025-09-17 10:02:16.000,No,40.12,-74.966,FlexNetId: 50409128,FlexNet900,930.5375 MHz,35,901.8875 MHz
46753,true,,DAVISVIL-004RS1,RTM II+,No,FlexNet,Enabled,4110005,No,2026-07-29 09:19:59.461,Normal,2019-12-12 09:46:25.448,2025-09-17 10:05:09.000,No,40.1373,-75.1214,FlexNetId: 50530375,FlexNet900,930.5375 MHz,68,901.8375 MHz
45483,true,,LOCK-341RM2,RTM II+,No,FlexNet,Enabled,4110005,No,2026-07-29 09:20:09.822,Normal,2019-03-06 17:48:27.934,2025-09-17 10:09:53.000,No,40.227,-75.581,FlexNetId: 50409586,FlexNet900,930.5375 MHz,30,901.8875 MHz
49465,true,,BYBERRY-134T86,RTM II+,No,FlexNet,Enabled,4110005,No,2026-07-29 09:10:28.415,Normal,2021-06-18 09:04:43.919,2025-09-17 09:45:18.000,No,40.09399,-74.97949,FlexNetId: 50531552,FlexNet900,930.5125 MHz,22,901.8375 MHz
45366,true,,COLWYN-132T460,RTM II+,No,FlexNet,Enabled,4110005,No,2026-07-29 09:12:32.815,Normal,2019-04-03 08:30:00.171,2025-09-17 09:44:40.000,No,39.919,-75.265,FlexNetId: 50410127,FlexNet900,930.5125 MHz,18,901.8375 MHz
44406,true,,MATSON-131T54,RTM II+,No,FlexNet,Enabled,4110005,No,2026-07-29 09:20:38.342,Normal,2019-02-07 15:34:04.544,2025-09-17 10:04:27.000,No,40.04051,-75.33857,FlexNetId: 50409521,FlexNet900,930.5375 MHz,28,901.8625 MHz
49563,true,,FORREST-004RS2,RTM II+,No,FlexNet,Enabled,4110005,No,2026-07-29 09:16:56.204,Normal,2021-07-22 09:40:20.783,2025-09-17 10:20:51.000,No,40.1201,-75.3594,FlexNetId: 50531574,FlexNet900,930.5125 MHz,37,901.8625 MHz
30024,true,,HOLMESBU-134RM1,RTM II+,No,FlexNet,Enabled,4110005,No,2026-07-29 09:17:52.514,Normal,2014-11-21 15:29:56.093,2025-09-17 10:00:04.000,No,40.048,-75.04508,FlexNetId: 50400995,FlexNet900,930.5125 MHz,33,901.8625 MHz
48274,true,,EAGLE-353RM2,RTM II+,No,FlexNet,Enabled,4110005,No,2026-07-29 09:14:14.168,Normal,2020-09-25 11:34:11.417,2025-09-17 10:20:52.000,No,40.175,-75.663,FlexNetId: 50530337,FlexNet900,930.5125 MHz,26,901.8375 MHz
42112,true,,BYBERRY-162T183,RTM II+,No,FlexNet,Enabled,4110005,No,2026-07-29 09:18:37.914,Normal,2018-03-26 15:47:48.327,2025-09-17 09:43:38.000,No,40.136868,-74.983444,FlexNetId: 50408408,FlexNet900,930.5125 MHz,11,901.8375 MHz
52848,true,,MIDDLETO-133RM2,RTM II+,No,FlexNet,Enabled,4110005,No,2026-07-29 09:20:30.076,Normal,2023-12-11 09:22:21.706,2025-09-17 10:17:49.000,No,39.88673,-75.40399,FlexNetId: 50533100,FlexNet900,930.5125 MHz,50,901.8375 MHz
49457,true,,LLANERCH-131S2,RTM II+,No,FlexNet,Enabled,4110005,No,2026-07-29 09:08:26.085,Normal,2021-06-18 09:03:14.572,2025-09-17 09:57:02.000,No,39.9876,-75.3063,FlexNetId: 50531437,FlexNet900,930.5125 MHz,41,901.8875 MHz
43692,true,,PERKIOME-354R2,RTM II+,No,FlexNet,Enabled,4110005,No,2026-07-29 09:15:20.209,Normal,2018-10-30 14:17:08.254,2025-09-17 09:43:55.000,No,40.215484,-75.366213,FlexNetId: 50408908,FlexNet900,930.5375 MHz,22,901.8375 MHz
49596,true,,MOON-007RS1,RTM II+,No,FlexNet,Enabled,4110005,No,2026-07-29 09:20:30.490,Normal,2021-07-29 10:16:42.541,2025-09-17 10:17:10.000,No,40.1957,-74.8163,FlexNetId: 50531510,FlexNet900,930.5125 MHz,38,901.8375 MHz
49278,true,,PLYMOUTH-138RM1,RTM II+,No,FlexNet,Enabled,4110005,No,2026-07-29 09:20:39.833,Normal,2021-04-18 10:04:19.002,2025-09-17 09:57:04.000,No,40.14554,-75.30246,FlexNetId: 50531209,FlexNet900,930.5125 MHz,19,901.8375 MHz
51134,true,,WARMINST-163RM1,RTM II+,No,FlexNet,Enabled,4110005,No,2026-07-29 09:18:47.224,Normal,2022-06-24 09:34:55.886,2025-09-17 09:29:40.000,No,40.23043,-75.17014,FlexNetId: 50532599,FlexNet900,930.5125 MHz,34,901.8375 MHz
53701,true,,SADSBURY-000R1,RTMx,No,FlexNet,Enabled,4110005,No,2026-07-29 09:17:36.127,Normal,2024-08-27 14:47:32.827,2025-09-17 10:17:49.000,No,39.982103,-75.89018,FlexNetId: 50480504,FlexNet900K24,930.5125 MHz,34,901.8375 MHz
40383,true,,MACDADE-143RM1,RTM II+,No,FlexNet,Enabled,4110005,No,2026-07-29 09:20:53.553,Normal,2017-11-09 09:57:52.737,2025-09-17 09:59:42.000,No,39.886349,-75.292537,FlexNetId: 50406742,FlexNet900,930.5125 MHz,25,901.8875 MHz
52758,true,,NORWALES-362R1,RTM II+,No,FlexNet,Enabled,4110005,No,2026-07-29 09:14:28.395,Normal,2023-11-20 12:13:59.419,2025-09-17 10:16:30.000,No,40.2204785,-75.2895108,FlexNetId: 50533615,FlexNet900,930.5125 MHz,48,901.8375 MHz
44502,true,,NORPHILA-134T213,RTM II+,No,FlexNet,Enabled,4110005,No,2026-07-29 09:10:24.102,Normal,2019-01-10 14:49:14.562,2025-09-17 09:49:12.000,No,39.989396,-75.131956,FlexNetId: 50409825,FlexNet900,930.5125 MHz,40,901.8375 MHz
45918,true,,LLANERCH-136T529,RTM II+,No,FlexNet,Enabled,4110005,No,2026-07-29 09:11:52.445,Normal,2019-06-04 09:36:50.160,2025-09-17 10:09:55.000,No,39.9579,-75.3221,FlexNetId: 50410935,FlexNet900,930.5125 MHz,50,901.8375 MHz
44520,true,,MACDADE-134T496,RTM II+,No,FlexNet,Enabled,4110005,No,2026-07-29 09:09:43.900,Normal,2019-01-10 14:49:23.616,2025-09-17 09:45:18.000,No,39.9046,-75.2811,FlexNetId: 50409906,FlexNet900,930.5125 MHz,72,901.8375 MHz
43914,true,,LINE-1098T227,RTM II+,No,FlexNet,Enabled,4110005,No,2026-07-29 09:12:07.252,Normal,2019-06-10 11:06:53.635,2025-09-17 09:58:14.000,No,39.9886,-75.1654,FlexNetId: 50409056,FlexNet900,930.5375 MHz,31,901.8875 MHz
51191,true,,PENCOYD-131T1,RTM II+,No,FlexNet,Enabled,4110005,No,2026-07-29 09:14:37.594,Normal,2022-07-20 09:09:25.546,2025-09-17 09:50:39.000,No,40.02632,-75.210695,FlexNetId: 50532614,FlexNet900,930.5125 MHz,25,901.8875 MHz
43282,true,,MACDADE-134RM3,RTM II+,No,FlexNet,Enabled,4110005,No,2026-07-29 09:12:36.543,Normal,2018-11-29 10:46:18.791,2025-09-17 09:45:19.000,No,39.9059,-75.2787,FlexNetId: 50408850,FlexNet900,930.5125 MHz,50,901.8875 MHz
43706,true,,SOLEBURY-001RS1,RTM II+,No,FlexNet,Enabled,4110005,No,2026-07-29 09:19:28.252,Normal,2018-10-30 14:17:12.584,2024-10-08 13:01:40.000,No,40.366805,-75.028395,FlexNetId: 50408762,FlexNet900,930.5125 MHz,27,901.8375 MHz
49558,true,,HANOVER-003RS1,RTM II+,No,FlexNet,Enabled,4110005,No,2026-07-29 09:20:32.286,Normal,2021-07-22 09:40:20.063,2025-09-17 10:06:18.000,No,40.2472,-75.6464,FlexNetId: 50531343,FlexNet900,930.5125 MHz,33,901.8375 MHz
45309,true,,EDDINGTO-132RM1,RTM II+,No,FlexNet,Enabled,4110005,No,2026-07-29 09:20:43.626,Normal,2019-04-03 08:30:05.374,2025-09-17 10:21:19.000,No,40.062,-74.978,FlexNetId: 50410121,FlexNet900,930.5125 MHz,19,901.8625 MHz
42976,true,,BUCKINGH-372S4,RTM II+,No,FlexNet,Enabled,4110005,No,2026-07-29 09:19:29.172,Normal,2018-07-17 13:22:58.166,2024-10-11 09:23:46.000,No,40.3454602,-75.02708234,FlexNetId: 50408131,FlexNet900,930.5125 MHz,40,901.8375 MHz
50883,true,,BUCKINGH-351T912,RTM II+,No,FlexNet,Enabled,4110005,No,2026-07-29 09:14:18.812,Normal,2022-06-23 10:26:06.503,2025-09-17 10:21:19.000,No,40.42729,-75.08135,FlexNetId: 50532683,FlexNet900,930.5375 MHz,21,901.8875 MHz
45138,true,,TUNA-131RM2,RTM II+,No,FlexNet,Enabled,4110005,No,2026-07-29 09:10:23.059,Normal,2019-02-19 09:15:34.040,2025-09-17 09:57:56.000,No,39.964,-75.144,FlexNetId: 50410032,FlexNet900,930.5125 MHz,21,901.8375 MHz
43162,true,,BYBERRY-184RM1,RTM II+,No,FlexNet,Enabled,4110005,No,2026-07-29 09:20:15.242,Normal,2018-10-02 13:29:06.660,2025-09-17 09:49:39.000,No,40.156241,-75.011588,FlexNetId: 50408108,FlexNet900,930.5375 MHz,42,901.8875 MHz
45265,true,,LINE-2327T609,RTM II+,No,FlexNet,Enabled,4110005,No,2026-07-29 09:13:02.462,Normal,2019-02-19 09:16:10.310,2025-09-17 10:04:26.000,No,40.03071,-75.22432,FlexNetId: 50409327,FlexNet900,930.5375 MHz,40,901.8875 MHz
53615,true,,LINE-2331RS3,RTMx,No,FlexNet,Enabled,4110005,No,2026-07-29 09:11:53.930,Normal,2024-08-27 14:42:58.001,2025-09-17 10:17:49.000,No,40.051089,-75.420434,FlexNetId: 50480565,FlexNet900K24,930.5125 MHz,23,901.8375 MHz
45176,true,,PULASKI-133T870,RTM II+,No,FlexNet,Enabled,4110005,No,2026-07-29 09:06:53.737,Normal,2019-02-19 09:15:48.264,2025-09-17 09:59:00.000,No,40.047,-75.168,FlexNetId: 50410027,FlexNet900,930.5125 MHz,22,901.8375 MHz
48287,true,,TABOR-135T799,RTM II+,No,FlexNet,Enabled,4110005,No,2026-07-29 09:20:20.141,Normal,2020-09-25 11:34:13.892,2025-09-17 10:06:09.000,No,40.0354,-75.14,FlexNetId: 50530488,FlexNet900,930.5375 MHz,30,901.8625 MHz
47702,true,,EAGLE-353T332,RTM II+,No,FlexNet,Enabled,4110005,No,2026-07-29 09:12:11.263,Normal,2020-08-15 21:35:22.321,2025-09-17 09:57:34.000,No,40.167,-75.665,FlexNetId: 50530779,FlexNet900,930.5125 MHz,15,901.8375 MHz
43018,true,,COOPER-372RM2,RTM II+,No,FlexNet,Enabled,4110005,No,2026-07-29 09:20:42.108,Normal,2018-07-17 13:23:12.956,2025-09-17 09:44:38.000,No,39.73028,-76.32289,FlexNetId: 50408089,FlexNet900,930.5375 MHz,22,901.8875 MHz
52760,true,,WANEETA-137RS1,RTM II+,No,FlexNet,Enabled,4110005,No,2026-07-29 09:13:25.863,Normal,2023-11-20 12:14:00.649,2025-09-17 09:44:14.000,No,39.994258,-75.1261757,FlexNetId: 50533572,FlexNet900,930.5125 MHz,24,901.8375 MHz
44628,true,,LINE-300S5,RTM II+,No,FlexNet,Enabled,4110005,No,2026-07-29 09:09:45.559,Normal,2019-02-12 11:16:25.667,2025-09-17 10:09:55.000,No,40.12806,-75.5638,FlexNetId: 50409754,FlexNet900,930.5125 MHz,56,901.8875 MHz
49113,true,,DOWNINGT-004RS1,RTM II+,No,FlexNet,Enabled,4110005,No,2026-07-29 09:16:31.263,Normal,2021-03-01 10:28:54.646,2025-09-17 09:57:58.000,No,40.0063,-75.6985,FlexNetId: 50531138,FlexNet900,930.5125 MHz,57,901.8625 MHz
42567,true,,BUCKINGH-342T341,RTM II+,No,FlexNet,Enabled,4110005,No,2026-07-29 09:10:10.436,Normal,2018-04-13 09:02:33.055,2025-09-17 10:02:16.000,No,40.3659,-74.9535,FlexNetId: 50408542,FlexNet900,930.5125 MHz,75,901.8625 MHz
47743,true,,MIDDLETO-349S4,RTM II+,No,FlexNet,Enabled,4110005,No,2026-07-29 09:18:05.352,Normal,2020-08-13 09:23:38.067,2025-09-17 09:57:53.000,No,39.975,-75.447,FlexNetId: 50530674,FlexNet900,930.5375 MHz,49,901.8875 MHz
32612,true,,HOLIDAY-000RS2,RTM II+,No,FlexNet,Enabled,4110005,No,2026-07-29 09:17:11.952,Normal,2018-04-13 09:39:00.110,2025-09-17 10:05:19.000,No,40.249,-75.661,FlexNetId: 50404096,FlexNet900,930.5125 MHz,59,901.8875 MHz
45493,true,,RICHMOND-145T288,RTM II+,No,FlexNet,Enabled,4110005,No,2026-07-29 09:19:46.053,Normal,2019-03-06 17:48:31.960,2025-09-17 09:57:31.000,No,40.014,-75.062,FlexNetId: 50410348,FlexNet900,930.5125 MHz,30,901.8625 MHz
45193,true,,UPPRPROV-343R2,RTM II+,No,FlexNet,Enabled,4110005,No,2026-07-29 09:15:40.583,Normal,2019-02-19 09:15:54.254,2025-09-17 10:02:20.000,No,40.176,-75.461,FlexNetId: 50410196,FlexNet900,930.5375 MHz,38,901.8875 MHz
46933,true,,GARRETT-002RS1,RTM II+,No,FlexNet,Enabled,4110005,No,2026-07-29 09:19:34.960,Normal,2020-01-05 21:03:41.553,2025-09-17 10:21:19.000,No,39.942,-75.294,FlexNetId: 50410592,FlexNet900,930.5375 MHz,39,901.8875 MHz
43288,true,,MACDADE-141RM1,RTM II+,No,FlexNet,Enabled,4110005,No,2026-07-29 09:17:25.132,Normal,2018-11-29 10:46:33.800,2025-09-17 09:59:38.000,No,39.894359,-75.287211,FlexNetId: 50408848,FlexNet900,930.5375 MHz,44,901.8375 MHz
45016,true,,PASSYUNK-132T363,RTM II+,No,FlexNet,Enabled,4110005,No,2026-07-29 09:07:42.502,Normal,2019-02-14 09:40:09.368,2025-09-17 09:54:53.000,No,39.927,-75.178,FlexNetId: 50409713,FlexNet900,930.5375 MHz,40,901.8375 MHz
50706,true,,PASSYUNK-136RM3,RTM II+,No,FlexNet,Enabled,4110005,No,2026-07-29 09:15:47.504,Normal,2022-03-09 10:11:16.907,2025-09-17 09:59:42.000,No,39.926,-75.167,FlexNetId: 50531793,FlexNet900,930.5125 MHz,20,901.8875 MHz
42775,true,,LOCK-341T118,RTM II+,No,FlexNet,Enabled,4110005,No,2026-07-29 09:08:12.433,Normal,2018-05-11 12:14:12.217,2025-09-17 09:42:25.000,No,40.242331,-75.551438,FlexNetId: 50408176,FlexNet900,930.5125 MHz,22,901.8875 MHz
46742,true,,TREDYFFR-141S1,RTM II+,No,FlexNet,Enabled,4110005,No,2026-07-29 09:16:28.226,Normal,2019-12-12 09:46:22.576,2025-09-17 10:10:01.000,No,40.049,-75.436,FlexNetId: 50530458,FlexNet900,930.5125 MHz,41,901.8625 MHz
49972,true,,BRYNMAWR-134T636,RTM II+,No,FlexNet,Enabled,4110005,No,2026-07-29 09:12:38.059,Normal,2021-10-08 09:26:33.897,2025-09-17 09:51:49.000,No,40.03945,-75.32016,FlexNetId: 50531699,FlexNet900,930.5125 MHz,15,901.8375 MHz
48877,true,,WHITEMAR-163S2,RTM II+,No,FlexNet,Enabled,4110005,No,2026-07-29 09:19:26.624,Normal,2020-12-28 11:58:45.974,2025-09-17 10:21:19.000,No,40.111873,-75.245701,FlexNetId: 50530415,FlexNet900,930.5125 MHz,22,901.8375 MHz
44360,true,,BRADFORD-343R2,RTM II+,No,FlexNet,Enabled,4110005,No,2026-07-29 09:07:31.368,Normal,2019-01-03 17:07:16.731,2025-09-17 09:48:07.000,No,39.9680164,-75.6346006,FlexNetId: 50409414,FlexNet900,930.5125 MHz,25,901.8625 MHz
50889,true,,WAYNE-133RM1,RTM II+,No,FlexNet,Enabled,4110005,No,2026-07-29 09:13:20.121,Normal,2022-06-23 10:26:07.245,2025-09-17 10:00:26.000,No,40.038,-75.411,FlexNetId: 50532739,FlexNet900,930.5125 MHz,38,901.8375 MHz
41356,true,,LLANERCH-142RM2,RTM II+,No,FlexNet,Enabled,4110005,No,2026-07-29 09:11:50.458,Normal,2018-03-26 15:47:00.839,2025-09-17 10:01:10.000,No,39.971326,-75.28485,FlexNetId: 50407386,FlexNet900,930.5125 MHz,36,901.8875 MHz
42849,true,,BRADFORD-351R3,RTM II+,No,FlexNet,Enabled,4110005,No,2026-07-29 09:15:23.259,Normal,2018-06-07 14:18:02.010,2025-09-17 09:28:33.000,No,40.012509,-75.653522,FlexNetId: 50408044,FlexNet900,930.5375 MHz,23,901.8625 MHz
45047,true,,PLANEBRO-343RS1,RTM II+,No,FlexNet,Enabled,4110005,No,2026-07-29 09:07:39.463,Normal,2019-02-14 09:40:20.357,2025-09-17 10:13:07.000,No,40.065812,-75.536259,FlexNetId: 50409291,FlexNet900,930.5375 MHz,45,901.8625 MHz
49115,true,,UPLAND-141S5,RTM II+,No,FlexNet,Enabled,4110005,No,2026-07-29 09:07:43.223,Normal,2021-03-01 10:28:44.152,2025-09-17 10:06:11.000,No,39.978,-75.241,FlexNetId: 50531142,FlexNet900,930.5125 MHz,34,901.8375 MHz
44679,true,,CONCORD-349T55,RTM II+,No,FlexNet,Enabled,4110005,No,2026-07-29 09:06:36.842,Normal,2019-02-12 11:16:49.445,2025-09-17 09:29:18.000,No,39.905,-75.557,FlexNetId: 50409822,FlexNet900,930.5125 MHz,22,901.8875 MHz
41361,true,,BYBERRY-148S2,RTM II+,No,FlexNet,Enabled,4110005,No,2026-07-29 09:15:22.332,Normal,2018-03-26 15:47:02.882,2025-09-17 10:21:20.000,No,40.136748,-74.994982,FlexNetId: 50407250,FlexNet900,930.5375 MHz,16,901.8375 MHz
42117,true,,FALLS-353T308,RTM II+,No,FlexNet,Enabled,4110005,No,2026-07-29 09:10:44.145,Normal,2018-03-26 15:47:50.384,2025-09-17 09:59:21.000,No,40.209662,-74.790951,FlexNetId: 50408467,FlexNet900,930.5125 MHz,72,901.8375 MHz
49828,true,,PARRISH-132RM1,RTM II+,No,FlexNet,Enabled,4110005,No,2026-07-29 09:20:09.631,Normal,2021-09-15 15:29:06.887,2025-09-17 09:59:39.000,No,39.973,-75.204,FlexNetId: 50531852,FlexNet900,930.5125 MHz,29,901.8375 MHz
45468,true,,UPPERDAR-140T517,RTM II+,No,FlexNet,Enabled,4110005,No,2026-07-29 09:15:59.462,Normal,2019-03-06 17:48:22.037,2025-09-17 10:06:20.000,No,39.9442,-75.268,FlexNetId: 50410337,FlexNet900,930.5125 MHz,33,901.8375 MHz
52290,true,,LINE-564T999,RTM II+,No,FlexNet,Enabled,4110005,No,2026-07-29 09:12:15.065,Normal,2023-08-11 08:02:52.234,2025-09-17 09:29:42.000,No,39.98604,-75.12501,FlexNetId: 50533205,FlexNet900,930.5125 MHz,42,901.8375 MHz
45181,true,,BRADFORD-341T668,RTM II+,No,FlexNet,Enabled,4110005,No,2026-07-29 09:08:45.122,Normal,2019-02-19 09:15:50.033,2025-09-17 10:06:19.000,No,40.002,-75.692,FlexNetId: 50410181,FlexNet900,930.5125 MHz,53,901.8875 MHz
43608,true,,HOLMESBU-135RM1,RTM II+,No,FlexNet,Enabled,4110005,No,2026-07-29 09:17:58.753,Normal,2018-10-30 14:16:57.332,2025-09-17 09:49:12.000,No,40.045872,-75.0163,FlexNetId: 50408797,FlexNet900,930.5125 MHz,32,901.8625 MHz
44653,true,,GRAYSFER-161S4,RTM II+,No,FlexNet,Enabled,4110005,No,2026-07-29 09:20:20.238,Normal,2019-02-12 11:16:37.324,2025-09-17 09:58:14.000,No,39.933,-75.183,FlexNetId: 50409725,FlexNet900,930.5375 MHz,41,901.8625 MHz
51734,true,,BUCKINGH-346RS7,RTM II+,No,FlexNet,Enabled,4110005,No,2026-07-29 09:15:34.139,Normal,2022-11-17 07:08:07.033,2025-09-17 09:29:15.000,No,40.3826,-75.2049,FlexNetId: 50532843,FlexNet900,930.5375 MHz,29,901.8875 MHz
50731,true,,ISLANDRD-131T1,RTM II+,No,FlexNet,Enabled,4110005,No,2026-07-29 09:15:29.135,Normal,2022-04-12 07:23:30.014,2025-09-17 09:50:41.000,No,39.9088,-75.2457,FlexNetId: 50531974,FlexNet900,930.5125 MHz,23,901.8375 MHz
44585,true,,MACDADE-138RS2,RTM II+,No,FlexNet,Enabled,4110005,No,2026-07-29 09:18:07.137,Normal,2019-02-12 11:16:04.640,2025-09-17 10:01:56.000,No,39.8998,-75.2858,FlexNetId: 50409789,FlexNet900,930.5125 MHz,42,901.8625 MHz
48283,true,,CALLOWHI-133T726,RTM II+,No,FlexNet,Enabled,4110005,No,2026-07-29 09:12:25.519,Normal,2020-09-25 11:34:13.200,2025-09-17 10:06:21.000,No,39.966,-75.1656,FlexNetId: 50530492,FlexNet900,930.5125 MHz,21,901.8375 MHz
45340,true,,EDDYSTON-138RM1,RTM II+,No,FlexNet,Enabled,4110005,No,2026-07-26 09:40:40.430,Missing,2019-04-03 08:29:49.200,2025-09-17 10:04:20.000,No,39.869066,-75.28445,FlexNetId: 50409960,FlexNet900,930.5125 MHz,65,901.8375 MHz
52753,true,,TACONY-133RM1,RTM II+,No,FlexNet,Enabled,4110005,No,2026-07-29 09:07:36.704,Normal,2023-11-20 12:13:58.842,2025-09-17 09:44:14.000,No,40.03167,-75.04682,FlexNetId: 50533581,FlexNet900,930.5125 MHz,25,901.8375 MHz
52776,true,,PARRISH-131T1230,RTM II+,No,FlexNet,Enabled,4110005,No,2026-07-29 09:15:28.603,Normal,2023-11-20 12:14:03.553,2025-09-17 10:16:31.000,No,39.97644,-75.22057,FlexNetId: 50533655,FlexNet900,930.5125 MHz,31,901.8375 MHz
52187,true,,FOXCHASE-135T1069,RTM II+,No,FlexNet,Enabled,4110005,No,2026-07-29 09:06:14.688,Normal,2023-06-07 07:36:02.314,2025-09-17 09:30:39.000,No,40.04357,-75.06427,FlexNetId: 50533150,FlexNet900,930.5125 MHz,23,901.8375 MHz
44979,true,,LINE-374T360,RTM II+,No,FlexNet,Enabled,4110005,No,2026-07-29 09:07:13.323,Normal,2019-02-12 11:18:02.864,2025-09-17 10:21:20.000,No,39.93,-75.164,FlexNetId: 50409702,FlexNet900,930.5375 MHz,35,901.8625 MHz
47739,true,,SAVILLE-130RM1,RTM II+,No,FlexNet,Enabled,4110005,No,2026-07-29 09:17:44.029,Normal,2020-08-13 09:23:47.260,2025-09-17 10:05:19.000,No,39.84446,-75.36886,FlexNetId: 50530691,FlexNet900,930.5125 MHz,48,901.8875 MHz
44385,true,,MARSHALL-001R1,RTM II+,No,FlexNet,Enabled,4110005,No,2026-07-29 09:19:09.679,Normal,2019-02-07 15:32:29.187,2025-09-17 10:04:27.000,No,39.94893,-75.68146,FlexNetId: 50409484,FlexNet900,930.5125 MHz,7,901.8875 MHz
52794,true,,CRESCENT-161RM1,RTM II+,No,FlexNet,Enabled,4110005,No,2026-07-29 09:11:58.183,Normal,2023-11-20 12:14:07.504,2025-09-17 09:33:01.000,No,40.024969,-75.116477,FlexNetId: 50533118,FlexNet900,930.5125 MHz,35,901.8375 MHz
45507,true,,JARRETT-142T566,RTM II+,No,FlexNet,Enabled,4110005,No,2026-07-29 09:08:29.605,Normal,2019-03-06 17:48:37.651,2025-09-17 10:16:26.000,No,40.204,-75.202,FlexNetId: 50410268,FlexNet900,930.5375 MHz,38,901.8875 MHz
44660,true,,JARRETT-144RM2,RTM II+,No,FlexNet,Enabled,4110005,No,2026-07-29 09:11:47.955,Normal,2019-02-12 11:16:40.557,2025-09-17 10:21:20.000,No,40.194,-75.184,FlexNetId: 50409902,FlexNet900,930.5125 MHz,42,901.8625 MHz
46948,true,,PHOENIXV-003RS1,RTM II+,No,FlexNet,Enabled,4110005,No,2026-07-29 09:18:28.518,Normal,2020-01-05 21:03:45.396,2025-09-17 09:57:31.000,No,40.132,-75.534,FlexNetId: 50530111,FlexNet900,930.5125 MHz,34,901.8375 MHz
45020,true,,MACDADE-146RS3,RTM II+,No,FlexNet,Enabled,4110005,No,2026-07-29 09:19:24.033,Normal,2019-04-29 14:32:44.982,2025-09-17 10:13:00.000,No,39.876,-75.32,FlexNetId: 50409384,FlexNet900,930.5375 MHz,48,901.8625 MHz
43030,true,,TREDYFFR-131T153,RTM II+,No,FlexNet,Enabled,4110005,No,2026-07-29 09:16:11.314,Normal,2018-07-17 13:23:17.215,2025-09-17 09:30:20.000,No,40.046781,-75.446788,FlexNetId: 50408249,FlexNet900,930.5125 MHz,56,901.8375 MHz
45540,true,,LLANERCH-148T293,RTM II+,No,FlexNet,Enabled,4110005,No,2026-07-29 09:12:06.499,Normal,2019-10-31 15:04:34.294,2025-09-17 10:13:09.000,No,39.97489,-75.306442,FlexNetId: 50410294,FlexNet900,930.5125 MHz,35,901.8375 MHz
44355,true,,LINE-2008RM1,RTM II+,No,FlexNet,Enabled,4110005,No,2026-07-29 09:18:41.550,Normal,2019-01-03 17:07:15.030,2025-09-17 09:45:43.000,No,39.9192065,-75.1806283,FlexNetId: 50409458,FlexNet900,930.5125 MHz,37,901.8625 MHz
52303,true,,BETZWOOD-351T1154,RTM II+,No,FlexNet,Enabled,4110005,No,2026-07-29 09:07:35.679,Normal,2023-08-11 08:02:53.817,2025-09-17 09:29:40.000,No,40.1345,-75.44205,FlexNetId: 50533226,FlexNet900,930.5125 MHz,23,901.8375 MHz
45100,true,,CONCORD-347RM1,RTM II+,No,FlexNet,Enabled,4110005,No,2026-07-29 09:20:45.231,Normal,2019-02-14 09:40:38.079,2025-09-17 09:44:41.000,No,39.8983,-75.4873,FlexNetId: 50410104,FlexNet900,930.5125 MHz,83,901.8625 MHz
43212,true,,HOLMESBU-145S1,RTM II+,No,FlexNet,Enabled,4110005,No,2026-07-29 09:20:12.754,Normal,2019-02-06 11:20:26.977,2025-09-17 09:49:40.000,No,40.0432,-75.0258,FlexNetId: 50408308,FlexNet900,930.5375 MHz,45,901.8375 MHz
51192,true,,MOSER-341S1,RTM II+,No,FlexNet,Enabled,4110005,No,2026-07-29 09:14:28.178,Normal,2022-07-20 09:09:25.726,2025-09-17 09:50:18.000,No,40.24873,-75.64319,FlexNetId: 50532488,FlexNet900,930.5125 MHz,43,901.8375 MHz
45092,true,,CHICHEST-136T929,RTM II+,No,FlexNet,Enabled,4110005,No,2026-07-29 09:14:10.561,Normal,2019-02-14 09:40:35.232,2025-09-17 10:09:55.000,No,39.857,-75.427,FlexNetId: 50409302,FlexNet900,930.5125 MHz,31,901.8375 MHz
51355,true,,WHITEMAR-161RM1,RTM II+,No,FlexNet,Enabled,4110005,No,2026-07-29 09:18:57.952,Normal,2022-09-21 07:54:37.007,2025-09-17 10:16:23.000,No,40.1355,-75.2139,FlexNetId: 50532746,FlexNet900,930.5125 MHz,41,901.8375 MHz
44203,true,,CRESCENT-164S2,RTM II+,No,FlexNet,Enabled,4110005,No,2026-07-29 09:18:17.690,Normal,2018-12-13 17:09:29.683,2025-09-17 10:02:20.000,No,40.03672,-75.13219,FlexNetId: 50409500,FlexNet900,930.5125 MHz,27,901.8625 MHz
40369,true,,CALLOWHI-132T280,RTM II+,No,FlexNet,Enabled,4110005,No,2026-07-29 09:08:48.624,Normal,2017-10-24 06:24:04.957,2025-09-17 09:55:20.000,No,39.97063,-75.173445,FlexNetId: 50406454,FlexNet900,930.5375 MHz,24,901.8625 MHz
43567,true,,MIDDLETO-349R1,RTM II+,No,FlexNet,Enabled,4110005,No,2026-07-29 09:06:43.616,Normal,2018-10-01 11:32:54.366,2025-09-17 09:45:23.000,No,39.967906,-75.474046,FlexNetId: 50408672,FlexNet900,930.5125 MHz,46,901.8375 MHz
46758,true,,BRADFORD-346T689,RTM II+,No,FlexNet,Enabled,4110005,No,2026-07-29 09:17:47.534,Normal,2019-12-12 09:45:05.350,2025-09-17 09:56:43.000,No,39.949,-75.719,FlexNetId: 50410627,FlexNet900,930.5125 MHz,28,901.8625 MHz
51184,true,,PARRISH-135S2,RTM II+,No,FlexNet,Enabled,4110005,No,2026-07-29 09:19:52.526,Normal,2022-07-21 14:52:24.813,2025-09-17 09:49:42.000,No,39.9689,-75.2461,FlexNetId: 50532529,FlexNet900,930.5375 MHz,19,901.8625 MHz
49451,true,,JENKINTO-134T875,RTM II+,No,FlexNet,Enabled,4110005,No,2026-07-29 09:08:32.895,Normal,2021-06-18 09:03:17.278,2025-09-17 10:06:15.000,No,40.1011,-75.1487,FlexNetId: 50531526,FlexNet900,930.5125 MHz,44,901.8625 MHz
45087,true,,CHICHEST-139RM1,RTM II+,No,FlexNet,Enabled,4110005,No,2026-07-29 09:06:21.210,Normal,2019-02-14 09:40:33.398,2025-09-17 09:59:21.000,No,39.839,-75.402,FlexNetId: 50409383,FlexNet900,930.5375 MHz,40,901.8625 MHz
44654,true,,MACDADE-134RM2,RTM II+,No,FlexNet,Enabled,4110005,No,2026-07-29 09:08:23.221,Normal,2019-02-12 11:16:37.762,2025-09-17 10:16:25.000,No,39.9056,-75.2662,FlexNetId: 50409726,FlexNet900,930.5375 MHz,28,901.8375 MHz
44316,true,,NORPHILA-132RM2,RTM II+,No,FlexNet,Enabled,4110005,No,2026-07-29 09:20:51.020,Normal,2019-01-03 17:07:36.915,2025-09-17 09:49:15.000,No,40.002573,-75.136188,FlexNetId: 50409417,FlexNet900,930.5125 MHz,25,901.8875 MHz
51723,true,,LINE-420S1,RTM II+,No,FlexNet,Enabled,4110005,No,2026-07-29 09:11:27.452,Normal,2022-11-17 07:00:20.514,2025-09-17 09:50:15.000,No,39.9151,-75.1601,FlexNetId: 50532758,FlexNet900,930.5125 MHz,30,901.8625 MHz
45169,true,,ROXBOROU-133T622,RTM II+,No,FlexNet,Enabled,4110005,No,2026-07-29 09:19:29.470,Normal,2019-02-19 09:15:45.845,2025-09-17 09:57:56.000,No,40.038,-75.225,FlexNetId: 50410072,FlexNet900,930.5375 MHz,56,901.8875 MHz
52404,true,,JARRETT-133RM1,RTM II+,No,FlexNet,Enabled,4110005,No,2026-07-29 09:15:49.582,Normal,2023-08-11 08:45:13.907,2025-09-17 10:16:30.000,No,40.18771,-75.19478,FlexNetId: 50533389,FlexNet900,930.5125 MHz,16,901.8375 MHz
45393,true,,CHICHEST-132T1095,RTM II+,No,FlexNet,Enabled,4110005,No,2026-07-29 09:19:08.214,Normal,2019-04-03 08:30:11.136,2025-09-17 09:33:34.000,No,39.83027,-75.40731,FlexNetId: 50409967,FlexNet900,930.5375 MHz,43,901.8625 MHz
51171,true,,LINTON-351S1,RTM II+,No,FlexNet,Enabled,4110005,No,2026-07-29 09:19:02.726,Normal,2022-07-13 08:33:25.253,2025-09-17 09:50:59.000,No,40.296,-74.88819,FlexNetId: 50532516,FlexNet900,930.5375 MHz,34,901.8375 MHz
45046,true,,MACDADE-147RS2,RTM II+,No,FlexNet,Enabled,4110005,No,2026-07-29 09:20:48.033,Normal,2019-02-14 09:40:20.041,2025-09-17 10:16:28.000,No,39.892,-75.312,FlexNetId: 50409300,FlexNet900,930.5125 MHz,36,901.8875 MHz
53731,true,,BUCKINGH-351RMP2,RTMx,No,FlexNet,Enabled,4110005,No,2026-07-29 09:08:12.650,Normal,2024-08-23 15:04:03.497,2025-09-17 10:17:10.000,No,40.4162,-75.11408,FlexNetId: 50480686,FlexNet900K24,930.5125 MHz,28,901.8375 MHz
52928,true,,BYBERRY-148T91,RTM II+,No,FlexNet,Enabled,4110005,No,2026-07-29 09:20:37.406,Normal,2024-01-16 18:33:26.592,2025-09-17 09:33:02.000,No,40.1549206,-74.9817667,FlexNetId: 50533568,FlexNet900,930.5125 MHz,52,901.8375 MHz
45207,true,,LOMBARD-133RM1,RTM II+,No,FlexNet,Enabled,4110005,No,2026-07-29 09:20:34.328,Normal,2019-02-19 09:15:59.120,2025-09-17 09:59:22.000,No,39.93943,-75.154833,FlexNetId: 50409339,FlexNet900,930.5375 MHz,36,901.8875 MHz
44717,true,,MATSON-131RS2,RTM II+,No,FlexNet,Enabled,4110005,No,2026-07-29 09:17:34.272,Normal,2019-02-12 11:17:07.171,2025-09-17 09:44:58.000,No,40.044,-75.327,FlexNetId: 50409620,FlexNet900,930.5375 MHz,19,901.8625 MHz
45501,true,,PACKER-132S3,RTM II+,No,FlexNet,Enabled,4110005,No,2026-07-29 09:20:50.526,Normal,2019-03-06 17:48:34.932,2025-09-17 09:56:00.000,No,39.922,-75.152,FlexNetId: 50409257,FlexNet900,930.5375 MHz,22,901.8875 MHz
43785,true,,GRAYSFER-141RM1,RTM II+,No,FlexNet,Enabled,4110005,No,2026-07-29 09:20:51.607,Normal,2019-01-15 11:15:22.398,2025-09-17 10:16:29.000,No,39.9425812,-75.1721457,FlexNetId: 50409104,FlexNet900,930.5375 MHz,39,901.8875 MHz
51811,true,,PERKIOME-344RM2,RTM II+,No,FlexNet,Enabled,4110005,No,2026-07-29 09:20:01.667,Normal,2022-12-08 08:07:36.696,2025-09-17 09:29:39.000,No,40.1803596,-75.4457324,FlexNetId: 50533000,FlexNet900,930.5125 MHz,56,901.8625 MHz
43881,true,,PERKIOME-353T249,RTM II+,No,FlexNet,Enabled,4110005,No,2026-07-29 09:14:44.787,Normal,2018-11-13 10:03:11.570,2025-09-17 09:45:19.000,No,40.232493450411,-75.4639094108766,FlexNetId: 50409159,FlexNet900,930.5125 MHz,24,901.8875 MHz
48819,true,,CARMEL-003RS1,RTM II+,No,FlexNet,Enabled,4110005,No,2026-07-29 09:19:33.157,Normal,2020-12-03 12:46:28.893,2025-09-17 10:05:09.000,No,40.1152,-75.1743,FlexNetId: 50530887,FlexNet900,930.5125 MHz,55,901.8375 MHz
43610,true,,CHICHEST-133T36,RTM II+,No,FlexNet,Enabled,4110005,No,2026-07-29 09:14:23.146,Normal,2018-10-05 14:49:08.280,2025-09-17 09:43:36.000,No,39.84848,-75.4377,FlexNetId: 50408723,FlexNet900,930.5125 MHz,26,901.8625 MHz
45132,true,,JARRETT-133S1,RTM II+,No,FlexNet,Enabled,4110005,No,2026-07-29 09:13:18.763,Normal,2019-02-19 09:16:16.932,2025-09-17 09:58:37.000,No,40.187046,-75.171363,FlexNetId: 50409987,FlexNet900,930.5125 MHz,31,901.8375 MHz
46763,true,,MARKLEY-133RS2,RTM II+,No,FlexNet,Enabled,4110005,No,2026-07-29 09:19:55.939,Normal,2019-12-12 09:45:00.973,2025-09-17 10:02:20.000,No,40.1301,-75.3242,FlexNetId: 50410681,FlexNet900,930.5125 MHz,52,901.8375 MHz
44179,true,,HARTMAN-351RM5,RTM II+,No,FlexNet,Enabled,4110005,No,2026-07-29 09:19:30.331,Normal,2018-12-13 17:09:06.431,2025-09-17 09:27:11.000,No,40.241364,-75.24136,FlexNetId: 50409466,FlexNet900,930.5125 MHz,29,901.8375 MHz
44696,true,,PACKER-135T1186,RTM II+,No,FlexNet,Enabled,4110005,No,2026-07-29 09:10:27.249,Normal,2019-02-12 11:16:57.653,2025-09-17 09:57:06.000,No,39.928,-75.149,FlexNetId: 50409684,FlexNet900,930.5375 MHz,23,901.8875 MHz
44582,true,,FORREST-006RS1,RTM II+,No,FlexNet,Enabled,4110005,No,2026-07-29 09:14:48.009,Normal,2019-02-12 11:16:03.014,2025-09-17 09:57:32.000,No,40.126639,-75.356418,FlexNetId: 50409927,FlexNet900,930.5375 MHz,73,901.8875 MHz
49967,true,,NEWSQUA-134T550,RTM II+,No,FlexNet,Enabled,4110005,No,2026-07-29 09:13:27.866,Normal,2021-10-08 09:29:22.587,2025-09-17 10:00:47.000,No,39.9908,-75.42879,FlexNetId: 50531604,FlexNet900,930.5125 MHz,19,901.8375 MHz
43786,true,,DALEVILL-341T78,RTM II+,No,FlexNet,Enabled,4110005,No,2026-07-29 09:20:10.272,Normal,2019-01-10 14:27:17.172,2025-09-17 09:45:43.000,No,39.862885,-75.826909,FlexNetId: 50409111,FlexNet900,930.5125 MHz,33,901.8375 MHz
45928,true,,PASSYUNK-139S3,RTM II+,No,FlexNet,Enabled,4110005,No,2026-07-29 09:09:32.920,Normal,2019-06-04 09:36:05.509,2025-09-17 09:56:44.000,No,39.923,-75.179,FlexNetId: 50410901,FlexNet900,930.5125 MHz,30,901.8375 MHz
45539,true,,LINE-1064T815,RTM II+,No,FlexNet,Enabled,4110005,No,2026-07-29 09:17:38.336,Normal,2019-03-06 17:48:50.624,2025-09-17 10:06:15.000,No,39.996,-75.182,FlexNetId: 50410293,FlexNet900,930.5375 MHz,28,901.8625 MHz
43780,true,,LINE-1900RM1,RTM II+,No,FlexNet,Enabled,4110005,No,2026-07-29 09:07:55.710,Normal,2019-01-10 14:27:41.797,2025-09-17 09:45:41.000,No,40.103537,-75.399645,FlexNetId: 50409116,FlexNet900,930.5125 MHz,42,901.8375 MHz
44734,true,,LLANERCH-166S2,RTM II+,No,FlexNet,Enabled,4110005,No,2026-07-29 09:09:07.240,Normal,2019-02-12 11:17:14.639,2025-09-17 09:56:44.000,No,39.9507,-75.2967,FlexNetId: 50409610,FlexNet900,930.5375 MHz,24,901.8625 MHz
53898,true,,LINE-6000RM1,RTMx,No,FlexNet,Enabled,4110005,No,2026-07-29 09:18:26.855,Normal,2024-09-06 10:10:05.665,2026-02-18 10:36:54.000,No,40.141362,-74.874344,FlexNetId: 50480688,FlexNet900K24,930.5125 MHz,31,901.8375 MHz
51903,true,,UPMERION-351RM1,RTM II+,No,FlexNet,Enabled,4110005,No,2026-07-29 09:19:03.618,Normal,2023-02-20 07:48:34.211,2025-09-17 09:50:17.000,No,40.07004,-75.44735,FlexNetId: 50532045,FlexNet900,930.5375 MHz,20,901.8375 MHz
43586,true,,LINTON-343T404,RTM II+,No,FlexNet,Enabled,4110005,No,2026-07-29 09:13:29.118,Normal,2018-10-30 14:16:50.067,2025-09-17 09:41:27.000,No,40.219673,-74.933227,FlexNetId: 50408750,FlexNet900,930.5125 MHz,62,901.8375 MHz
42104,true,,CALLOWHI-139T1033,RTM II+,No,FlexNet,Enabled,4110005,No,2026-07-29 09:17:44.180,Normal,2018-03-26 15:47:45.529,2025-09-17 10:00:26.000,No,39.97042,-75.16086,FlexNetId: 50408392,FlexNet900,930.5375 MHz,30,901.8875 MHz
44491,true,,NORWALES-343S1,RTM II+,No,FlexNet,Enabled,4110005,No,2026-07-29 09:20:21.422,Normal,2019-01-10 14:49:10.435,2025-09-17 10:00:48.000,No,40.265331,-75.372886,FlexNetId: 50409880,FlexNet900,930.5125 MHz,36,901.8375 MHz
49442,true,,CONCORD-351RM5,RTM II+,No,FlexNet,Enabled,4110005,No,2026-07-29 09:15:56.368,Normal,2021-06-18 09:03:38.125,2025-09-17 10:13:09.000,No,39.92047,-75.5231,FlexNetId: 50531515,FlexNet900,930.5125 MHz,20,901.8625 MHz
53831,true,,NEWLINVI-351RS3,RTM II+,No,FlexNet,Enabled,4110005,No,2026-07-29 09:18:15.868,Normal,2024-08-12 10:20:42.139,2025-09-17 10:17:07.000,No,39.99095,-75.77593,FlexNetId: 50534519,FlexNet900,930.5125 MHz,24,901.8375 MHz
43186,true,,LINE-9900S1,RTM II+,No,FlexNet,Enabled,4110005,No,2026-07-29 09:15:22.094,Normal,2018-10-02 13:29:14.260,2025-09-17 10:09:55.000,No,40.049638,-75.347885,FlexNetId: 50408332,FlexNet900,930.5375 MHz,30,901.8625 MHz
43009,true,,NORWALES-361R2,RTM II+,No,FlexNet,Enabled,4110005,No,2026-07-29 09:18:19.998,Normal,2018-07-17 13:23:09.932,2025-09-17 09:56:47.000,No,40.247097,-75.358679,FlexNetId: 50408279,FlexNet900,930.5125 MHz,30,901.8375 MHz
49004,true,,WHITEMAR-133RM3,RTM II+,No,FlexNet,Enabled,4110005,No,2026-07-29 09:11:49.634,Normal,2021-01-24 09:14:23.276,2025-09-17 09:57:34.000,No,40.091,-75.215,FlexNetId: 50531061,FlexNet900,930.5375 MHz,26,901.8375 MHz
45460,true,,PARRISH-140T534,RTM II+,No,FlexNet,Enabled,4110005,No,2026-07-29 09:16:02.011,Normal,2019-03-06 17:48:29.015,2025-09-17 10:13:07.000,No,39.962,-75.199,FlexNetId: 50410375,FlexNet900,930.5125 MHz,35,901.8375 MHz
45208,true,,KING-135RM1,RTM II+,No,FlexNet,Enabled,4110005,No,2026-07-29 09:20:39.176,Normal,2019-02-19 09:15:59.483,2025-09-17 09:56:47.000,No,40.0764,-75.3834,FlexNetId: 50410078,FlexNet900,930.5125 MHz,27,901.8375 MHz
45070,true,,NEWSQUA-144T537,RTM II+,No,FlexNet,Enabled,4110005,No,2026-07-29 09:16:03.284,Normal,2019-02-14 09:40:28.521,2025-09-17 10:16:33.000,No,39.982622,-75.365472,FlexNetId: 50409381,FlexNet900,930.5125 MHz,60,901.8875 MHz
45367,true,,PACKER-135S1,RTM II+,No,FlexNet,Enabled,4110005,No,2026-07-29 09:20:00.951,Normal,2019-04-03 08:30:00.573,2025-09-17 09:58:19.000,No,39.923,-75.16,FlexNetId: 50410015,FlexNet900,930.5125 MHz,25,901.8375 MHz
52324,true,,SOUTHWAR-141RM3,RTM II+,No,FlexNet,Enabled,4110005,No,2026-07-29 09:18:53.176,Normal,2023-08-11 08:02:56.101,2025-09-17 09:29:41.000,No,39.92897,-75.14755,FlexNetId: 50533408,FlexNet900,930.5125 MHz,29,901.8375 MHz
43647,true,,LINE-11600R6,RTM II+,No,FlexNet,Enabled,4110005,No,2026-07-29 09:11:41.361,Normal,2018-10-05 14:49:38.703,2025-09-17 09:44:19.000,No,39.984,-75.38,FlexNetId: 50408808,FlexNet900,930.5375 MHz,68,901.8875 MHz
47185,true,,PHOENIXV-001RS1,RTM II+,No,FlexNet,Enabled,4110005,No,2026-07-29 09:19:03.877,Normal,2020-02-25 09:05:49.751,2025-09-17 10:04:26.000,No,40.125,-75.51,FlexNetId: 50530849,FlexNet900,930.5125 MHz,41,901.8375 MHz
52789,true,,FOULK-132RM1,RTM II+,No,FlexNet,Enabled,4110005,No,2026-07-29 09:15:52.720,Normal,2023-11-20 12:14:06.977,2025-09-17 10:16:30.000,No,39.86277,-75.44001,FlexNetId: 50533592,FlexNet900,930.5375 MHz,24,901.8375 MHz
49966,true,,WAYNE-143RM1,RTM II+,No,FlexNet,Enabled,4110005,No,2026-07-29 09:17:10.207,Normal,2021-10-08 09:29:27.639,2025-09-17 09:51:51.000,No,40.0553,-75.3661,FlexNetId: 50531691,FlexNet900,930.5125 MHz,41,901.8375 MHz
51467,true,,GRAYSFER-131T1000,RTM II+,No,FlexNet,Enabled,4110005,No,2026-07-29 09:18:51.929,Normal,2022-10-17 08:46:50.058,2025-09-17 09:50:59.000,No,39.9455,-75.1866,FlexNetId: 50532337,FlexNet900,930.5375 MHz,50,901.8375 MHz
43654,true,,MIDDLETO-352R3,RTM II+,No,FlexNet,Enabled,4110005,No,2026-07-29 09:20:08.620,Normal,2018-10-05 14:49:20.727,2025-09-17 09:46:03.000,No,39.957506,-75.430249,FlexNetId: 50408804,FlexNet900,930.5375 MHz,16,901.8625 MHz
52852,true,,WHITEMAR-143RM1,RTM II+,No,FlexNet,Enabled,4110005,No,2026-07-29 09:08:45.062,Normal,2023-12-11 09:22:23.286,2025-09-17 10:16:31.000,No,40.11548,-75.21478,FlexNetId: 50533064,FlexNet900,930.5125 MHz,21,901.8375 MHz
44767,true,,BRYNMAWR-141T371,RTM II+,No,FlexNet,Enabled,4110005,No,2026-07-29 09:14:40.197,Normal,2019-02-12 11:17:30.428,2025-09-17 10:10:02.000,No,40.005,-75.297,FlexNetId: 50409643,FlexNet900,930.5375 MHz,24,901.8875 MHz
46757,true,,RICHMOND-143T714,RTM II+,No,FlexNet,Enabled,4110005,No,2026-07-29 09:13:58.207,Normal,2019-12-12 09:45:00.332,2025-09-17 10:05:16.000,No,40.02,-75.074,FlexNetId: 50410628,FlexNet900,930.5375 MHz,31,901.8625 MHz
51910,true,,JENKINTO-142T1075,RTM II+,No,FlexNet,Enabled,4110005,No,2026-07-29 09:07:50.445,Normal,2023-02-20 07:48:35.944,2025-09-17 09:44:16.000,No,40.0641,-75.1515,FlexNetId: 50532046,FlexNet900,930.5125 MHz,34,901.8875 MHz
41354,true,,NEWLINVI-342T132,RTM II+,No,FlexNet,Enabled,4110005,No,2026-07-29 09:09:48.824,Normal,2018-03-26 15:46:59.953,2025-09-17 09:28:54.000,No,40.045912,-75.81167,FlexNetId: 50407175,FlexNet900,930.5375 MHz,42,901.8625 MHz
48762,true,,BOOTH-003RS1,RTM II+,No,FlexNet,Enabled,4110005,No,2026-07-29 09:20:22.771,Normal,2020-12-02 10:01:25.157,2025-09-17 09:55:19.000,No,39.839,-75.3936,FlexNetId: 50530589,FlexNet900,930.5125 MHz,56,901.8375 MHz
51189,true,,BYBERRY-147T1009,RTM II+,No,FlexNet,Enabled,4110005,No,2026-07-29 09:16:55.303,Normal,2022-07-20 09:09:25.231,2025-09-17 09:50:59.000,No,40.1136,-75.0228,FlexNetId: 50532397,FlexNet900,930.5125 MHz,30,901.8625 MHz
44651,true,,JENKINTO-137S2,RTM II+,No,FlexNet,Enabled,4110005,No,2026-07-29 09:20:52.790,Normal,2019-02-12 11:16:36.310,2025-09-17 10:16:26.000,No,40.061,-75.124,FlexNetId: 50409748,FlexNet900,930.5125 MHz,26,901.8875 MHz
44177,true,,DALEVILL-342T87,RTM II+,No,FlexNet,Enabled,4110005,No,2026-07-29 09:18:58.904,Normal,2018-12-13 17:09:05.692,2025-09-17 09:46:00.000,No,39.839811,-75.74109,FlexNetId: 50409325,FlexNet900,930.5125 MHz,58,901.8375 MHz
42994,true,,COOPER-353S3,RTM II+,No,FlexNet,Enabled,4110005,No,2026-07-29 09:13:38.188,Normal,2018-07-17 13:23:04.590,2025-09-17 09:45:23.000,No,39.738717,-76.325399,FlexNetId: 50408363,FlexNet900,930.5125 MHz,49,901.8875 MHz
52414,true,,NESHAMIN-164RM1,RTM II+,No,FlexNet,Enabled,4110005,No,2026-07-29 09:16:52.372,Normal,2023-08-15 08:49:39.219,2025-09-17 09:59:20.000,No,40.1626648,-74.9130739,FlexNetId: 50533187,FlexNet900,930.5125 MHz,35,901.8375 MHz
52756,true,,JENKINTO-144T104,RTM II+,No,FlexNet,Enabled,4110005,No,2026-07-29 09:15:30.325,Normal,2023-11-20 12:13:59.178,2025-09-17 10:16:30.000,No,40.11186,-75.19131,FlexNetId: 50533565,FlexNet900,930.5125 MHz,30,901.8375 MHz
45220,true,,BRADFORD-351T363,RTM II+,No,FlexNet,Enabled,4110005,No,2026-07-29 09:11:04.529,Normal,2019-02-19 09:16:03.709,2025-09-17 10:04:26.000,No,40.019905,-75.641394,FlexNetId: 50410073,FlexNet900,930.5375 MHz,40,901.8875 MHz
49280,true,,EAGLE-341S1,RTM II+,No,FlexNet,Enabled,4110005,No,2026-07-29 09:17:05.193,Normal,2021-04-18 10:04:18.433,2025-09-17 10:08:08.000,No,40.0667,-75.6892,FlexNetId: 50531050,FlexNet900,930.5125 MHz,45,901.8875 MHz
43259,true,,LINE-3327R1,RTM II+,No,FlexNet,Enabled,4110005,No,2026-07-29 09:07:20.826,Normal,2018-12-07 14:59:18.219,2025-09-17 09:29:19.000,No,39.9243,-75.2608,FlexNetId: 50408841,FlexNet900,930.5375 MHz,42,901.8875 MHz
42568,true,,JENKINTO-140T409,RTM II+,No,FlexNet,Enabled,4110005,No,2026-07-29 09:16:51.476,Normal,2018-04-13 09:02:33.348,2025-09-17 09:46:00.000,No,40.112448,-75.155367,FlexNetId: 50408404,FlexNet900,930.5125 MHz,39,901.8875 MHz
43615,true,,MASTER-144RM1,RTM II+,No,FlexNet,Enabled,4110005,No,2026-07-29 09:16:03.991,Normal,2018-10-05 14:49:08.588,2025-09-17 10:01:12.000,No,39.97856,-75.166103,FlexNetId: 50408737,FlexNet900,930.5375 MHz,36,901.8625 MHz
43002,true,,BRYNMAWR-142R2,RTM II+,No,FlexNet,Enabled,4110005,No,2026-07-29 09:20:19.241,Normal,2018-07-17 13:23:07.457,2025-09-17 09:45:23.000,No,40.01232,-75.27499,FlexNetId: 50408367,FlexNet900,930.5125 MHz,19,901.8625 MHz
52207,true,,ISLANDRD-138RM1,RTM II+,No,FlexNet,Enabled,4110005,No,2026-07-29 09:17:52.470,Normal,2023-06-07 07:36:06.466,2025-09-17 09:29:40.000,No,39.9169939,-75.2343311,FlexNetId: 50532084,FlexNet900,930.5125 MHz,30,901.8375 MHz
43691,true,,MIDDLETO-132S2,RTM II+,No,FlexNet,Enabled,4110005,No,2026-07-29 09:14:04.867,Normal,2018-10-30 14:17:07.934,2025-09-17 09:45:22.000,No,39.920321,-75.387001,FlexNetId: 50408909,FlexNet900,930.5125 MHz,31,901.8375 MHz
46422,true,,UPLAND-141S3,RTM II+,No,FlexNet,Enabled,4110005,No,2026-07-29 09:09:42.690,Normal,2019-09-03 12:48:04.702,2025-09-17 09:58:16.000,No,39.973,-75.241,FlexNetId: 50410577,FlexNet900,930.5125 MHz,35,901.8875 MHz
45063,true,,EAGLE-351R4,RTM II+,No,FlexNet,Enabled,4110005,No,2026-07-29 09:16:40.995,Normal,2019-02-14 09:40:26.001,2025-09-17 09:45:02.000,No,40.0957,-75.6849,FlexNetId: 50409361,FlexNet900,930.5125 MHz,63,901.8875 MHz
48790,true,,RICHMOND-143RM1,RTM II+,No,FlexNet,Enabled,4110005,No,2026-07-29 09:15:51.166,Normal,2020-12-04 15:04:20.287,2025-09-17 10:06:11.000,No,40.0568,-75.4039,FlexNetId: 50530890,FlexNet900,930.5375 MHz,35,901.8375 MHz
41393,true,,WOODBOUR-342T261,RTM II+,No,FlexNet,Enabled,4110005,No,2026-07-29 09:11:05.012,Normal,2018-03-26 15:47:14.376,2025-09-17 09:43:55.000,No,40.231812,-74.82574,FlexNetId: 50407321,FlexNet900,930.5375 MHz,80,901.8875 MHz
44662,true,,LINE-8400R1,RTM II+,No,FlexNet,Enabled,4110005,No,2026-07-29 09:15:21.854,Normal,2019-02-12 11:16:41.475,2025-09-17 09:59:20.000,No,40.0346,-75.349,FlexNetId: 50409830,FlexNet900,930.5375 MHz,24,901.8625 MHz
43230,true,,PLANEBRO-342R1,RTM II+,No,FlexNet,Enabled,4110005,No,2026-07-29 09:09:57.310,Normal,2018-12-07 10:46:59.350,2025-09-17 09:59:02.000,No,40.05561,-75.63826,FlexNetId: 50408297,FlexNet900,930.5375 MHz,45,901.8625 MHz
43663,true,,GOSHEN-352T61,RTM II+,No,FlexNet,Enabled,4110005,No,2026-07-29 09:06:55.463,Normal,2018-10-30 14:16:58.887,2025-09-17 09:45:41.000,No,39.9647,-75.5002,FlexNetId: 50408795,FlexNet900,930.5125 MHz,76,901.8375 MHz
44716,true,,PLYMOUTH-148RS3,RTM II+,No,FlexNet,Enabled,4110005,No,2026-07-29 09:20:32.799,Normal,2019-02-12 11:17:06.680,2025-09-17 10:04:28.000,No,40.1246,-75.3371,FlexNetId: 50409624,FlexNet900,930.5125 MHz,33,901.8375 MHz
46216,true,,PERKIOME-343T398,RTM II+,No,FlexNet,Enabled,4110005,No,2026-07-29 09:06:10.933,Normal,2019-07-22 11:09:06.171,2025-09-17 10:08:41.000,No,40.236,-75.538,FlexNetId: 50410711,FlexNet900,930.5375 MHz,36,901.8875 MHz
44330,true,,LINE-2478T250,RTM II+,No,FlexNet,Enabled,4110005,No,2026-07-29 09:19:23.494,Normal,2019-01-03 17:07:06.550,2025-09-17 09:48:06.000,No,39.9326,-75.1655,FlexNetId: 50409403,FlexNet900,930.5375 MHz,27,901.8875 MHz
46916,true,,ELMWOOD-135S4,RTM II+,No,FlexNet,Enabled,4110005,No,2026-07-29 09:14:03.993,Normal,2020-01-05 21:03:38.072,2025-09-17 10:02:17.000,No,39.9288,-75.2211,FlexNetId: 50530168,FlexNet900,930.5125 MHz,57,901.8375 MHz
44333,true,,LINE-414T214,RTM II+,No,FlexNet,Enabled,4110005,No,2026-07-29 09:06:45.947,Normal,2019-01-03 17:07:07.582,2025-09-17 09:46:05.000,No,39.9188388,-75.1505736,FlexNetId: 50409461,FlexNet900,930.5125 MHz,62,901.8375 MHz
42142,true,,BUCKINGH-361S1,RTM II+,No,FlexNet,Enabled,4110005,No,2026-07-29 09:13:13.337,Normal,2018-07-26 08:14:24.715,2025-09-17 09:28:33.000,No,40.31343,-75.10791,FlexNetId: 50408432,FlexNet900,930.5125 MHz,86,901.8375 MHz
45117,true,,MACDADE-143S2,RTM II+,No,FlexNet,Enabled,4110005,No,2026-07-29 09:20:18.743,Normal,2019-02-14 09:40:44.444,2025-09-17 10:09:55.000,No,39.8874,-75.2984,FlexNetId: 50410028,FlexNet900,930.5125 MHz,38,901.8625 MHz
43261,true,,LINE-11600RM2,RTM II+,No,FlexNet,Enabled,4110005,No,2026-07-29 09:09:55.486,Normal,2018-11-27 10:03:41.231,2025-09-17 10:00:48.000,No,39.985735,-75.395915,FlexNetId: 50408697,FlexNet900,930.5375 MHz,30,901.8625 MHz
45525,true,,LINE-2397S1,RTM II+,No,FlexNet,Enabled,4110005,No,2026-07-29 09:07:17.816,Normal,2019-03-06 17:48:44.786,2025-09-17 10:09:58.000,No,40.029,-75.037,FlexNetId: 50410315,FlexNet900,930.5375 MHz,45,901.8875 MHz
50473,true,,LINE-2235S3,RTM II+,No,FlexNet,Enabled,4110005,No,2026-07-29 09:20:18.342,Normal,2021-12-14 08:31:19.017,2025-09-17 09:51:02.000,No,40.054186,-75.090223,FlexNetId: 50531881,FlexNet900,930.5125 MHz,53,901.8375 MHz
50419,true,,ISLANDRD-133RM2,RTM II+,No,FlexNet,Enabled,4110005,No,2026-07-29 09:19:05.680,Normal,2021-12-02 08:41:15.772,2025-09-17 09:51:52.000,No,39.92001,-75.2433,FlexNetId: 50531770,FlexNet900,930.5125 MHz,15,901.8375 MHz
48815,true,,TACONY-013RS1,RTM II+,No,FlexNet,Enabled,4110005,No,2026-07-29 09:19:58.750,Normal,2020-12-03 12:46:28.337,2025-09-17 09:51:49.000,No,40.0259,-75.0556,FlexNetId: 50530889,FlexNet900,930.5375 MHz,47,901.8875 MHz
52188,true,,LINE-2022T896,RTM II+,No,FlexNet,Enabled,4110005,No,2026-07-29 09:07:10.321,Normal,2023-06-07 07:36:02.516,2025-09-17 09:37:49.000,No,39.90745,-75.18977,FlexNetId: 50532088,FlexNet900,930.5125 MHz,35,901.8375 MHz
44997,true,,BYBERRY-137RM2,RTM II+,No,FlexNet,Enabled,4110005,No,2026-07-29 09:19:34.680,Normal,2019-02-12 11:18:12.036,2025-09-17 10:04:20.000,No,40.125,-75.014,FlexNetId: 50409803,FlexNet900,930.5375 MHz,53,901.8875 MHz
43633,true,,LENAPE-352SD1,RTM II+,No,FlexNet,Enabled,4110005,No,2026-07-29 09:14:24.860,Normal,2018-10-05 14:49:14.027,2025-09-17 09:43:35.000,No,39.899101,-75.660339,FlexNetId: 50408860,FlexNet900,930.5125 MHz,14,901.8375 MHz
49875,true,,UPPRPROV-344RM1,RTM II+,No,FlexNet,Enabled,4110005,No,2026-07-29 09:16:01.055,Normal,2021-10-05 10:05:47.346,2025-09-17 09:37:49.000,No,40.20048,-75.53732,FlexNetId: 50531605,FlexNet900,930.5375 MHz,32,901.8375 MHz
52186,true,,BLUEGRAS-133T209,RTM II+,No,FlexNet,Enabled,4110005,No,2026-07-29 09:12:32.383,Normal,2023-06-07 07:36:02.152,2025-09-17 09:29:18.000,No,40.1030302,-75.0505509,FlexNetId: 50533142,FlexNet900,930.5125 MHz,8,901.8375 MHz
49247,true,,CONCORD-354RS3,RTM II+,No,FlexNet,Enabled,4110005,No,2026-07-29 09:17:43.487,Normal,2021-04-09 08:46:43.537,2025-09-17 10:10:02.000,No,39.8506,-75.5382,FlexNetId: 50530984,FlexNet900,930.5125 MHz,56,901.8375 MHz
44804,true,,BRYNMAWR-132T646,RTM II+,No,FlexNet,Enabled,4110005,No,2026-07-29 09:17:37.383,Normal,2019-02-12 11:17:52.398,2025-09-17 09:45:00.000,No,40.032,-75.337,FlexNetId: 50409853,FlexNet900,930.5125 MHz,27,901.8375 MHz
43001,true,,COOPER-371R2,RTM II+,No,FlexNet,Enabled,4110005,No,2026-07-29 09:09:11.686,Normal,2018-07-17 13:23:07.109,2025-09-17 09:59:00.000,No,39.746114,-76.330438,FlexNetId: 50408364,FlexNet900,930.5125 MHz,42,901.8375 MHz
49117,true,,NORWALES-347S1,RTM II+,No,FlexNet,Enabled,4110005,No,2026-07-29 09:20:01.636,Normal,2021-03-01 10:28:29.523,2025-09-17 10:17:09.000,No,40.1808,-75.2802,FlexNetId: 50531145,FlexNet900,930.5125 MHz,34,901.8375 MHz
48978,true,,BRIDGEPO-002RS1,RTM II+,No,FlexNet,Enabled,4110005,No,2026-07-29 09:20:24.385,Normal,2021-01-24 09:14:47.090,2025-09-17 09:56:47.000,No,40.1061,-75.3474,FlexNetId: 50531126,FlexNet900,930.5375 MHz,64,901.8875 MHz
45104,true,,LLANERCH-132T503,RTM II+,No,FlexNet,Enabled,4110005,No,2026-07-29 09:07:56.460,Normal,2019-02-14 09:40:39.669,2025-09-17 10:09:53.000,No,39.961466,-75.275121,FlexNetId: 50410100,FlexNet900,930.5125 MHz,17,901.8625 MHz
44340,true,,PACKER-135RM1,RTM II+,No,FlexNet,Enabled,4110005,No,2026-07-29 09:08:37.577,Normal,2019-01-03 17:07:09.986,2025-09-17 09:48:08.000,No,39.9251848,-75.1565961,FlexNetId: 50409457,FlexNet900,930.5125 MHz,30,901.8625 MHz
44659,true,,JENKINTO-142T538,RTM II+,No,FlexNet,Enabled,4110005,No,2026-07-29 09:06:52.097,Normal,2019-02-12 11:16:40.109,2025-09-17 10:21:20.000,No,40.0641,-75.16,FlexNetId: 50409899,FlexNet900,930.5125 MHz,24,901.8375 MHz
43222,true,,LINE-2671RM1,RTM II+,No,FlexNet,Enabled,4110005,No,2026-07-29 09:17:34.511,Normal,2019-02-13 12:25:44.148,2025-09-17 09:57:57.000,No,39.97245,-75.2158,FlexNetId: 50408299,FlexNet900,930.5375 MHz,31,901.8625 MHz
44396,true,,LOCK-342RM1,RTM II+,No,FlexNet,Enabled,4110005,No,2026-07-29 09:19:04.549,Normal,2019-02-07 15:32:28.841,2025-09-17 10:04:25.000,No,40.24465,-75.65288,FlexNetId: 50409266,FlexNet900,930.5125 MHz,42,901.8875 MHz
53909,true,,PLYMOUTH-148RM1,RTMx,No,FlexNet,Enabled,4110005,No,2026-07-29 09:10:04.641,Normal,2024-09-06 10:53:33.363,2025-09-17 09:33:05.000,No,40.1224,-75.3339,FlexNetId: 50480693,FlexNet900K24,930.5125 MHz,55,901.8625 MHz
44514,true,,NEWLINVI-361RM1,RTM II+,No,FlexNet,Enabled,4110005,No,2026-07-29 09:18:39.590,Normal,2019-01-10 14:49:21.076,2025-09-17 09:55:19.000,No,39.965935,-75.80369,FlexNetId: 50409859,FlexNet900,930.5375 MHz,27,901.8625 MHz
43954,true,,LLANERCH-142T220,RTM II+,No,FlexNet,Enabled,4110005,No,2026-07-29 09:13:59.948,Normal,2018-11-12 10:54:16.155,2025-09-17 09:42:25.000,No,39.984259,-75.273747,FlexNetId: 50409168,FlexNet900,930.5125 MHz,33,901.8375 MHz
41337,true,,WARRINGT-362R1,RTM II+,No,FlexNet,Enabled,4110005,No,2026-07-29 09:09:36.766,Normal,2018-03-26 15:46:53.269,2025-09-17 09:41:26.000,No,40.220182,-75.08133,FlexNetId: 50407466,FlexNet900,930.5125 MHz,32,901.8625 MHz
46828,true,,WARMINST-171RM2,RTM II+,No,FlexNet,Enabled,4110005,No,2026-07-29 09:20:42.682,Normal,2019-12-10 09:34:38.912,2025-09-17 10:21:20.000,No,40.171,-75.074,FlexNetId: 50410601,FlexNet900,930.5125 MHz,19,901.8375 MHz
50875,true,,PARRISH-135S1,RTM II+,No,FlexNet,Enabled,4110005,No,2026-07-29 09:11:43.646,Normal,2022-06-23 10:26:04.754,2025-09-17 09:28:31.000,No,39.96898,-75.23375,FlexNetId: 50532718,FlexNet900,930.5375 MHz,27,901.8375 MHz
46829,true,,BROOMALL-136T443,RTM II+,No,FlexNet,Enabled,4110005,No,2026-07-29 09:19:26.635,Normal,2019-12-12 09:45:05.004,2025-09-17 10:01:54.000,No,39.976387,-75.337644,FlexNetId: 50410665,FlexNet900,930.5125 MHz,29,901.8875 MHz
30316,true,,ROXBOROU-134RM3,RTM II+,No,FlexNet,Enabled,4110005,No,2026-07-29 09:15:38.566,Normal,2020-08-19 08:26:39.533,2025-09-17 10:08:44.000,No,40.036,-75.222,FlexNetId: 50402060,FlexNet900,930.5125 MHz,36,901.8625 MHz
44790,true,,PLANEBRO-344T656,RTM II+,No,FlexNet,Enabled,4110005,No,2026-07-29 09:13:46.022,Normal,2019-02-12 11:17:41.268,2025-09-17 09:56:00.000,No,40.0039,-75.5795,FlexNetId: 50409630,FlexNet900,930.5375 MHz,31,901.8625 MHz
51441,true,,LINE-2345T742,RTM II+,No,FlexNet,Enabled,4110005,No,2026-07-29 09:14:10.988,Normal,2022-10-11 07:23:36.644,2025-09-17 09:44:17.000,No,40.0393,-75.0393,FlexNetId: 50532256,FlexNet900,930.5125 MHz,26,901.8375 MHz
49973,true,,WAYNE-146S1,RTM II+,No,FlexNet,Enabled,4110005,No,2026-07-29 09:06:17.285,Normal,2021-10-08 09:26:25.896,2025-09-17 09:51:49.000,No,40.038017,-75.3376589,FlexNetId: 50531675,FlexNet900,930.5125 MHz,21,901.8375 MHz
49543,true,,BUCKINGH-342T832,RTM II+,No,FlexNet,Enabled,4110005,No,2026-07-29 09:07:16.328,Normal,2021-07-22 09:38:08.288,2025-09-17 09:29:18.000,No,40.3734,-74.9608,FlexNetId: 50531282,FlexNet900,930.5125 MHz,59,901.8625 MHz
50169,true,,LINE-2474S2,RTM II+,No,FlexNet,Enabled,4110005,No,2026-07-29 09:10:11.363,Normal,2021-10-21 11:21:15.169,2025-09-17 09:59:41.000,No,39.939,-75.182,FlexNetId: 50531649,FlexNet900,930.5125 MHz,37,901.8375 MHz
48763,true,,CONCORD-348T665,RTM II+,No,FlexNet,Enabled,4110005,No,2026-07-29 09:17:56.279,Normal,2020-12-02 10:01:25.326,2025-09-17 09:54:54.000,No,39.8562,-75.5116,FlexNetId: 50530795,FlexNet900,930.5125 MHz,29,901.8875 MHz
44990,true,,BRYNMAWR-143T645,RTM II+,No,FlexNet,Enabled,4110005,No,2026-07-29 09:12:58.618,Normal,2019-02-12 11:18:08.444,2025-09-17 09:56:43.000,No,40.02725,-75.35237,FlexNetId: 50409700,FlexNet900,930.5125 MHz,28,901.8875 MHz
50780,true,,BLUEGRAS-144T1074,RTM II+,No,FlexNet,Enabled,4110005,No,2026-07-29 09:11:34.612,Normal,2022-04-21 10:14:43.607,2025-09-17 10:21:20.000,No,40.06796,-74.98691,FlexNetId: 50532243,FlexNet900,930.5125 MHz,27,901.8375 MHz
45358,true,,WANEETA-131RM2,RTM II+,No,FlexNet,Enabled,4110005,No,2026-07-29 09:18:19.332,Normal,2019-04-03 08:29:55.940,2025-09-17 10:21:20.000,No,40.002,-75.116,FlexNetId: 50410021,FlexNet900,930.5125 MHz,37,901.8875 MHz
51822,true,,LINE-374T126,RTM II+,No,FlexNet,Enabled,4110005,No,2026-07-29 09:14:09.775,Normal,2022-12-12 07:40:09.999,2025-09-17 09:50:00.000,No,39.9312,-75.1611,FlexNetId: 50533010,FlexNet900,930.5125 MHz,40,901.8875 MHz
46995,true,,WARRINGT-362RM3,RTM II+,No,FlexNet,Enabled,4110005,No,2026-07-29 09:11:13.689,Normal,2020-01-05 21:03:50.397,2025-09-17 10:02:21.000,No,40.216,-75.031,FlexNetId: 50410693,FlexNet900,930.5125 MHz,65,901.8875 MHz
45488,true,,MACDADE-139S2,RTM II+,No,FlexNet,Enabled,4110005,No,2026-07-29 09:19:44.427,Normal,2019-03-06 17:48:30.013,2025-09-17 09:58:40.000,No,39.926601,-75.29,FlexNetId: 50410370,FlexNet900,930.5125 MHz,31,901.8875 MHz
42866,true,,FALLS-341R1,RTM II+,No,FlexNet,Enabled,4110005,No,2026-07-29 09:16:59.589,Normal,2018-06-07 14:18:03.571,2025-09-17 09:28:33.000,No,40.159191,-74.800101,FlexNetId: 50408343,FlexNet900,930.5125 MHz,29,901.8875 MHz
44718,true,,WANEETA-130S1,RTM II+,No,FlexNet,Enabled,4110005,No,2026-07-29 09:18:03.620,Normal,2019-12-13 11:34:42.496,2025-09-17 10:13:09.000,No,40.006,-75.102,FlexNetId: 50409669,FlexNet900,930.5375 MHz,40,901.8375 MHz
51243,true,,PLYMOUTH-134T216,RTM II+,No,FlexNet,Enabled,4110005,No,2026-07-29 09:19:28.394,Normal,2022-08-03 07:53:17.075,2025-09-17 10:21:20.000,No,40.0928,-75.262,FlexNetId: 50532525,FlexNet900,930.5375 MHz,32,901.8375 MHz
52826,true,,GRAYSFER-161S5,RTM II+,No,FlexNet,Enabled,4110005,No,2026-07-29 09:12:40.632,Normal,2023-12-11 09:22:16.760,2025-09-17 10:17:49.000,No,39.93217,-75.18487,FlexNetId: 50533103,FlexNet900,930.5125 MHz,52,901.8375 MHz
45121,true,,LINTON-351RMP1,RTM II+,No,FlexNet,Enabled,4110005,No,2026-07-29 09:17:08.750,Normal,2019-02-14 09:40:45.884,2025-09-17 10:06:16.000,No,40.313,-74.912,FlexNetId: 50409982,FlexNet900,930.5375 MHz,21,901.8375 MHz
52742,true,,PULASKI-133S6,RTM II+,No,FlexNet,Enabled,4110005,No,2026-07-29 09:20:48.839,Normal,2023-11-09 13:25:41.656,2025-09-17 10:17:07.000,No,40.06002,-75.1577,FlexNetId: 50533435,FlexNet900,930.5125 MHz,31,901.8375 MHz
42297,true,,BRYNMAWR-132T352,RTM II+,No,FlexNet,Enabled,4110005,No,2026-07-29 09:07:45.484,Normal,2018-04-13 09:39:46.670,2025-09-17 09:44:18.000,No,40.021333,-75.330991,FlexNetId: 50408623,FlexNet900,930.5125 MHz,24,901.8375 MHz
49544,true,,PERKIOME-341RS5,RTM II+,No,FlexNet,Enabled,4110005,No,2026-07-29 09:20:05.910,Normal,2021-07-22 09:38:08.142,2025-09-17 10:06:14.000,No,40.235,-75.506,FlexNetId: 50531288,FlexNet900,930.5125 MHz,42,901.8875 MHz
47597,true,,LENAPE-344R1,RTM II+,No,FlexNet,Enabled,4110005,No,2026-07-29 09:13:46.354,Normal,2020-08-15 21:35:06.370,2025-09-17 10:06:09.000,No,39.946747,-75.589993,FlexNetId: 50530574,FlexNet900,930.5125 MHz,29,901.8375 MHz
48766,true,,LENAPE-343T824,RTM II+,No,FlexNet,Enabled,4110005,No,2026-07-29 09:07:31.428,Normal,2020-12-02 10:01:26.008,2025-09-17 09:51:00.000,No,39.9426,-75.5914,FlexNetId: 50530901,FlexNet900,930.5125 MHz,32,901.8375 MHz
52281,true,,LINE-374S3,RTM II+,No,FlexNet,Enabled,4110005,No,2026-07-29 09:10:50.532,Normal,2023-07-20 10:30:26.754,2025-09-17 09:30:40.000,No,39.9302,-75.1552,FlexNetId: 50533137,FlexNet900,930.5125 MHz,48,901.8875 MHz
43921,true,,BUCKINGH-352R1,RTM II+,No,FlexNet,Enabled,4110005,No,2026-07-29 09:16:12.558,Normal,2018-12-16 13:59:38.405,2025-09-17 10:08:47.000,No,40.3096,-75.0988,FlexNetId: 50409047,FlexNet900,930.5125 MHz,52,901.8875 MHz
46996,true,,LINTON-352T323,RTM II+,No,FlexNet,Enabled,4110005,No,2026-07-29 09:15:31.272,Normal,2020-01-05 21:03:50.608,2025-09-17 10:21:20.000,No,40.203,-75.034,FlexNetId: 50530171,FlexNet900,930.5375 MHz,49,901.8875 MHz
47190,true,,PERKIOME-344T814,RTM II+,No,FlexNet,Enabled,4110005,No,2026-07-29 09:06:35.268,Normal,2020-02-25 09:05:50.749,2025-09-17 10:06:18.000,No,40.1514,-75.4517,FlexNetId: 50530844,FlexNet900,930.5375 MHz,16,901.8875 MHz
48269,true,,BLUEGRAS-144RM1,RTM II+,No,FlexNet,Enabled,4110005,No,2026-07-29 09:20:26.069,Normal,2020-09-25 11:34:16.029,2025-09-17 09:57:54.000,No,40.06319,-74.986,FlexNetId: 50530493,FlexNet900,930.5125 MHz,37,901.8375 MHz
28223,true,,LINE-1087T203,RTM II+,No,FlexNet,Enabled,4110005,No,2026-07-29 09:15:36.090,Normal,2014-07-21 16:16:38.297,2025-09-17 10:04:29.000,No,40.020502,-75.163002,FlexNetId: 50401766,FlexNet900,930.5375 MHz,37,901.8375 MHz
44729,true,,HOLMESBU-138RS2,RTM II+,No,FlexNet,Enabled,4110005,No,2026-07-29 09:14:27.744,Normal,2019-02-12 11:17:12.561,2025-09-17 10:13:00.000,No,40.03,-75.062,FlexNetId: 50409698,FlexNet900,930.5375 MHz,33,901.8625 MHz
45461,true,,ANGORA-132T536,RTM II+,No,FlexNet,Enabled,4110005,No,2026-07-29 09:06:56.425,Normal,2019-03-06 17:48:59.046,2025-09-17 09:30:17.000,No,39.95808,-75.21605,FlexNetId: 50410278,FlexNet900,930.5125 MHz,47,901.8625 MHz
52258,true,,CRESCENT-132S1,RTM II+,No,FlexNet,Enabled,4110005,No,2026-07-29 09:20:50.843,Normal,2023-06-16 08:04:04.551,2025-09-17 09:50:18.000,No,40.02937,-75.08389,FlexNetId: 50533269,FlexNet900,930.5125 MHz,16,901.8875 MHz
50722,true,,LINE-1071T880,RTM II+,No,FlexNet,Enabled,4110005,No,2026-07-29 09:14:08.638,Normal,2022-04-12 07:23:43.023,2025-09-17 10:00:28.000,No,39.98992,-75.15409,FlexNetId: 50531969,FlexNet900,930.5125 MHz,9,901.8375 MHz
47742,true,,FOULK-131T663,RTM II+,No,FlexNet,Enabled,4110005,No,2026-07-29 09:18:40.875,Normal,2020-08-13 09:23:37.951,2025-09-17 09:59:21.000,No,39.8855,-75.4602,FlexNetId: 50530660,FlexNet900,930.5125 MHz,47,901.8375 MHz
53500,true,,CEDARBRO-137RM1,RTM II+,No,FlexNet,Enabled,4110005,No,2026-07-29 09:11:11.150,Normal,2024-06-07 13:16:43.527,2025-09-17 09:29:15.000,No,40.0815077,-75.1968883,FlexNetId: 50534103,FlexNet900,930.5125 MHz,28,901.8375 MHz
45216,true,,BUCKINGH-343T349,RTM II+,No,FlexNet,Enabled,4110005,No,2026-07-29 09:07:35.177,Normal,2019-02-19 09:16:02.344,2025-09-17 10:21:20.000,No,40.226,-75.01,FlexNetId: 50409331,FlexNet900,930.5125 MHz,24,901.8375 MHz
45570,true,,PASSYUNK-137T547,RTM II+,No,FlexNet,Enabled,4110005,No,2026-07-29 09:19:01.829,Normal,2019-03-06 17:49:02.069,2025-09-17 09:57:34.000,No,39.926,-75.16,FlexNetId: 50410311,FlexNet900,930.5375 MHz,32,901.8625 MHz
51432,true,,LLANERCH-144RM2,RTM II+,No,FlexNet,Enabled,4110005,No,2026-07-29 09:17:53.325,Normal,2022-10-11 06:31:52.156,2024-10-08 13:01:46.000,No,39.947376,-75.317367,FlexNetId: 50532298,FlexNet900,930.5125 MHz,20,901.8625 MHz
49453,true,,PARRISH-133S2,RTM II+,No,FlexNet,Enabled,4110005,No,2026-07-29 09:12:45.556,Normal,2021-06-18 09:03:16.515,2025-09-17 09:29:19.000,No,39.975,-75.231,FlexNetId: 50531546,FlexNet900,930.5125 MHz,31,901.8875 MHz
48800,true,,LINE-534RM2,RTM II+,No,FlexNet,Enabled,4110005,No,2026-07-29 09:12:28.749,Normal,2020-12-04 15:04:22.728,2025-09-17 10:13:00.000,No,39.989,-75.137,FlexNetId: 50530880,FlexNet900,930.5125 MHz,44,901.8375 MHz
49580,true,,LINE-13200RM1,RTM II+,No,FlexNet,Enabled,4110005,No,2026-07-29 09:12:32.540,Normal,2021-07-27 10:43:00.520,2025-09-17 10:04:24.000,No,40.181889,-74.924816,FlexNetId: 50531443,FlexNet900,930.5125 MHz,29,901.8375 MHz
45380,true,,LOMBARD-138T560,RTM II+,No,FlexNet,Enabled,4110005,No,2026-07-29 09:09:39.753,Normal,2019-04-03 08:30:05.780,2025-09-17 09:57:59.000,No,39.931,-75.146,FlexNetId: 50410383,FlexNet900,930.5375 MHz,38,901.8625 MHz
51158,true,,LINE-7500RS5,RTM II+,No,FlexNet,Enabled,4110005,No,2026-07-29 09:20:03.455,Normal,2022-07-13 07:37:18.973,2025-09-17 09:50:59.000,No,40.0149,-75.5465,FlexNetId: 50532489,FlexNet900,930.5125 MHz,19,901.8875 MHz
32532,true,,WHITEMAR-144S1,RTM II+,No,FlexNet,Enabled,4110005,No,2026-07-29 09:19:45.993,Normal,2014-12-02 14:52:50.440,2025-09-17 10:01:54.000,No,40.141448,-75.167599,FlexNetId: 50403355,FlexNet900,930.5125 MHz,25,901.8375 MHz
44995,true,,ANGORA-133S6,RTM II+,No,FlexNet,Enabled,4110005,No,2026-07-29 09:18:51.786,Normal,2019-02-12 11:18:11.011,2025-09-17 09:58:18.000,No,39.962,-75.227,FlexNetId: 50409812,FlexNet900,930.5375 MHz,22,901.8625 MHz
47206,true,,PENCOYD-135S4,RTM II+,No,FlexNet,Enabled,4110005,No,2026-07-29 09:19:02.238,Normal,2020-02-25 09:05:53.575,2025-09-17 09:58:18.000,No,40.026,-75.22,FlexNetId: 50530846,FlexNet900,930.5125 MHz,30,901.8375 MHz
49298,true,,BRADFORD-341T664,RTM II+,No,FlexNet,Enabled,4110005,No,2026-07-29 09:06:27.725,Normal,2021-04-18 10:04:13.247,2025-09-17 09:58:16.000,No,40.0014,-75.7019,FlexNetId: 50531201,FlexNet900,930.5125 MHz,59,901.8625 MHz
43160,true,,WOODBOUR-341RM5,RTM II+,No,FlexNet,Enabled,4110005,No,2026-07-29 09:18:10.112,Normal,2019-07-11 17:28:20.599,2025-09-17 09:48:09.000,No,40.199,-74.866,FlexNetId: 50408138,FlexNet900,930.5125 MHz,32,901.8375 MHz
46739,true,,RICHMOND-143RM2,RTM II+,No,FlexNet,Enabled,4110005,No,2026-07-29 09:11:29.898,Normal,2019-12-12 09:46:42.096,2025-09-17 10:05:14.000,No,40.016,-75.072,FlexNetId: 50530374,FlexNet900,930.5375 MHz,35,901.8625 MHz
47703,true,,PERKIOME-341T711,RTM II+,No,FlexNet,Enabled,4110005,No,2026-07-29 09:16:26.379,Normal,2020-08-15 21:35:22.511,2025-09-17 09:56:06.000,No,40.276,-75.457,FlexNetId: 50530769,FlexNet900,930.5125 MHz,19,901.8875 MHz
47906,true,,HARTMAN-352SD1,RTM II+,No,FlexNet,Enabled,4110005,No,2026-07-29 09:18:35.300,Normal,2020-08-15 21:32:46.376,2025-09-17 09:37:49.000,No,40.2292344,-75.2128797,FlexNetId: 50530145,FlexNet900,930.5125 MHz,36,901.8375 MHz
50877,true,,NESHAMIN-165T79,RTM II+,No,FlexNet,Enabled,4110005,No,2026-07-29 09:06:40.601,Normal,2022-06-23 10:26:05.150,2025-09-17 10:00:26.000,No,40.1174,-74.8923,FlexNetId: 50532730,FlexNet900,930.5125 MHz,47,901.8375 MHz
52785,true,,PLANEBRO-341RM2,RTM II+,No,FlexNet,Enabled,4110005,No,2026-07-29 09:20:37.627,Normal,2023-11-20 12:14:05.455,2025-09-17 09:28:30.000,No,40.0277436,-75.6469567,FlexNetId: 50533604,FlexNet900,930.5125 MHz,32,901.8375 MHz
51920,true,,LENAPE-341T712,RTM II+,No,FlexNet,Enabled,4110005,No,2026-07-29 09:16:50.420,Normal,2023-03-15 12:56:14.731,2025-09-17 09:49:40.000,No,39.85402,-75.69574,FlexNetId: 50531953,FlexNet900,930.5375 MHz,24,901.8375 MHz
51504,true,,PULASKI-134RM2,RTM II+,No,FlexNet,Enabled,4110005,No,2026-07-29 09:07:15.047,Normal,2022-10-18 09:26:59.558,2025-09-17 09:49:57.000,No,40.05438,-75.14805,FlexNetId: 50532340,FlexNet900,930.5125 MHz,29,901.8375 MHz
42974,true,,UPPRPROV-344RM2,RTM II+,No,FlexNet,Enabled,4110005,No,2026-07-29 09:20:41.980,Normal,2018-07-17 13:22:57.457,2025-09-17 09:45:41.000,No,40.183,-75.523,FlexNetId: 50408124,FlexNet900,930.5125 MHz,42,901.8375 MHz
46215,true,,PARRISH-134RS3,RTM II+,No,FlexNet,Enabled,4110005,No,2026-07-29 09:08:06.484,Normal,2019-07-22 11:09:06.009,2025-09-17 10:16:26.000,No,39.951,-75.206,FlexNetId: 50410724,FlexNet900,930.5375 MHz,32,901.8375 MHz
50429,true,,ROXBOROU-137RM3,RTM II+,No,FlexNet,Enabled,4110005,No,2026-07-29 09:13:02.280,Normal,2021-12-02 08:41:11.786,2025-09-17 09:59:39.000,No,40.0313,-75.2149,FlexNetId: 50531915,FlexNet900,930.5125 MHz,22,901.8375 MHz
50430,true,,LINE-2235T1,RTM II+,No,FlexNet,Enabled,4110005,No,2026-07-29 09:13:13.299,Normal,2021-12-02 08:41:11.603,2025-09-17 10:00:47.000,No,40.065,-75.0908,FlexNetId: 50531916,FlexNet900,930.5125 MHz,42,901.8375 MHz
44378,true,,WAYNE-131RM1,RTM II+,No,FlexNet,Enabled,4110005,No,2026-07-29 09:09:39.787,Normal,2019-02-12 11:20:18.304,2025-09-17 10:01:59.000,No,40.04655989,-75.38432102,FlexNetId: 50409307,FlexNet900,930.5375 MHz,69,901.8375 MHz
42109,true,,JENNERSV-341T298,RTM II+,No,FlexNet,Enabled,4110005,No,2026-07-29 09:12:53.707,Normal,2018-03-26 15:47:47.102,2025-09-17 09:55:19.000,No,39.792423,-75.86702,FlexNetId: 50408419,FlexNet900,930.5125 MHz,37,901.8375 MHz
44802,true,,PHOENIXV-005RS1,RTM II+,No,FlexNet,Enabled,4110005,No,2026-07-29 09:20:02.083,Normal,2019-02-12 11:17:51.482,2025-09-17 10:13:08.000,No,40.1253,-75.5303,FlexNetId: 50409888,FlexNet900,930.5125 MHz,41,901.8875 MHz
42553,true,,HARTMAN-352T4,RTM II+,No,FlexNet,Enabled,4110005,No,2026-07-29 09:13:14.001,Normal,2018-04-13 09:02:44.900,2025-09-17 09:42:25.000,No,40.2903,-75.2004,FlexNetId: 50408521,FlexNet900,930.5125 MHz,26,901.8375 MHz
51230,true,,PASSYUNK-138RS4,RTM II+,No,FlexNet,Enabled,4110005,No,2026-07-29 09:20:24.614,Normal,2022-08-03 07:45:08.888,2025-09-17 09:49:56.000,No,39.9175,-75.1658,FlexNetId: 50532655,FlexNet900,930.5125 MHz,32,901.8375 MHz
53672,true,,JENKINTO-140T129,RTMx,No,FlexNet,Enabled,4110005,No,2026-07-29 09:15:13.038,Normal,2024-08-27 14:45:43.803,2025-09-17 09:33:05.000,No,40.1169035,-75.1378282,FlexNetId: 50480676,FlexNet900K24,930.5125 MHz,27,901.8375 MHz
43679,true,,NESHAMIN-146R1,RTM II+,No,FlexNet,Enabled,4110005,No,2026-07-29 09:08:27.373,Normal,2018-10-30 14:17:04.196,2025-09-17 10:21:20.000,No,40.10209,-74.956683,FlexNetId: 50408883,FlexNet900,930.5375 MHz,61,901.8625 MHz
49547,true,,BRISTOL-012RS1,RTM II+,No,FlexNet,Enabled,4110005,No,2026-07-29 09:20:45.862,Normal,2021-07-22 09:38:06.271,2025-09-17 09:57:04.000,No,40.1022,-74.8493,FlexNetId: 50531291,FlexNet900,930.5125 MHz,31,901.8375 MHz
44692,true,,RICHMOND-133T755,RTM II+,No,FlexNet,Enabled,4110005,No,2026-07-29 09:10:29.192,Normal,2019-02-12 11:16:55.666,2025-09-17 10:05:17.000,No,39.9962,-75.1076,FlexNetId: 50409697,FlexNet900,930.5375 MHz,36,901.8625 MHz
51354,true,,LINE-374T864,RTM II+,No,FlexNet,Enabled,4110005,No,2026-07-29 09:10:25.002,Normal,2022-09-21 07:54:36.860,2025-09-17 10:13:06.000,No,39.9377,-75.1956,FlexNetId: 50532637,FlexNet900,930.5375 MHz,28,901.8875 MHz
45180,true,,PULASKI-138S4,RTM II+,No,FlexNet,Enabled,4110005,No,2026-07-29 09:08:54.149,Normal,2019-02-19 09:15:49.692,2025-09-17 10:06:19.000,No,40.032,-75.175,FlexNetId: 50410188,FlexNet900,930.5375 MHz,21,901.8625 MHz
45042,true,,PLANEBRO-347R2,RTM II+,No,FlexNet,Enabled,4110005,No,2026-07-29 09:16:19.164,Normal,2019-02-14 09:40:18.734,2025-09-17 10:01:59.000,No,40.056794,-75.514428,FlexNetId: 50409290,FlexNet900,930.5125 MHz,24,901.8375 MHz
53606,true,,TREVOSE-136RM2,RTMx,No,FlexNet,Enabled,4110005,No,2026-07-29 09:20:45.504,Normal,2024-08-27 14:42:56.323,2025-09-17 09:33:30.000,No,40.1746,-75.0135,FlexNetId: 50480615,FlexNet900K24,930.5125 MHz,28,901.8375 MHz
46774,true,,ANGORA-134T776,RTM II+,No,FlexNet,Enabled,4110005,No,2026-07-29 09:06:18.818,Normal,2019-12-12 09:45:02.557,2025-09-17 10:05:11.000,No,39.9585,-75.2455,FlexNetId: 50410669,FlexNet900,930.5125 MHz,33,901.8625 MHz
48220,true,,LLANERCH-164RM1,RTM II+,No,FlexNet,Enabled,4110005,No,2026-07-29 09:09:33.772,Normal,2020-09-25 11:42:13.731,2025-09-17 09:56:44.000,No,39.9814,-75.2986,FlexNetId: 50530351,FlexNet900,930.5375 MHz,45,901.8875 MHz
45356,true,,WANEETA-131T582,RTM II+,No,FlexNet,Enabled,4110005,No,2026-07-29 09:15:36.040,Normal,2019-04-03 08:29:55.140,2025-09-17 10:16:27.000,No,40.003,-75.124,FlexNetId: 50410141,FlexNet900,930.5375 MHz,43,901.8875 MHz
43575,true,,FALLS-341T246,RTM II+,No,FlexNet,Enabled,4110005,No,2026-07-29 09:09:52.962,Normal,2018-10-30 14:16:46.294,2025-09-17 09:42:25.000,No,40.177288,-74.788477,FlexNetId: 50408709,FlexNet900,930.5375 MHz,26,901.8625 MHz
52294,true,,CALLOWHI-131T163,RTM II+,No,FlexNet,Enabled,4110005,No,2026-07-29 09:13:58.122,Normal,2023-08-11 08:02:52.669,2025-09-17 09:30:41.000,No,39.9747,-75.1383,FlexNetId: 50533222,FlexNet900,930.5125 MHz,29,901.8375 MHz
52878,true,,TACONY-131T1066,RTM II+,No,FlexNet,Enabled,4110005,No,2026-07-29 09:07:29.978,Normal,2023-12-11 09:22:29.754,2025-09-17 10:17:07.000,No,40.01746,-75.05986,FlexNetId: 50533250,FlexNet900,930.5125 MHz,52,901.8375 MHz
43935,true,,MACDADE-140RM1,RTM II+,No,FlexNet,Enabled,4110005,No,2026-07-29 09:20:47.599,Normal,2018-11-29 10:44:50.259,2025-09-17 10:00:48.000,No,39.904482,-75.304844,FlexNetId: 50409087,FlexNet900,930.5375 MHz,34,901.8625 MHz
43666,true,,GOSHEN-352T60,RTM II+,No,FlexNet,Enabled,4110005,No,2026-07-29 09:17:44.029,Normal,2018-10-30 14:16:59.845,2025-09-17 09:45:41.000,No,39.9483,-75.507,FlexNetId: 50408810,FlexNet900,930.5125 MHz,22,901.8375 MHz
49978,true,,PASSYUNK-135RM4,RTM II+,No,FlexNet,Enabled,4110005,No,2026-07-29 09:15:04.364,Normal,2021-10-08 09:26:24.594,2025-09-17 09:51:04.000,No,39.934,-75.175,FlexNetId: 50531686,FlexNet900,930.5125 MHz,26,901.8375 MHz
45534,true,,RICHMOND-143T294,RTM II+,No,FlexNet,Enabled,4110005,No,2026-07-29 09:09:14.838,Normal,2019-03-06 17:48:48.631,2025-09-17 10:16:23.000,No,40.01419,-75.064493,FlexNetId: 50410323,FlexNet900,930.5125 MHz,23,901.8875 MHz
49183,true,,CALLOWHI-133T886,RTM II+,No,FlexNet,Enabled,4110005,No,2026-07-29 09:18:35.703,Normal,2021-03-14 09:56:50.881,2025-09-17 09:59:02.000,No,39.9663,-75.164,FlexNetId: 50531146,FlexNet900,930.5375 MHz,48,901.8625 MHz
42301,true,,LINE-2100T3,RTM II+,No,FlexNet,Enabled,4110005,No,2026-07-29 09:07:02.670,Normal,2018-04-13 09:39:48.112,2025-09-17 09:44:18.000,No,40.17885,-75.538857,FlexNetId: 50408516,FlexNet900,930.5125 MHz,33,901.8875 MHz
40364,true,,CALLOWHI-132T281,RTM II+,No,FlexNet,Enabled,4110005,No,2026-07-29 09:15:26.328,Normal,2017-10-24 06:24:04.833,2025-09-17 09:54:51.000,No,39.965373,-75.172543,FlexNetId: 50405848,FlexNet900,930.5375 MHz,43,901.8875 MHz
51176,true,,WESTMORE-132RM1,RTM II+,No,FlexNet,Enabled,4110005,No,2026-07-29 09:09:35.311,Normal,2022-07-21 14:52:23.799,2025-09-17 09:50:39.000,No,40.0028,-75.1541,FlexNetId: 50532677,FlexNet900,930.5125 MHz,60,901.8375 MHz
54010,true,,MOSER-342R6,RTMx,No,FlexNet,Enabled,4110005,No,2026-07-29 09:19:27.283,Normal,2024-09-14 10:33:49.514,2025-09-17 12:31:18.000,No,40.259757,-75.6025496,FlexNetId: 50480542,FlexNet900K24,930.5125 MHz,41,901.8375 MHz
42914,true,,JENKINTO-147S1,RTM II+,No,FlexNet,Enabled,4110005,No,2026-07-29 09:08:30.798,Normal,2018-06-21 10:31:09.443,2025-09-17 09:44:14.000,No,40.102053,-75.138646,FlexNetId: 50408487,FlexNet900,930.5125 MHz,63,901.8375 MHz
49480,true,,MASTER-133RM2,RTM II+,No,FlexNet,Enabled,4110005,No,2026-07-29 09:18:06.489,Normal,2021-06-18 09:04:24.713,2025-09-17 09:51:52.000,No,39.982,-75.147,FlexNetId: 50531541,FlexNet900,930.5125 MHz,35,901.8375 MHz
51918,true,,LOMBARD-136RM4,RTM II+,No,FlexNet,Enabled,4110005,No,2026-07-29 09:19:50.452,Normal,2023-02-21 07:56:34.414,2025-09-17 09:50:16.000,No,39.9384,-75.1511,FlexNetId: 50531965,FlexNet900,930.5125 MHz,17,901.8375 MHz
51714,true,,MACDADE-142T30,RTM II+,No,FlexNet,Enabled,4110005,No,2026-07-29 09:10:27.036,Normal,2022-11-10 08:05:12.166,2025-09-17 09:49:58.000,No,39.8946,-75.321,FlexNetId: 50532766,FlexNet900,930.5125 MHz,29,901.8625 MHz
49116,true,,UPLAND-132SD2,RTM II+,No,FlexNet,Enabled,4110005,No,2026-07-29 09:15:04.761,Normal,2021-03-01 10:28:29.264,2025-09-17 10:08:08.000,No,39.983,-75.2306,FlexNetId: 50531162,FlexNet900,930.5125 MHz,20,901.8375 MHz
53605,true,,WOODBOUR-341RS1,RTMx,No,FlexNet,Enabled,4110005,No,2026-07-29 09:20:37.095,Normal,2024-08-27 14:42:56.220,2025-09-17 09:33:30.000,No,40.19785,-74.87374,FlexNetId: 50480648,FlexNet900K24,930.5125 MHz,26,901.8375 MHz
49877,true,,NEWLINVI-362S2,RTM II+,No,FlexNet,Enabled,4110005,No,2026-07-29 09:15:56.839,Normal,2021-10-05 10:05:46.883,2025-09-17 09:51:50.000,No,40.0256,-75.8939,FlexNetId: 50531590,FlexNet900,930.5375 MHz,33,901.8875 MHz
52855,true,,MOSER-362S4,RTM II+,No,FlexNet,Enabled,4110005,No,2026-07-29 09:16:38.214,Normal,2023-12-11 09:22:23.589,2025-09-17 12:31:26.000,No,40.2615027,-75.6409158,FlexNetId: 50533073,FlexNet900,930.5125 MHz,88,901.8375 MHz
51823,true,,CRESCENT-134SD1,RTM II+,No,FlexNet,Enabled,4110005,No,2026-07-29 09:14:05.945,Normal,2022-12-12 07:40:10.225,2025-09-17 09:29:39.000,No,40.0524842,-75.120756,FlexNetId: 50532887,FlexNet900,930.5125 MHz,41,901.8375 MHz
52877,true,,LINE-529T969,RTM II+,No,FlexNet,Enabled,4110005,No,2026-07-29 09:20:02.628,Normal,2023-12-11 09:22:28.466,2025-09-17 09:28:34.000,No,39.9754002,-75.1291631,FlexNetId: 50533230,FlexNet900,930.5125 MHz,35,901.8375 MHz
32626,true,,ANGORA-132T219,RTM II+,No,FlexNet,Enabled,4110005,No,2026-07-29 09:08:07.534,Normal,2014-11-18 09:18:46.770,2025-09-17 10:00:04.000,No,39.95164,-75.22306,FlexNetId: 50404068,FlexNet900,930.5125 MHz,52,901.8625 MHz
52738,true,,PASSYUNK-139RM1,RTM II+,No,FlexNet,Enabled,4110005,No,2026-07-29 09:13:08.158,Normal,2023-11-09 13:25:41.327,2025-09-17 10:17:07.000,No,39.92208,-75.17177,FlexNetId: 50533440,FlexNet900,930.5125 MHz,34,901.8375 MHz
43645,true,,LINTON-351R1,RTM II+,No,FlexNet,Enabled,4110005,No,2026-07-29 09:07:38.737,Normal,2018-10-05 14:49:18.054,2025-09-17 10:21:20.000,No,40.276495,-74.928666,FlexNetId: 50408859,FlexNet900,930.5125 MHz,19,901.8375 MHz
50729,true,,EAGLE-342T102,RTM II+,No,FlexNet,Enabled,4110005,No,2026-07-29 09:11:28.369,Normal,2022-04-12 07:23:30.436,2025-09-17 09:28:33.000,No,40.08108,-75.74912,FlexNetId: 50531931,FlexNet900,930.5125 MHz,28,901.8625 MHz
54126,true,,NORWALES-362S2,RTMx,No,FlexNet,Enabled,4110005,No,2026-07-29 09:17:09.055,Normal,2024-10-17 10:05:40.742,2025-09-17 09:33:33.000,No,40.26689,-75.2744,FlexNetId: 50480952,FlexNet900K24,930.5125 MHz,30,901.8375 MHz
47892,true,,LINE-1087RM2,RTM II+,No,FlexNet,Enabled,4110005,No,2026-07-29 09:17:49.115,Normal,2020-08-15 21:33:07.817,2025-09-17 09:54:53.000,No,40.018,-75.158,FlexNetId: 50530165,FlexNet900,930.5375 MHz,24,901.8625 MHz
52297,true,,RICHMOND-133RM1,RTM II+,No,FlexNet,Enabled,4110005,No,2026-07-29 09:13:01.493,Normal,2023-08-11 08:02:53.098,2025-09-17 09:28:34.000,No,39.9994,-75.09885,FlexNetId: 50533412,FlexNet900,930.5125 MHz,42,901.8375 MHz
42487,true,,NEWLINVI-352R1,RTM II+,No,FlexNet,Enabled,4110005,No,2026-07-29 09:14:25.882,Normal,2018-03-26 15:42:23.619,2025-09-17 09:41:29.000,No,39.988332,-75.834773,FlexNetId: 50408547,FlexNet900,930.5125 MHz,25,901.8625 MHz
46822,true,,LINE-14800RMP1,RTM II+,No,FlexNet,Enabled,4110005,No,2026-07-29 09:19:52.131,Normal,2020-01-05 21:03:34.764,2025-09-17 10:21:21.000,No,40.015,-75.609,FlexNetId: 50410663,FlexNet900,930.5375 MHz,74,901.8875 MHz
44683,true,,BUCKINGH-361T366,RTM II+,No,FlexNet,Enabled,4110005,No,2026-07-29 09:17:04.325,Normal,2019-02-12 11:16:51.283,2025-09-17 10:04:28.000,No,40.325,-75.065,FlexNetId: 50409676,FlexNet900,930.5125 MHz,41,901.8875 MHz
41349,true,,COCHRANV-341R3,RTM II+,No,FlexNet,Enabled,4110005,No,2026-07-29 09:10:28.168,Normal,2018-03-26 15:46:58.280,2024-10-11 09:49:40.000,No,39.845477,-75.938064,FlexNetId: 50407827,FlexNet900,930.5125 MHz,71,901.8375 MHz
53691,true,,LINE-600RM2,RTMx,No,FlexNet,Enabled,4110005,No,2026-07-29 09:18:14.896,Normal,2024-08-27 14:47:31.425,2025-11-09 08:43:36.000,No,40.129,-75.357,FlexNetId: 50480611,FlexNet900K24,930.5125 MHz,74,901.8375 MHz
51738,true,,LOMBARD-137RM1,RTM II+,No,FlexNet,Enabled,4110005,No,2026-07-29 09:07:25.204,Normal,2022-11-17 07:08:07.689,2025-09-17 09:49:58.000,No,39.9411,-75.1489,FlexNetId: 50532863,FlexNet900,930.5125 MHz,37,901.8375 MHz
44975,true,,EDDINGTO-132T386,RTM II+,No,FlexNet,Enabled,4110005,No,2026-07-29 09:10:06.548,Normal,2019-02-12 11:17:55.481,2025-09-17 09:59:23.000,No,40.065,-74.98,FlexNetId: 50409722,FlexNet900,930.5125 MHz,24,901.8875 MHz
45931,true,,PERKIOME-362T348,RTM II+,No,FlexNet,Enabled,4110005,No,2026-07-29 09:16:49.231,Normal,2019-06-04 09:36:06.379,2025-09-17 10:13:06.000,No,40.206,-75.502,FlexNetId: 50410906,FlexNet900,930.5375 MHz,50,901.8875 MHz
44185,true,,BETZWOOD-341RM2,RTM II+,No,FlexNet,Enabled,4110005,No,2026-07-29 09:15:24.975,Normal,2018-12-13 17:09:08.490,2025-09-17 09:46:02.000,No,40.12389,-75.448928,FlexNetId: 50409548,FlexNet900,930.5125 MHz,43,901.8625 MHz
47904,true,,CALLOWHI-138S2,RTM II+,No,FlexNet,Enabled,4110005,No,2026-07-29 09:19:03.957,Normal,2020-08-15 21:32:45.995,2025-09-17 10:00:29.000,No,39.976,-75.1707,FlexNetId: 50530155,FlexNet900,930.5375 MHz,34,901.8625 MHz
43242,true,,EAGLE-341R1,RTM II+,No,FlexNet,Enabled,4110005,No,2026-07-29 09:20:22.490,Normal,2018-12-07 10:47:01.696,2025-09-17 10:01:13.000,No,40.06366,-75.69509,FlexNetId: 50408350,FlexNet900,930.5125 MHz,24,901.8375 MHz
51277,true,,PACKER-131T846,RTM II+,No,FlexNet,Enabled,4110005,No,2026-07-29 09:20:38.721,Normal,2022-08-23 18:21:55.791,2025-09-17 09:50:00.000,No,39.92,-75.1687,FlexNetId: 50532646,FlexNet900,930.5125 MHz,30,901.8375 MHz
51866,true,,EDDYSTON-131T43,RTM II+,No,FlexNet,Enabled,4110005,No,2026-07-29 09:12:48.670,Normal,2023-02-01 07:56:21.597,2025-09-17 09:50:01.000,No,39.8433,-75.3636,FlexNetId: 50532948,FlexNet900,930.5125 MHz,57,901.8375 MHz
47592,true,,TABOR-134S5,RTM II+,No,FlexNet,Enabled,4110005,No,2026-07-29 09:15:43.131,Normal,2020-08-15 21:35:04.885,2025-09-17 09:45:19.000,No,40.051,-75.153,FlexNetId: 50530527,FlexNet900,930.5375 MHz,37,901.8625 MHz
47475,true,,COLWYN-132S4,RTM II+,No,FlexNet,Enabled,4110005,No,2026-07-29 09:19:08.137,Normal,2020-05-21 11:57:29.291,2025-09-17 10:05:17.000,No,39.913092,-75.2551,FlexNetId: 50530727,FlexNet900,930.5125 MHz,20,901.8875 MHz
40349,true,,WARRINGT-341S1,RTM II+,No,FlexNet,Enabled,4110005,No,2026-07-29 09:18:00.220,Normal,2018-03-26 15:46:35.935,2025-09-17 09:30:20.000,No,40.259271,-75.14582,FlexNetId: 50406995,FlexNet900,930.5125 MHz,42,901.8625 MHz
53709,true,,WAYNE-136S1,RTMx,No,FlexNet,Enabled,4110005,No,2026-07-29 09:13:50.887,Normal,2024-08-27 14:47:33.952,2025-09-17 10:17:12.000,No,40.018027,-75.389184,FlexNetId: 50480660,FlexNet900K24,930.5125 MHz,15,901.8375 MHz
44160,true,,FALLS-344R1,RTM II+,No,FlexNet,Enabled,4110005,No,2026-07-29 09:20:17.461,Normal,2018-11-20 15:04:32.806,2025-09-17 10:02:17.000,No,40.2014,-74.7786,FlexNetId: 50409431,FlexNet900,930.5125 MHz,41,901.8375 MHz
51897,true,,BRYNMAWR-143RM1,RTM II+,No,FlexNet,Enabled,4110005,No,2026-07-29 09:18:56.836,Normal,2023-02-13 06:02:37.205,2025-09-17 09:50:00.000,No,40.0262,-75.3462,FlexNetId: 50532902,FlexNet900,930.5125 MHz,25,901.8625 MHz
44581,true,,NESHAMIN-161RM1,RTM II+,No,FlexNet,Enabled,4110005,No,2026-07-29 09:19:00.283,Normal,2019-02-12 11:16:02.471,2025-09-17 10:02:15.000,No,40.134282,-74.937495,FlexNetId: 50409765,FlexNet900,930.5125 MHz,39,901.8375 MHz
44525,true,,ANGORA-131T1238,RTM II+,No,FlexNet,Enabled,4110005,No,2026-07-29 09:10:12.811,Normal,2019-01-30 12:47:04.500,2025-09-17 10:21:21.000,No,39.959652,-75.24109,FlexNetId: 50409848,FlexNet900,930.5125 MHz,14,901.8375 MHz
52254,true,,FALLS-342T943,RTM II+,No,FlexNet,Enabled,4110005,No,2026-07-29 09:06:58.434,Normal,2023-06-16 08:04:03.893,2025-09-17 09:28:11.000,No,40.174975,-74.771872,FlexNetId: 50533252,FlexNet900,930.5125 MHz,36,901.8375 MHz
45010,true,,LINE-2241RS1,RTM II+,No,FlexNet,Enabled,4110005,No,2026-07-29 09:20:13.054,Normal,2019-02-14 09:40:07.155,2025-09-17 10:05:13.000,No,39.964622,-75.170728,FlexNetId: 50409800,FlexNet900,930.5375 MHz,44,901.8875 MHz
43218,true,,LINE-1300RM3,RTM II+,No,FlexNet,Enabled,4110005,No,2026-07-29 09:10:23.851,Normal,2019-02-13 12:26:07.771,2025-09-17 10:01:11.000,No,40.10972,-75.51199,FlexNetId: 50408214,FlexNet900,930.5375 MHz,26,901.8625 MHz
51212,true,,JENKINTO-133RM1,RTM II+,No,FlexNet,Enabled,4110005,No,2026-07-29 09:12:35.069,Normal,2022-07-20 09:09:28.634,2025-09-17 09:50:40.000,No,40.0865,-75.0977,FlexNetId: 50532578,FlexNet900,930.5125 MHz,25,901.8375 MHz
43258,true,,JENNERSV-341T71,RTM II+,No,FlexNet,Enabled,4110005,No,2026-07-29 09:19:06.646,Normal,2018-11-28 14:02:01.870,2025-09-17 09:30:19.000,No,39.816882,-75.912558,FlexNetId: 50408847,FlexNet900,930.5375 MHz,44,901.8625 MHz
54018,true,,BALA-132RM1,RTMx,No,FlexNet,Enabled,4110005,No,2026-07-29 09:18:58.647,Normal,2024-09-14 10:33:50.976,2025-09-17 09:33:03.000,No,40.0088,-75.254,FlexNetId: 50480642,FlexNet900K24,930.5375 MHz,30,901.8375 MHz
44765,true,,MIDDLETO-133T432,RTM II+,No,FlexNet,Enabled,4110005,No,2026-07-29 09:09:32.239,Normal,2019-02-12 11:17:29.337,2025-09-17 10:13:00.000,No,39.9038,-75.414,FlexNetId: 50409641,FlexNet900,930.5125 MHz,27,901.8875 MHz
49415,true,,GOSHEN-351RS4,RTM II+,No,FlexNet,Enabled,4110005,No,2026-07-29 09:19:19.180,Normal,2021-06-08 09:27:02.622,2025-09-17 09:37:49.000,No,39.9965524,-75.5241556,FlexNetId: 50531284,FlexNet900,930.5125 MHz,41,901.8375 MHz
53667,true,,JENKINTO-136RM1,RTMx,No,FlexNet,Enabled,4110005,No,2026-07-29 09:18:35.018,Normal,2024-08-27 14:45:43.077,2025-09-17 12:38:43.000,No,40.123142,-75.136893,FlexNetId: 50480583,FlexNet900K24,930.5125 MHz,26,901.8375 MHz
52398,true,,SUNNYBUR-001RS1,RTM II+,No,FlexNet,Enabled,4110005,No,2026-07-29 09:20:27.212,Normal,2023-08-11 08:45:13.240,2025-09-17 09:33:01.000,No,39.8185878,-76.3870542,FlexNetId: 50533392,FlexNet900,930.5125 MHz,46,901.8375 MHz
43010,true,,COOPER-354R1,RTM II+,No,FlexNet,Enabled,4110005,No,2026-07-29 09:17:24.851,Normal,2018-07-17 13:23:10.269,2025-09-17 09:44:19.000,No,39.758446,-76.328366,FlexNetId: 50408276,FlexNet900,930.5125 MHz,48,901.8375 MHz
50871,true,,LINE-17500RM4,RTM II+,No,FlexNet,Enabled,4110005,No,2026-07-29 09:13:35.738,Normal,2022-06-23 10:29:49.616,2025-09-17 10:21:21.000,No,39.84361,-75.70348,FlexNetId: 50532732,FlexNet900,930.5125 MHz,49,901.8375 MHz
53499,true,,PULASKI-133T1034,RTM II+,No,FlexNet,Enabled,4110005,No,2026-07-29 09:12:44.739,Normal,2024-06-07 13:16:43.428,2025-09-17 10:17:05.000,No,40.0487,-75.16142,FlexNetId: 50534105,FlexNet900,930.5125 MHz,14,901.8375 MHz
43906,true,,BUCKINGH-342S3,RTM II+,No,FlexNet,Enabled,4110005,No,2026-07-29 09:18:44.453,Normal,2019-02-17 08:53:55.039,2025-09-17 09:45:02.000,No,40.349594,-75.000432,FlexNetId: 50409063,FlexNet900,930.5375 MHz,60,901.8625 MHz
42970,true,,BUCKINGH-352T3,RTM II+,No,FlexNet,Enabled,4110005,No,2026-07-29 09:06:42.316,Normal,2018-07-17 13:22:56.092,2025-09-17 09:59:59.000,No,40.332631,-75.138491,FlexNetId: 50408128,FlexNet900,930.5375 MHz,29,901.8875 MHz
51900,true,,MACDADE-136T34,RTM II+,No,FlexNet,Enabled,4110005,No,2026-07-29 09:06:00.494,Normal,2023-02-20 07:48:33.740,2025-09-17 09:50:17.000,No,39.9157,-75.3073,FlexNetId: 50532059,FlexNet900,930.5375 MHz,39,901.8875 MHz
51203,true,,COOPER-371R1,RTM II+,No,FlexNet,Enabled,4110005,No,2026-07-29 09:20:33.749,Normal,2022-07-20 09:09:27.313,2025-09-17 09:29:39.000,No,39.74973,-76.35422,FlexNetId: 50532608,FlexNet900,930.5125 MHz,61,901.8375 MHz
40188,true,,BLUEGRAS-138S1,RTM II+,No,FlexNet,Enabled,4110005,No,2026-07-29 09:19:57.260,Normal,2017-10-10 09:09:46.337,2025-09-17 10:00:26.000,No,40.10182,-75.039792,FlexNetId: 50406378,FlexNet900,930.5375 MHz,17,901.8625 MHz
45378,true,,JENKINTO-134T499,RTM II+,No,FlexNet,Enabled,4110005,No,2026-07-29 09:20:49.424,Normal,2019-04-03 08:30:05.013,2025-09-17 09:59:20.000,No,40.117,-75.126,FlexNetId: 50410120,FlexNet900,930.5375 MHz,22,901.8375 MHz
52253,true,,LINE-534T1100,RTM II+,No,FlexNet,Enabled,4110005,No,2026-07-29 09:08:12.014,Normal,2023-06-16 08:04:03.758,2025-09-17 09:30:38.000,No,39.97664,-75.14197,FlexNetId: 50533268,FlexNet900,930.5125 MHz,31,901.8875 MHz
45423,true,,HOLMESBU-134RM2,RTM II+,No,FlexNet,Enabled,4110005,No,2026-07-29 09:09:22.913,Normal,2019-04-03 08:30:22.853,2025-09-17 10:08:12.000,No,40.04,-75.042,FlexNetId: 50410395,FlexNet900,930.5125 MHz,39,901.8875 MHz
44523,true,,TACONY-132S1,RTM II+,No,FlexNet,Enabled,4110005,No,2026-07-29 09:19:03.137,Normal,2019-02-12 11:21:07.184,2025-09-17 09:49:13.000,No,40.018,-75.063,FlexNetId: 50409879,FlexNet900,930.5125 MHz,32,901.8875 MHz
47197,true,,LENAPE-351RM2,RTM II+,No,FlexNet,Enabled,4110005,No,2026-07-29 09:14:43.209,Normal,2020-02-25 09:05:52.058,2025-09-17 10:05:14.000,No,39.8459986,-75.6659897,FlexNetId: 50530862,FlexNet900,930.5125 MHz,19,901.8375 MHz
51360,true,,WAYNE-141RM1,RTM II+,No,FlexNet,Enabled,4110005,No,2026-07-29 09:20:52.375,Normal,2022-09-21 07:54:37.756,2025-09-17 09:50:43.000,No,40.0419,-75.395,FlexNetId: 50532641,FlexNet900,930.5125 MHz,40,901.8875 MHz
47202,true,,NEWLINVI-352S2,RTM II+,No,FlexNet,Enabled,4110005,No,2026-07-29 09:16:24.145,Normal,2020-02-25 09:05:52.950,2025-09-17 10:05:10.000,No,39.988,-75.837,FlexNetId: 50530855,FlexNet900,930.5375 MHz,30,901.8375 MHz
50705,true,,PULASKI-132S6,RTM II+,No,FlexNet,Enabled,4110005,No,2026-07-29 09:07:11.301,Normal,2022-03-09 10:10:56.916,2025-09-17 10:00:28.000,No,40.0276,-75.1728,FlexNetId: 50531988,FlexNet900,930.5125 MHz,30,901.8375 MHz
45512,true,,LINE-12700T244,RTM II+,No,FlexNet,Enabled,4110005,No,2026-07-29 09:12:46.949,Normal,2019-03-06 17:48:39.540,2025-09-17 10:09:55.000,No,39.935,-75.3535,FlexNetId: 50410265,FlexNet900,930.5125 MHz,78,901.8375 MHz
52199,true,,MIDWAY-134RS2,RTM II+,No,FlexNet,Enabled,4110005,No,2026-07-29 09:20:48.244,Normal,2023-06-07 07:36:04.680,2025-09-17 09:29:40.000,No,40.14283,-74.89153,FlexNetId: 50533257,FlexNet900,930.5125 MHz,34,901.8375 MHz
43687,true,,BRYNMAWR-132RM3,RTM II+,No,FlexNet,Enabled,4110005,No,2026-07-29 09:19:40.816,Normal,2018-10-30 14:17:06.977,2025-09-17 09:44:36.000,No,40.02281,-75.327953,FlexNetId: 50408884,FlexNet900,930.5125 MHz,41,901.8875 MHz
49304,true,,WRIGHT-000RS1,RTM II+,No,FlexNet,Enabled,4110005,No,2026-07-29 09:16:34.041,Normal,2021-04-18 10:04:11.310,2025-09-17 09:59:40.000,No,40.2702,-74.98501,FlexNetId: 50531012,FlexNet900,930.5125 MHz,34,901.8375 MHz
47215,true,,PULASKI-134S3,RTM II+,No,FlexNet,Enabled,4110005,No,2026-07-29 09:18:59.247,Normal,2020-02-25 09:05:55.194,2025-09-17 10:21:21.000,No,40.053,-75.147,FlexNetId: 50530693,FlexNet900,930.5125 MHz,26,901.8375 MHz
52769,true,,CHICHEST-131S3,RTM II+,No,FlexNet,Enabled,4110005,No,2026-07-29 09:20:18.796,Normal,2023-11-20 12:14:02.819,2025-09-17 10:16:31.000,No,39.83442,-75.44486,FlexNetId: 50533600,FlexNet900,930.5125 MHz,25,901.8375 MHz
44684,true,,LLANERCH-167S1,RTM II+,No,FlexNet,Enabled,4110005,No,2026-07-29 09:11:55.574,Normal,2019-02-12 11:16:51.770,2025-09-17 09:58:37.000,No,39.973467,-75.310372,FlexNetId: 50409694,FlexNet900,930.5125 MHz,52,901.8625 MHz
47298,true,,BUCKINGH-362RS5,RTM II+,No,FlexNet,Enabled,4110005,No,2026-07-29 09:18:17.394,Normal,2020-03-30 13:01:48.344,2025-09-17 09:33:03.000,No,40.357,-75.131,FlexNetId: 50530763,FlexNet900,930.5375 MHz,69,901.8875 MHz
46911,true,,ELMWOOD-135RM5,RTM II+,No,FlexNet,Enabled,4110005,No,2026-07-29 09:15:27.781,Normal,2020-01-05 21:03:36.950,2025-09-17 10:02:18.000,No,39.9294,-75.2208,FlexNetId: 50410670,FlexNet900,930.5375 MHz,63,901.8875 MHz
53624,true,,LINE-2331RM1,RTMx,No,FlexNet,Enabled,4110005,No,2026-07-29 09:16:47.662,Normal,2024-08-27 14:43:03.591,2025-09-17 09:59:38.000,No,40.070885,-75.19524,FlexNetId: 50480600,FlexNet900K24,930.5125 MHz,31,901.8375 MHz
53697,true,,LINE-2350S1,RTMx,No,FlexNet,Enabled,4110005,No,2026-07-29 09:20:24.009,Normal,2024-08-27 14:47:32.343,2025-09-17 10:17:49.000,No,40.03712,-75.031589,FlexNetId: 50480657,FlexNet900K24,930.5125 MHz,53,901.8375 MHz
45200,true,,BLUEGRAS-135T635,RTM II+,No,FlexNet,Enabled,4110005,No,2026-07-29 09:15:46.875,Normal,2019-02-19 09:15:56.719,2025-09-17 10:21:21.000,No,40.103,-75.029,FlexNetId: 50410197,FlexNet900,930.5375 MHz,20,901.8875 MHz
43594,true,,BRADFORD-341R3,RTM II+,No,FlexNet,Enabled,4110005,No,2026-07-29 09:14:40.949,Normal,2018-10-30 14:16:52.295,2025-09-17 10:21:21.000,No,40.001074,-75.701141,FlexNetId: 50408898,FlexNet900,930.5125 MHz,69,901.8375 MHz
48770,true,,NORWALES-363RS5,RTM II+,No,FlexNet,Enabled,4110005,No,2026-07-29 09:17:47.451,Normal,2020-12-02 10:01:26.758,2025-09-17 09:28:31.000,No,40.15429,-75.39988,FlexNetId: 50530917,FlexNet900,930.5125 MHz,26,901.8375 MHz
49287,true,,BALA-133T885,RTM II+,No,FlexNet,Enabled,4110005,No,2026-07-29 09:07:26.502,Normal,2021-04-18 10:04:16.511,2025-09-17 09:57:02.000,No,40.0048,-75.2335,FlexNetId: 50531007,FlexNet900,930.5125 MHz,36,901.8375 MHz
51885,true,,LINE-708T628,RTM II+,No,FlexNet,Enabled,4110005,No,2026-07-29 09:20:16.261,Normal,2023-02-06 07:28:50.466,2025-09-17 10:16:25.000,No,40.0004,-75.0724,FlexNetId: 50532909,FlexNet900,930.5125 MHz,20,901.8875 MHz
53613,true,,BYBERRY-142S1,RTMx,No,FlexNet,Enabled,4110005,No,2026-07-29 09:12:49.480,Normal,2024-08-27 14:42:57.474,2025-09-17 09:33:30.000,No,40.12014,-75.055609,FlexNetId: 50480534,FlexNet900K24,930.5125 MHz,43,901.8375 MHz
53693,true,,WANEETA-141RM1,RTMx,No,FlexNet,Enabled,4110005,No,2026-07-29 09:12:58.860,Normal,2024-08-27 14:47:31.644,2025-09-17 10:17:49.000,No,39.994,-75.1113,FlexNetId: 50480659,FlexNet900K24,930.5125 MHz,47,901.8375 MHz
45416,true,,BLUEGRAS-135T429,RTM II+,No,FlexNet,Enabled,4110005,No,2026-07-29 09:10:29.847,Normal,2019-04-03 08:30:25.217,2025-09-17 09:56:43.000,No,40.1033,-75.0286,FlexNetId: 50410427,FlexNet900,930.5375 MHz,19,901.8625 MHz
45478,true,,LINE-18900RM2,RTM II+,No,FlexNet,Enabled,4110005,No,2026-07-29 09:08:16.457,Normal,2019-03-06 17:48:26.129,2025-09-17 10:21:21.000,No,40.169,-74.855,FlexNetId: 50409955,FlexNet900,930.5375 MHz,62,901.8625 MHz
42295,true,,BYBERRY-135T211,RTM II+,No,FlexNet,Enabled,4110005,No,2026-07-29 09:05:56.978,Normal,2018-04-13 09:39:45.978,2025-09-17 09:30:42.000,No,40.1228,-75.0421,FlexNetId: 50408617,FlexNet900,930.5125 MHz,32,901.8375 MHz
53902,true,,LINE-2475RM1,RTMx,No,FlexNet,Enabled,4110005,No,2026-07-29 09:20:25.265,Normal,2024-09-06 10:10:06.063,2025-09-17 09:33:31.000,No,39.94248,-75.18039,FlexNetId: 50480524,FlexNet900K24,930.5125 MHz,40,901.8375 MHz
46213,true,,JENKINTO-142RS2,RTM II+,No,FlexNet,Enabled,4110005,No,2026-07-29 09:20:37.687,Normal,2019-07-22 11:09:25.714,2025-09-17 10:21:21.000,No,40.063,-75.155,FlexNetId: 50410726,FlexNet900,930.5125 MHz,19,901.8875 MHz
43587,true,,CONCORD-348T91,RTM II+,No,FlexNet,Enabled,4110005,No,2026-07-29 09:14:01.682,Normal,2018-10-01 11:32:59.338,2025-09-17 09:45:23.000,No,39.849288,-75.508465,FlexNetId: 50408895,FlexNet900,930.5125 MHz,21,901.8375 MHz
46756,true,,WHITEMAR-142S1,RTM II+,No,FlexNet,Enabled,4110005,No,2026-07-29 09:06:10.632,Normal,2019-12-12 09:46:26.146,2025-09-17 10:02:18.000,No,40.146,-75.201,FlexNetId: 50410648,FlexNet900,930.5125 MHz,42,901.8375 MHz
47765,true,,MACDADE-132RS2,RTM II+,No,FlexNet,Enabled,4110005,No,2026-07-29 09:12:46.926,Normal,2020-07-20 07:31:24.802,2025-09-17 09:56:03.000,No,39.8835,-75.2847,FlexNetId: 50530653,FlexNet900,930.5125 MHz,19,901.8375 MHz
43701,true,,WOODBOUR-341T1039,RTM II+,No,FlexNet,Enabled,4110005,No,2026-07-29 09:07:01.548,Normal,2018-10-30 14:17:11.018,2025-09-17 09:43:34.000,No,40.23302,-74.85803,FlexNetId: 50408894,FlexNet900,930.5375 MHz,17,901.8875 MHz
53612,true,,NESHAMIN-134RM1,RTMx,No,FlexNet,Enabled,4110005,No,2026-07-29 09:14:16.681,Normal,2024-08-27 14:42:57.336,2025-09-17 09:33:31.000,No,40.1099,-74.9274,FlexNetId: 50480536,FlexNet900K24,930.5125 MHz,37,901.8375 MHz
43140,true,,NORWALES-363RS4,RTM II+,No,FlexNet,Enabled,4110005,No,2026-07-29 09:13:56.468,Normal,2018-10-02 13:28:59.717,2025-09-17 09:48:07.000,No,40.1569,-75.4035,FlexNetId: 50408202,FlexNet900,930.5125 MHz,32,901.8875 MHz
45184,true,,TABOR-140S3,RTM II+,No,FlexNet,Enabled,4110005,No,2026-07-29 09:11:27.681,Normal,2019-02-19 09:15:51.117,2025-09-17 10:05:19.000,No,40.044,-75.137,FlexNetId: 50409336,FlexNet900,930.5375 MHz,27,901.8375 MHz
44627,true,,LINE-300MS6,RTM II+,No,FlexNet,Enabled,4110005,No,2026-07-29 09:19:23.093,Normal,2019-02-12 11:16:25.246,2025-09-17 10:04:28.000,No,40.1498,-75.615,FlexNetId: 50409756,FlexNet900,930.5125 MHz,76,901.8375 MHz
43773,true,,LINE-14800RM3,RTM II+,No,FlexNet,Enabled,4110005,No,2026-07-29 09:07:25.323,Normal,2019-02-13 12:27:37.359,2025-09-17 10:01:10.000,No,39.97874,-75.61851,FlexNetId: 50409121,FlexNet900,930.5125 MHz,23,901.8375 MHz
46708,true,Activated,NEWLINVI-361S1,RTM II+,No,Verizon,Not Applicable,4110005,No,2026-07-29 09:11:40.123,Normal,2020-01-05 21:19:58.129,,,39.954,-75.755,IMEI: 353238061369715,Cell_LE910_VER,,-85,
46708,true,Activated,NEWLINVI-361S1,RTM II+,No,Verizon,Not Applicable,4110005,No,2026-07-29 09:11:40.123,Normal,2020-01-05 21:19:58.129,,,39.954,-75.755,ICCID: 89148000002637322998,Cell_LE910_VER,,-85,
52317,true,,NESHAMIN-135RM1,RTM II+,No,FlexNet,Enabled,4110005,No,2026-07-29 09:20:10.832,Normal,2023-08-11 08:02:55.242,2025-09-17 09:29:42.000,No,40.1260377,-74.9605687,FlexNetId: 50533400,FlexNet900,930.5125 MHz,33,901.8375 MHz
47754,true,,UPPERDAR-133RM1,RTM II+,No,FlexNet,Enabled,4110005,No,2026-07-29 09:09:42.051,Normal,2020-08-13 09:23:40.257,2025-09-17 10:02:21.000,No,39.94525,-75.27783,FlexNetId: 50530570,FlexNet900,930.5125 MHz,34,901.8375 MHz
45164,true,,MORTON-141S2,RTM II+,No,FlexNet,Enabled,4110005,No,2026-07-29 09:09:31.784,Normal,2019-02-19 09:15:44.053,2025-09-17 10:10:01.000,No,39.89955,-75.3414,FlexNetId: 50410211,FlexNet900,930.5375 MHz,20,901.8625 MHz
47894,true,,HEATON-131T808,RTM II+,No,FlexNet,Enabled,4110005,No,2026-07-29 09:06:16.322,Normal,2020-08-15 21:32:43.375,2025-09-17 10:02:15.000,No,40.15,-75.131,FlexNetId: 50530146,FlexNet900,930.5375 MHz,39,901.8375 MHz
44424,true,,EAGLE-342T30,RTM II+,No,FlexNet,Enabled,4110005,No,2026-07-29 09:16:04.872,Normal,2019-01-23 11:37:44.845,2025-09-17 10:00:49.000,No,40.0826,-75.7183,FlexNetId: 50409551,FlexNet900,930.5375 MHz,74,901.8625 MHz
45065,true,,EAGLE-351T350,RTM II+,No,FlexNet,Enabled,4110005,No,2026-07-29 09:09:29.797,Normal,2019-02-14 09:40:26.697,2025-09-17 10:09:55.000,No,40.1005,-75.6795,FlexNetId: 50409297,FlexNet900,930.5125 MHz,66,901.8875 MHz
40388,true,,MOSER-342T1038,RTM II+,No,FlexNet,Enabled,4110005,No,2026-07-29 09:09:36.178,Normal,2017-11-09 09:57:52.910,2025-09-17 10:08:50.000,No,40.244419,-75.617148,FlexNetId: 50405837,FlexNet900,930.5125 MHz,51,901.8625 MHz
45426,true,,LINE-3344RM2,RTM II+,No,FlexNet,Enabled,4110005,No,2026-07-29 09:11:55.681,Normal,2019-04-03 08:30:23.966,2025-09-17 10:08:42.000,No,39.86746,-75.37818,FlexNetId: 50410428,FlexNet900,930.5125 MHz,29,901.8375 MHz
42576,true,,WARRINGT-362T128,RTM II+,No,FlexNet,Enabled,4110005,No,2026-07-29 09:19:06.164,Normal,2018-04-13 09:02:35.898,2025-09-17 09:41:28.000,No,40.216417,-75.079707,FlexNetId: 50408551,FlexNet900,930.5125 MHz,35,901.8875 MHz
46945,true,,TABOR-133RM2,RTM II+,No,FlexNet,Enabled,4110005,No,2026-07-29 09:17:47.404,Normal,2020-01-05 21:04:04.647,2025-09-17 10:08:44.000,No,40.029259,-75.138177,FlexNetId: 50410776,FlexNet900,930.5375 MHz,41,901.8625 MHz
52851,true,,PLYMOUTH-132S1,RTM II+,No,FlexNet,Enabled,4110005,No,2026-07-29 09:14:43.979,Normal,2023-12-11 09:22:23.186,2025-09-17 10:17:12.000,No,40.07511,-75.24575,FlexNetId: 50533313,FlexNet900,930.5125 MHz,32,901.8375 MHz
46762,true,,MEDIA-012RS1,RTM II+,No,FlexNet,Enabled,4110005,No,2026-07-29 09:11:50.083,Normal,2019-12-12 09:45:00.780,2025-09-17 10:17:51.000,No,39.906,-75.377,FlexNetId: 50410685,FlexNet900,930.5125 MHz,27,901.8375 MHz
44612,true,,PACKER-137RM1,RTM II+,No,FlexNet,Enabled,4110005,No,2026-07-29 09:11:17.305,Normal,2019-02-12 11:16:18.214,2025-09-17 09:59:21.000,No,39.91608,-75.15454,FlexNetId: 50409701,FlexNet900,930.5125 MHz,54,901.8375 MHz
48222,true,,BYBERRY-131T778,RTM II+,No,FlexNet,Enabled,4110005,No,2026-07-29 09:09:29.689,Normal,2020-09-25 11:41:58.769,2025-09-17 10:05:16.000,No,40.1346,-74.9586,FlexNetId: 50530172,FlexNet900,930.5375 MHz,35,901.8875 MHz
50428,true,,LINE-1098RMP1,RTM II+,No,FlexNet,Enabled,4110005,No,2026-07-29 09:20:41.603,Normal,2021-12-02 08:41:11.942,2025-09-17 09:50:41.000,No,39.9887,-75.1625,FlexNetId: 50531837,FlexNet900,930.5125 MHz,40,901.8875 MHz
44422,true,,LINE-2710RM1,RTM II+,No,FlexNet,Enabled,4110005,No,2026-07-29 09:07:38.322,Normal,2019-08-05 10:53:13.248,2025-09-17 09:46:03.000,No,39.913,-75.235,FlexNetId: 50409578,FlexNet900,930.5375 MHz,31,901.8625 MHz
42965,true,,PULASKI-134T255,RTM II+,No,FlexNet,Enabled,4110005,No,2026-07-29 09:06:59.273,Normal,2018-07-17 13:22:54.402,2025-09-17 10:00:01.000,No,40.05486,-75.1462,FlexNetId: 50408235,FlexNet900,930.5125 MHz,23,901.8875 MHz
51215,true,,BYBERRY-171RM2,RTM II+,No,FlexNet,Enabled,4110005,No,2026-07-29 09:18:36.761,Normal,2022-07-21 15:04:15.731,2025-09-17 09:50:20.000,No,40.127707,-74.980006,FlexNetId: 50532651,FlexNet900,930.5125 MHz,47,901.8375 MHz
44186,true,,BRADFORD-343T92,RTM II+,No,FlexNet,Enabled,4110005,No,2026-07-29 09:09:18.374,Normal,2018-12-13 17:09:08.813,2025-09-17 09:59:23.000,No,39.960397,-75.6113,FlexNetId: 50409274,FlexNet900,930.5125 MHz,57,901.8375 MHz
43854,true,,PERKIOME-342T203,RTM II+,No,FlexNet,Enabled,4110005,No,2026-07-29 09:15:42.633,Normal,2018-11-13 10:03:02.660,2025-09-17 09:43:34.000,No,40.213,-75.4189,FlexNetId: 50409193,FlexNet900,930.5375 MHz,27,901.8875 MHz
45174,true,,PLYMOUTH-139T2,RTM II+,No,FlexNet,Enabled,4110005,No,2026-07-29 09:10:46.647,Normal,2019-02-19 09:15:47.577,2025-09-17 10:21:21.000,No,40.13636,-75.30411,FlexNetId: 50410192,FlexNet900,930.5375 MHz,35,901.8625 MHz
41330,true,,WARRINGT-341RM2,RTM II+,No,FlexNet,Enabled,4110005,No,2026-07-29 09:17:22.133,Normal,2018-03-26 15:46:51.151,2025-09-17 09:41:29.000,No,40.285271,-75.190332,FlexNetId: 50407270,FlexNet900,930.5125 MHz,22,901.8625 MHz
51281,true,,LINE-420RM1,RTM II+,No,FlexNet,Enabled,4110005,No,2026-07-29 09:11:28.575,Normal,2022-08-25 07:54:40.673,2025-09-17 09:50:21.000,No,39.9147,-75.1534,FlexNetId: 50532643,FlexNet900,930.5125 MHz,70,901.8375 MHz
42085,true,,UPLAND-142S1,RTM II+,No,FlexNet,Enabled,4110005,No,2026-07-29 09:08:04.581,Normal,2018-03-26 15:47:36.898,2025-09-17 09:43:36.000,No,39.986687,-75.231913,FlexNetId: 50408385,FlexNet900,930.5375 MHz,36,901.8875 MHz
53487,true,,NORWALES-341S1,RTM II+,No,FlexNet,Enabled,4110005,No,2026-07-29 09:19:30.703,Normal,2024-06-07 13:16:41.187,2025-09-17 09:33:35.000,No,40.266486,-75.22981,FlexNetId: 50534139,FlexNet900,930.5125 MHz,25,901.8375 MHz
51357,true,,TABOR-133T1018,RTM II+,No,FlexNet,Enabled,4110005,No,2026-07-29 09:10:00.352,Normal,2022-09-21 07:54:37.181,2025-09-17 09:51:01.000,No,40.0306,-75.1437,FlexNetId: 50532548,FlexNet900,930.5125 MHz,38,901.8375 MHz
44731,true,,BYBERRY-163S2,RTM II+,No,FlexNet,Enabled,4110005,No,2026-07-29 09:19:23.771,Normal,2019-02-12 11:17:13.502,2025-09-17 10:04:29.000,No,40.116,-75.028,FlexNetId: 50409657,FlexNet900,930.5125 MHz,23,901.8875 MHz
45206,true,,LINE-2394RM2,RTM II+,No,FlexNet,Enabled,4110005,No,2026-07-29 09:20:16.696,Normal,2019-02-19 09:15:58.793,2025-09-17 10:20:24.000,No,40.053668,-75.003417,FlexNetId: 50410170,FlexNet900,930.5375 MHz,19,901.8625 MHz
46783,true,,CRESCENT-163S2,RTM II+,No,FlexNet,Enabled,4110005,No,2026-07-29 09:12:16.230,Normal,2019-12-12 09:45:04.266,2025-09-17 09:54:51.000,No,40.026,-75.108,FlexNetId: 50530453,FlexNet900,930.5375 MHz,50,901.8875 MHz
48139,true,,CROYDON-131T194,RTM II+,No,FlexNet,Enabled,4110005,No,2026-07-29 09:11:31.758,Normal,2020-09-22 09:17:09.269,2025-09-17 09:55:40.000,No,40.09766,-74.91991,FlexNetId: 50530298,FlexNet900,930.5125 MHz,36,901.8875 MHz
53491,true,,WHITEMAR-132S2,RTM II+,No,FlexNet,Enabled,4110005,No,2026-07-29 09:19:34.821,Normal,2024-06-07 13:16:41.620,2025-09-17 10:17:05.000,No,40.1592927,-75.2139977,FlexNetId: 50534198,FlexNet900,930.5375 MHz,37,901.8375 MHz
45925,true,,PARRISH-136T580,RTM II+,No,FlexNet,Enabled,4110005,No,2026-07-29 09:07:38.587,Normal,2019-06-04 09:36:15.662,2025-09-17 10:16:33.000,No,39.964,-75.238,FlexNetId: 50410946,FlexNet900,930.5375 MHz,30,901.8625 MHz
45222,true,,RICHMOND-144RM2,RTM II+,No,FlexNet,Enabled,4110005,No,2026-07-29 09:19:05.559,Normal,2019-02-19 09:16:04.355,2025-09-17 10:21:22.000,No,40.003,-75.069,FlexNetId: 50410077,FlexNet900,930.5375 MHz,27,901.8625 MHz
47594,true,,WESTMORE-134RS3,RTM II+,No,FlexNet,Enabled,4110005,No,2026-07-29 09:11:39.546,Normal,2020-08-15 21:35:05.341,2025-09-17 10:06:13.000,No,39.995,-75.175,FlexNetId: 50530581,FlexNet900,930.5125 MHz,35,901.8375 MHz
47187,true,,PENCOYD-135T618,RTM II+,No,FlexNet,Enabled,4110005,No,2026-07-29 09:14:27.922,Normal,2020-02-25 09:05:50.227,2025-09-17 10:01:34.000,No,40.025,-75.22,FlexNetId: 50530677,FlexNet900,930.5375 MHz,36,901.8875 MHz
52410,true,,WANEETA-137T244,RTM II+,No,FlexNet,Enabled,4110005,No,2026-07-29 09:15:41.815,Normal,2023-08-15 08:49:38.262,2025-09-17 09:33:01.000,No,39.9958556,-75.1220009,FlexNetId: 50533371,FlexNet900,930.5125 MHz,44,901.8375 MHz
50246,true,Activated,LANE-001RS1,RTM II+,No,Verizon,Not Applicable,4110005,No,2026-07-29 09:20:10.711,Normal,2021-11-16 15:37:50.144,,,40.3579595,-75.4591494,IMEI: 354595115781503,Cell_LE910_VER,,-66,
50246,true,Activated,LANE-001RS1,RTM II+,No,Verizon,Not Applicable,4110005,No,2026-07-29 09:20:10.711,Normal,2021-11-16 15:37:50.144,,,40.3579595,-75.4591494,ICCID: 89148000006394059800,Cell_LE910_VER,,-66,
43620,true,,LENAPE-344SD1,RTM II+,No,FlexNet,Enabled,4110005,No,2026-07-29 09:11:48.150,Normal,2018-10-05 14:49:09.886,2025-09-17 09:41:29.000,No,39.9371,-75.5909,FlexNetId: 50408793,FlexNet900,930.5125 MHz,29,901.8375 MHz
49271,true,,MARKLEY-004RS2,RTM II+,No,FlexNet,Enabled,4110005,No,2026-07-29 09:16:48.240,Normal,2021-04-18 10:04:30.050,2025-09-17 10:08:08.000,No,40.1262,-75.3394,FlexNetId: 50531208,FlexNet900,930.5125 MHz,48,901.8875 MHz
46827,true,,MASTER-141S3,RTM II+,No,FlexNet,Enabled,4110005,No,2026-07-29 09:19:36.914,Normal,2019-12-12 09:45:04.806,2025-09-17 10:05:19.000,No,39.9888,-75.182,FlexNetId: 50410666,FlexNet900,930.5375 MHz,38,901.8375 MHz
48890,true,,PARRISH-131S2,RTM II+,No,FlexNet,Enabled,4110005,No,2026-07-29 09:18:56.169,Normal,2021-11-03 10:55:54.072,2025-09-17 10:21:22.000,No,39.969,-75.219,FlexNetId: 50530054,FlexNet900,930.5125 MHz,20,901.8625 MHz
42979,true,,PULASKI-138T235,RTM II+,No,FlexNet,Enabled,4110005,No,2026-07-29 09:06:58.081,Normal,2018-07-17 13:22:59.229,2025-09-17 09:45:02.000,No,40.04375239,-75.15721809,FlexNetId: 50408125,FlexNet900,930.5125 MHz,42,901.8875 MHz
44163,true,,LINE-9400RM3,RTM II+,No,FlexNet,Enabled,4110005,No,2026-07-29 09:18:11.857,Normal,2018-11-20 15:03:19.672,2025-09-17 10:04:28.000,No,40.139452,-75.495557,FlexNetId: 50409488,FlexNet900,930.5125 MHz,83,901.8625 MHz
44780,true,,CRESCENT-136RS3,RTM II+,No,FlexNet,Enabled,4110005,No,2026-07-29 09:16:38.191,Normal,2019-02-12 11:17:36.605,2025-09-17 10:13:09.000,No,40.021,-75.087,FlexNetId: 50409645,FlexNet900,930.5375 MHz,33,901.8375 MHz
50792,true,,LINE-13600RM1,RTM II+,No,FlexNet,Enabled,4110005,No,2026-07-29 09:07:57.131,Normal,2022-04-21 10:14:46.258,2025-09-17 09:50:17.000,No,40.2404,-75.1155,FlexNetId: 50531941,FlexNet900,930.5125 MHz,44,901.8875 MHz
43798,true,,MIDDLETO-142T1210,RTM II+,No,FlexNet,Enabled,4110005,No,2026-07-29 09:11:36.212,Normal,2019-02-01 15:06:39.549,2025-09-17 10:01:12.000,No,39.89255,-75.41639,FlexNetId: 50409101,FlexNet900,930.5125 MHz,30,901.8375 MHz
44382,true,,LINE-1300T221,RTM II+,No,FlexNet,Enabled,4110005,No,2026-07-29 09:13:16.842,Normal,2019-07-11 17:20:22.967,2025-09-17 09:55:17.000,No,40.13,-75.525,FlexNetId: 50409259,FlexNet900,930.5125 MHz,43,901.8875 MHz
45412,true,,MACDADE-136T425,RTM II+,No,FlexNet,Enabled,4110005,No,2026-07-29 09:06:04.857,Normal,2019-04-03 08:30:18.689,2025-09-17 10:08:51.000,No,39.911,-75.324,FlexNetId: 50410398,FlexNet900,930.5125 MHz,35,901.8875 MHz
53591,true,,LLANERCH-143RM1,RTMx,No,FlexNet,Enabled,4110005,No,2026-07-29 09:13:33.962,Normal,2024-08-27 14:42:55.455,2025-09-18 20:52:49.000,No,39.95916,-75.29742,FlexNetId: 50480572,FlexNet900K24,930.5125 MHz,21,901.8375 MHz
42871,true,,UPLAND-142T323,RTM II+,No,FlexNet,Enabled,4110005,No,2026-07-29 09:17:23.568,Normal,2018-06-07 14:18:05.254,2025-09-17 09:29:15.000,No,39.988326,-75.226289,FlexNetId: 50408336,FlexNet900,930.5375 MHz,35,901.8625 MHz
46735,true,,BROOMALL-136RM3,RTM II+,No,FlexNet,Enabled,4110005,No,2026-07-29 09:17:52.531,Normal,2019-12-12 09:46:32.052,2025-09-17 10:01:55.000,No,39.98,-75.346812,FlexNetId: 50530463,FlexNet900,930.5125 MHz,43,901.8625 MHz
52260,true,,BUCKINGH-372RM7,RTM II+,No,FlexNet,Enabled,4110005,No,2026-07-29 09:08:01.745,Normal,2023-06-16 08:04:04.807,2025-09-17 09:50:17.000,No,40.36473,-75.02503,FlexNetId: 50532754,FlexNet900,930.5125 MHz,35,901.8375 MHz
44509,true,,LINE-1098T351,RTM II+,No,FlexNet,Enabled,4110005,No,2026-07-29 09:16:05.557,Normal,2019-01-10 14:49:19.428,2025-09-17 09:57:55.000,No,39.9898,-75.1615,FlexNetId: 50409648,FlexNet900,930.5375 MHz,30,901.8625 MHz
44208,true,,BETZWOOD-352RM1,RTM II+,No,FlexNet,Enabled,4110005,No,2026-07-29 09:07:21.346,Normal,2018-12-13 17:09:16.605,2025-09-17 09:45:43.000,No,40.10413917,-75.41031237,FlexNetId: 50408947,FlexNet900,930.5125 MHz,29,901.8375 MHz
52316,true,,LINTON-352R1,RTM II+,No,FlexNet,Enabled,4110005,No,2026-07-29 09:15:44.892,Normal,2023-08-11 08:02:55.148,2025-09-17 09:28:11.000,No,40.2094,-74.9966,FlexNetId: 50533224,FlexNet900,930.5125 MHz,14,901.8375 MHz
30422,true,,WOODBOUR-351RM5,RTM II+,No,FlexNet,Enabled,4110005,No,2026-07-29 09:13:09.906,Normal,2014-11-21 12:27:30.093,2025-09-17 10:09:58.000,No,40.2254,-74.9266,FlexNetId: 50402096,FlexNet900,930.5125 MHz,14,901.8625 MHz
43792,true,,BETZWOOD-341T170,RTM II+,No,FlexNet,Enabled,4110005,No,2026-07-29 09:20:04.519,Normal,2019-01-10 14:27:18.224,2025-09-17 09:46:00.000,No,40.155114,-75.48454,FlexNetId: 50409115,FlexNet900,930.5375 MHz,35,901.8875 MHz
45062,true,,JENKINTO-145T557,RTM II+,No,FlexNet,Enabled,4110005,No,2026-07-29 09:19:51.029,Normal,2019-02-14 09:40:25.581,2025-09-17 10:10:03.000,No,40.087,-75.124,FlexNetId: 50409284,FlexNet900,930.5375 MHz,17,901.8875 MHz
51905,true,,BRADFORD-341T883,RTM II+,No,FlexNet,Enabled,4110005,No,2026-07-29 09:12:45.151,Normal,2023-02-20 07:48:34.478,2025-09-17 09:30:39.000,No,40.03596,-75.72963,FlexNetId: 50532060,FlexNet900,930.5375 MHz,21,901.8625 MHz
45323,true,,LINFIELD-000RS1,RTM II+,No,FlexNet,Enabled,4110005,No,2026-07-29 09:18:33.943,Normal,2019-10-09 09:47:06.941,2025-09-17 09:49:57.000,No,40.2011,-75.5829,FlexNetId: 50410048,FlexNet900,930.5125 MHz,27,901.8375 MHz
44575,true,,LINE-2100RM3,RTM II+,No,FlexNet,Enabled,4110005,No,2026-07-29 09:11:31.687,Normal,2019-02-12 11:15:59.564,2025-09-17 10:06:13.000,No,40.1495,-75.5289,FlexNetId: 50409767,FlexNet900,930.5125 MHz,32,901.8375 MHz
54118,true,,MOSER-341R2,RTMx,No,FlexNet,Enabled,4110005,No,2026-07-29 09:18:41.729,Normal,2024-10-17 10:05:40.221,2025-09-17 12:41:07.000,No,40.2481,-75.6381,FlexNetId: 50480700,FlexNet900K24,930.5375 MHz,35,901.8375 MHz
49007,true,,HOLMESBU-138RM1,RTM II+,No,FlexNet,Enabled,4110005,No,2026-07-29 09:20:10.862,Normal,2021-01-24 09:14:23.850,2025-09-17 09:28:14.000,No,40.03502,-75.05924,FlexNetId: 50531109,FlexNet900,930.5125 MHz,31,901.8375 MHz
45053,true,,PLANEBRO-361RS4,RTM II+,No,FlexNet,Enabled,4110005,No,2026-07-29 09:18:36.285,Normal,2019-02-14 09:40:22.368,2025-09-17 10:13:04.000,No,40.033,-75.629,FlexNetId: 50409299,FlexNet900,930.5125 MHz,49,901.8875 MHz
54199,true,,LINE-502S2,RTMx,No,FlexNet,Enabled,4110005,No,2026-07-29 09:19:38.168,Normal,2024-10-17 09:54:32.208,2025-09-17 12:38:44.000,No,39.9849614,-75.1305602,FlexNetId: 50480923,FlexNet900K24,930.5125 MHz,15,901.8375 MHz
45333,true,,BYBERRY-141T466,RTM II+,No,FlexNet,Enabled,4110005,No,2026-07-29 09:06:30.755,Normal,2019-04-03 08:29:46.588,2025-09-17 10:08:50.000,No,40.097764,-74.970352,FlexNetId: 50410061,FlexNet900,930.5125 MHz,34,901.8375 MHz
45310,true,,EDDINGTO-132RM2,RTM II+,No,FlexNet,Enabled,4110005,No,2026-07-29 09:19:13.773,Normal,2019-04-03 08:29:40.277,2025-09-17 10:08:50.000,No,40.077,-74.953,FlexNetId: 50410139,FlexNet900,930.5125 MHz,40,901.8875 MHz
42306,true,,MACDADE-148RM1,RTM II+,No,FlexNet,Enabled,4110005,No,2026-07-29 09:13:03.392,Normal,2018-07-17 13:47:27.130,2025-09-17 09:30:19.000,No,39.916896,-75.305377,FlexNetId: 50408395,FlexNet900,930.5125 MHz,31,901.8375 MHz
44706,true,,UNIVERSI-133S2,RTM II+,No,FlexNet,Enabled,4110005,No,2026-07-29 09:06:16.142,Normal,2019-02-12 11:17:02.154,2025-09-17 09:58:18.000,No,39.954,-75.21,FlexNetId: 50409909,FlexNet900,930.5125 MHz,29,901.8625 MHz
43830,true,,RICHMOND-137RS4,RTM II+,No,FlexNet,Enabled,4110005,No,2026-07-29 09:16:03.631,Normal,2018-11-13 10:02:55.121,2025-09-17 10:02:16.000,No,40.012922,-75.081495,FlexNetId: 50409253,FlexNet900,930.5125 MHz,28,901.8375 MHz
43597,true,,LINE-14800T605,RTM II+,No,FlexNet,Enabled,4110005,No,2026-07-29 09:19:44.679,Normal,2019-09-05 11:55:25.323,2025-09-17 09:45:40.000,No,40.013,-75.617,FlexNetId: 50408744,FlexNet900,930.5125 MHz,39,901.8375 MHz
43299,true,,SAVILLE-134S1,RTM II+,No,FlexNet,Enabled,4110005,No,2026-07-29 09:10:59.941,Normal,2018-11-13 14:02:32.119,2025-09-17 09:43:38.000,No,39.865,-75.367,FlexNetId: 50408871,FlexNet900,930.5125 MHz,37,901.8375 MHz
43011,true,,HEATON-141RM1,RTM II+,No,FlexNet,Enabled,4110005,No,2026-07-29 09:18:37.651,Normal,2018-07-17 13:23:10.618,2025-09-17 09:44:19.000,No,40.163828,-75.057799,FlexNetId: 50408073,FlexNet900,930.5125 MHz,41,901.8375 MHz
42060,true,,DALEVILL-342S1,RTM II+,No,FlexNet,Enabled,4110005,No,2026-07-29 09:19:01.399,Normal,2018-03-26 15:47:28.604,2025-09-17 09:55:42.000,No,39.858326,-75.771503,FlexNetId: 50408429,FlexNet900,930.5375 MHz,37,901.8875 MHz
44191,true,,MACDADE-134S4,RTM II+,No,FlexNet,Enabled,4110005,No,2026-07-29 09:09:40.042,Normal,2018-12-13 17:09:10.494,2025-09-17 09:48:10.000,No,39.905,-75.2739,FlexNetId: 50409318,FlexNet900,930.5125 MHz,54,901.8375 MHz
51993,true,,LENAPE-343RM5,RTM II+,No,FlexNet,Enabled,4110005,No,2026-07-29 09:07:05.571,Normal,2023-04-18 07:57:01.900,2025-09-17 09:50:17.000,No,39.93615,-75.57019,FlexNetId: 50532139,FlexNet900,930.5125 MHz,44,901.8625 MHz
43895,true,,CRESCENT-163T275,RTM II+,No,FlexNet,Enabled,4110005,No,2026-07-29 09:18:01.142,Normal,2018-11-13 10:03:16.173,2025-09-17 09:49:15.000,No,40.01249,-75.11981,FlexNetId: 50409082,FlexNet900,930.5375 MHz,60,901.8875 MHz
43641,true,,NEWLINVI-353S4,RTM II+,No,FlexNet,Enabled,4110005,No,2026-07-29 09:20:22.141,Normal,2018-10-05 14:49:16.593,2024-10-08 13:00:50.000,No,40.0127,-75.7282,FlexNetId: 50408824,FlexNet900,930.5375 MHz,39,901.8625 MHz
47198,true,,NORTOXFD-002RS1,RTM II+,No,FlexNet,Enabled,4110005,No,2026-07-29 09:20:51.841,Normal,2020-02-25 09:05:52.258,2025-09-17 10:06:12.000,No,39.784,-75.9727,FlexNetId: 50530841,FlexNet900,930.5125 MHz,48,901.8875 MHz
54096,true,,BYBERRY-162T184,RTMx,No,FlexNet,Enabled,4110005,No,2026-07-29 09:18:08.705,Normal,2024-10-17 10:05:37.916,2025-09-17 09:33:31.000,No,40.1533245,-74.973219,FlexNetId: 50480608,FlexNet900K24,930.5125 MHz,45,901.8375 MHz
42733,true,,MACDADE-161T787,RTM II+,No,FlexNet,Enabled,4110005,No,2026-07-29 09:16:40.385,Normal,2020-01-02 14:36:29.372,2025-09-17 10:13:06.000,No,39.924,-75.338,FlexNetId: 50408180,FlexNet900,930.5125 MHz,23,901.8375 MHz
47761,true,,LINE-2232RM1,RTM II+,No,FlexNet,Enabled,4110005,No,2026-07-29 09:19:35.173,Normal,2020-08-13 09:23:41.579,2025-09-17 10:05:10.000,No,40.035,-75.121,FlexNetId: 50530648,FlexNet900,930.5125 MHz,36,901.8625 MHz
49070,true,,MASTER-131T758,RTM II+,No,FlexNet,Enabled,4110005,No,2026-07-29 09:10:26.104,Normal,2021-02-09 09:22:12.787,2025-09-17 09:57:54.000,No,39.976,-75.183,FlexNetId: 50531073,FlexNet900,930.5125 MHz,43,901.8875 MHz
44338,true,,BRADFORD-353S3,RTM II+,No,FlexNet,Enabled,4110005,No,2026-07-29 09:15:24.288,Normal,2019-01-03 17:07:09.254,2025-09-17 09:49:11.000,No,39.9769358,-75.5770655,FlexNetId: 50409549,FlexNet900,930.5125 MHz,38,901.8875 MHz
45373,true,,PARRISH-135T530,RTM II+,No,FlexNet,Enabled,4110005,No,2026-07-29 09:15:22.078,Normal,2019-04-03 08:30:03.024,2025-09-17 10:16:33.000,No,39.968,-75.227,FlexNetId: 50410017,FlexNet900,930.5125 MHz,25,901.8875 MHz
54191,true,,LINE-521T1192,RTMx,No,FlexNet,Enabled,4110005,No,2026-07-29 09:16:44.697,Normal,2024-10-17 09:54:31.228,2025-09-17 12:38:45.000,No,39.9799746,-75.1216956,FlexNetId: 50480944,FlexNet900K24,930.5125 MHz,55,901.8375 MHz
54181,true,,LINE-18700RM1,RTMx,No,FlexNet,Enabled,4110005,No,2026-07-29 09:17:18.794,Normal,2024-10-17 09:54:30.084,2025-09-17 12:32:12.000,No,40.1588134,-74.9763669,FlexNetId: 50480850,FlexNet900K24,930.5125 MHz,80,901.8375 MHz
30323,true,,FLINT-144S1,RTM II+,No,FlexNet,Enabled,4110005,No,2026-07-29 09:20:19.573,Normal,2014-08-26 13:42:36.700,2025-09-17 09:55:17.000,No,40.0516,-75.2951,FlexNetId: 50402082,FlexNet900,930.5125 MHz,26,901.8875 MHz
52827,true,,PULASKI-133RM1,RTM II+,No,FlexNet,Enabled,4110005,No,2026-07-29 09:11:27.442,Normal,2023-12-11 09:22:16.886,2025-09-17 10:17:09.000,No,40.05349,-75.16115,FlexNetId: 50533321,FlexNet900,930.5375 MHz,34,901.8375 MHz
43829,true,,RICHMOND-137T1347,RTM II+,No,FlexNet,Enabled,4110005,No,2026-07-29 09:14:05.889,Normal,2018-11-13 10:02:54.810,2025-09-17 10:04:24.000,No,40.01294,-75.08184,FlexNetId: 50409243,FlexNet900,930.5375 MHz,22,901.8875 MHz
45359,true,,MOSER-362R1,RTM II+,No,FlexNet,Enabled,4110005,No,2026-07-29 09:10:41.619,Normal,2019-04-03 08:29:56.348,2025-09-17 10:09:53.000,No,40.246,-75.626,FlexNetId: 50410138,FlexNet900,930.5125 MHz,44,901.8875 MHz
52270,true,,TACONY-132RMP1,RTM II+,No,FlexNet,Enabled,4110005,No,2026-07-29 09:07:20.077,Normal,2023-07-18 09:37:12.075,2025-09-17 09:28:31.000,No,40.0214297,-75.054607,FlexNetId: 50533139,FlexNet900,930.5125 MHz,65,901.8375 MHz
51901,true,,GRAYSFER-141T723,RTM II+,No,FlexNet,Enabled,4110005,No,2026-07-29 09:14:44.862,Normal,2023-02-20 07:48:33.869,2025-09-17 09:49:40.000,No,39.9429,-75.1723,FlexNetId: 50532055,FlexNet900,930.5375 MHz,34,901.8875 MHz
52300,true,,PASSYUNK-133T74,RTM II+,No,FlexNet,Enabled,4110005,No,2026-07-29 09:13:01.695,Normal,2023-08-11 08:02:53.491,2025-09-17 09:28:33.000,No,39.926894,-75.175785,FlexNetId: 50533152,FlexNet900,930.5125 MHz,39,901.8375 MHz
43206,true,,MIDDLETO-131RM1,RTM II+,No,FlexNet,Enabled,4110005,No,2026-07-29 09:19:48.050,Normal,2018-11-02 09:51:19.007,2025-09-17 09:44:37.000,No,39.893768,-75.4497,FlexNetId: 50408310,FlexNet900,930.5125 MHz,23,901.8625 MHz
48795,true,,CONCORD-348S4,RTM II+,No,FlexNet,Enabled,4110005,No,2026-07-29 09:18:51.749,Normal,2020-12-04 15:04:21.494,2025-09-17 10:05:09.000,No,39.86,-75.486,FlexNetId: 50530896,FlexNet900,930.5125 MHz,35,901.8625 MHz
32567,true,,MOSER-362S3,RTM II+,No,FlexNet,Enabled,4110005,No,2026-07-29 09:15:27.176,Normal,2014-12-02 14:19:19.133,2025-09-17 10:00:02.000,No,40.2598397,-75.6430127,FlexNetId: 50403803,FlexNet900,930.5125 MHz,77,901.8625 MHz
47620,true,,NESHAMIN-133S1,RTM II+,No,FlexNet,Enabled,4110005,No,2026-07-29 09:13:36.614,Normal,2020-05-26 12:40:29.445,2025-09-17 09:29:19.000,No,40.1382,-74.949,FlexNetId: 50530834,FlexNet900,930.5375 MHz,39,901.8875 MHz
50886,true,,LINE-2409S1,RTM II+,No,FlexNet,Enabled,4110005,No,2026-07-29 09:16:42.726,Normal,2022-06-23 10:26:07.097,2025-09-17 10:21:22.000,No,39.94215,-75.16206,FlexNetId: 50532685,FlexNet900,930.5125 MHz,48,901.8375 MHz
52821,true,,LINE-502T996,RTM II+,No,FlexNet,Enabled,4110005,No,2026-07-29 09:12:57.193,Normal,2023-12-11 09:22:15.087,2025-09-17 10:16:30.000,No,39.98541,-75.13083,FlexNetId: 50533087,FlexNet900,930.5125 MHz,32,901.8375 MHz
51352,true,,LINE-328RM1,RTM II+,No,FlexNet,Enabled,4110005,No,2026-07-29 09:19:53.372,Normal,2022-09-21 07:54:36.564,2025-09-17 09:51:03.000,No,39.9368,-75.1956,FlexNetId: 50532626,FlexNet900,930.5125 MHz,40,901.8875 MHz
45348,true,,CRESCENT-161S1,RTM II+,No,FlexNet,Enabled,4110005,No,2026-07-29 09:18:17.145,Normal,2019-04-03 08:29:51.957,2025-09-17 10:01:56.000,No,40.02165,-75.116195,FlexNetId: 50410066,FlexNet900,930.5125 MHz,42,901.8625 MHz
48143,true,,CRESCENT-164T710,RTM II+,No,FlexNet,Enabled,4110005,No,2026-07-29 09:11:14.296,Normal,2020-09-22 09:17:10.117,2025-09-17 10:21:22.000,No,40.036,-75.124,FlexNetId: 50530352,FlexNet900,930.5125 MHz,32,901.8375 MHz
53732,true,,MOSER-342RM4,RTMx,No,FlexNet,Enabled,4110005,No,2026-07-29 09:20:09.035,Normal,2024-08-27 14:51:16.782,2024-10-15 08:24:40.000,No,40.263749,-75.628201,FlexNetId: 50480505,FlexNet900K24,930.5125 MHz,30,901.8625 MHz
49539,true,,ROCKWELL-002RS1,RTM II+,No,FlexNet,Enabled,4110005,No,2026-07-29 09:18:24.527,Normal,2021-07-22 09:38:25.510,2025-09-17 10:13:10.000,No,40.0521,-75.0798,FlexNetId: 50531569,FlexNet900,930.5125 MHz,70,901.8375 MHz
49249,true,,CONCORD-354RS4,RTM II+,No,FlexNet,Enabled,4110005,No,2026-07-29 09:12:37.130,Normal,2021-04-09 08:46:24.338,2025-09-17 10:13:10.000,No,39.849,-75.5367,FlexNetId: 50531053,FlexNet900,930.5125 MHz,69,901.8625 MHz
52203,true,,PARRISH-131RM5,RTM II+,No,FlexNet,Enabled,4110005,No,2026-07-29 09:20:24.615,Normal,2023-06-07 07:36:05.612,2025-09-17 09:50:18.000,No,39.9709132,-75.2290136,FlexNetId: 50532134,FlexNet900,930.5125 MHz,30,901.8375 MHz
53617,true,,BELLEVUE-133T80,RTMx,No,FlexNet,Enabled,4110005,No,2026-07-29 09:09:11.915,Normal,2024-08-27 14:42:58.675,2025-09-17 09:33:02.000,No,40.16213,-74.961167,FlexNetId: 50480616,FlexNet900K24,930.5375 MHz,29,901.8625 MHz
45357,true,,PASSYUNK-141T613,RTM II+,No,FlexNet,Enabled,4110005,No,2026-07-29 09:11:00.998,Normal,2019-04-03 08:29:55.534,2025-09-17 10:04:30.000,No,39.92945,-75.15121,FlexNetId: 50410012,FlexNet900,930.5375 MHz,19,901.8375 MHz
49207,true,,MOSER-342RS1,RTM II+,No,FlexNet,Enabled,4110005,No,2026-07-29 09:14:02.802,Normal,2021-03-19 08:35:26.462,2025-09-17 09:50:19.000,No,40.2444,-75.6029,FlexNetId: 50531267,FlexNet900,930.5125 MHz,45,901.8875 MHz
45257,true,,WHITEMAR-132RM2,RTM II+,No,FlexNet,Enabled,4110005,No,2026-07-29 09:13:04.662,Normal,2019-02-19 09:16:07.526,2025-09-17 09:57:54.000,No,40.153,-75.213,FlexNetId: 50410172,FlexNet900,930.5375 MHz,40,901.8375 MHz
42076,true,,TACONY-136RM1,RTM II+,No,FlexNet,Enabled,4110005,No,2026-07-29 09:18:54.427,Normal,2018-03-26 15:47:33.092,2025-09-17 09:58:16.000,No,40.01767,-75.078493,FlexNetId: 50408423,FlexNet900,930.5375 MHz,26,901.8625 MHz
43737,true,,UPLAND-141S1,RTM II+,No,FlexNet,Enabled,4110005,No,2026-07-29 09:18:42.633,Normal,2018-09-28 14:19:28.141,2025-09-17 09:57:55.000,No,39.9718999,-75.2395002,FlexNetId: 50408982,FlexNet900,930.5375 MHz,33,901.8375 MHz
44624,true,,UPPRPROV-342RM1,RTM II+,No,FlexNet,Enabled,4110005,No,2026-07-29 09:19:42.299,Normal,2019-02-12 11:16:23.976,2025-09-17 10:04:28.000,No,40.19166,-75.48701,FlexNetId: 50409775,FlexNet900,930.5125 MHz,34,901.8625 MHz
50499,true,,RICHMOND-143T922,RTM II+,No,FlexNet,Enabled,4110005,No,2026-07-29 09:08:29.909,Normal,2021-12-16 08:40:23.032,2025-09-17 09:59:43.000,No,40.0155,-75.0731,FlexNetId: 50531647,FlexNet900,930.5125 MHz,22,901.8375 MHz
51236,true,,LINE-363RM1,RTM II+,No,FlexNet,Enabled,4110005,No,2026-07-29 09:20:45.207,Normal,2022-08-03 07:53:15.670,2025-09-17 09:50:21.000,No,39.9432,-75.1694,FlexNetId: 50532538,FlexNet900,930.5125 MHz,33,901.8375 MHz
50882,true,,PLYMOUTH-181RM1,RTM II+,No,FlexNet,Enabled,4110005,No,2026-07-29 09:19:33.520,Normal,2022-06-23 10:26:06.345,2025-09-17 10:13:01.000,No,40.080453,-75.25546,FlexNetId: 50532723,FlexNet900,930.5375 MHz,23,901.8625 MHz
54196,true,,COCHRANV-341T229,RTMx,No,FlexNet,Enabled,4110005,No,2026-07-29 09:08:45.581,Normal,2024-10-17 09:54:31.853,2025-11-16 10:35:52.000,No,39.7907901,-75.9728356,FlexNetId: 50480941,FlexNet900K24,930.5125 MHz,76,901.8375 MHz
45368,true,,ANGORA-132S2,RTM II+,No,FlexNet,Enabled,4110005,No,2026-07-29 09:07:12.879,Normal,2019-04-03 08:30:00.995,2025-09-17 10:02:18.000,No,39.953534,-75.224281,FlexNetId: 50410125,FlexNet900,930.5125 MHz,63,901.8875 MHz
44404,true,,LINE-1600R2,RTM II+,No,FlexNet,Enabled,4110005,No,2026-07-29 09:20:07.318,Normal,2019-02-07 15:34:24.096,2025-09-17 09:57:06.000,No,40.18455,-75.56525,FlexNetId: 50409306,FlexNet900,930.5375 MHz,40,901.8625 MHz
52415,true,,PLYMOUTH-132T202,RTM II+,No,FlexNet,Enabled,4110005,No,2026-07-29 09:12:10.046,Normal,2023-08-15 08:49:39.330,2025-09-17 10:17:10.000,No,40.07857,-75.25066,FlexNetId: 50533363,FlexNet900,930.5125 MHz,15,901.8375 MHz
52267,true,,BUCKINGH-362RS3,RTM II+,No,FlexNet,Enabled,4110005,No,2026-07-29 09:05:59.041,Normal,2023-07-18 09:37:11.587,2025-09-17 09:33:05.000,No,40.3516084,-75.0984587,FlexNetId: 50533148,FlexNet900,930.5125 MHz,24,901.8375 MHz
49574,true,,PULASKI-011RS1,RTM II+,No,FlexNet,Enabled,4110005,No,2026-07-29 09:19:09.468,Normal,2021-07-27 10:43:10.133,2025-09-17 09:59:40.000,No,40.0242,-75.1801,FlexNetId: 50531583,FlexNet900,930.5125 MHz,41,901.8875 MHz
44500,true,,JARRETT-143T276,RTM II+,No,FlexNet,Enabled,4110005,No,2026-07-29 09:11:03.780,Normal,2019-01-10 14:49:13.793,2025-09-17 09:48:06.000,No,40.188626,-75.14654,FlexNetId: 50409834,FlexNet900,930.5125 MHz,35,901.8375 MHz
46825,true,,HEATON-164S1,RTM II+,No,FlexNet,Enabled,4110005,No,2026-07-29 09:17:42.480,Normal,2019-12-10 09:34:38.706,2025-09-17 09:57:55.000,No,40.183,-75.057,FlexNetId: 50410765,FlexNet900,930.5125 MHz,54,901.8375 MHz
45109,true,,CEDARBRO-132RM1,RTM II+,No,FlexNet,Enabled,4110005,No,2026-07-29 09:05:57.104,Normal,2019-02-14 09:40:46.516,2025-09-17 10:17:51.000,No,40.0795,-75.2121,FlexNetId: 50409995,FlexNet900,930.5375 MHz,32,901.8875 MHz
49572,true,,JARRETT-132S1,RTM II+,No,FlexNet,Enabled,4110005,No,2026-07-29 09:19:34.917,Normal,2021-07-27 10:43:20.113,2025-09-17 09:51:51.000,No,40.1716,-75.183,FlexNetId: 50531450,FlexNet900,930.5375 MHz,24,901.8625 MHz
49464,true,,LINE-2214S2,RTM II+,No,FlexNet,Enabled,4110005,No,2026-07-29 09:15:19.635,Normal,2021-06-18 09:04:23.764,2025-09-17 09:51:50.000,No,39.997,-75.144,FlexNetId: 50531521,FlexNet900,930.5125 MHz,64,901.8375 MHz
49649,true,,LINTON-343RM5,RTM II+,No,FlexNet,Enabled,4110005,No,2026-07-29 09:20:36.737,Normal,2021-08-16 09:56:28.424,2025-09-17 09:51:03.000,No,40.2077,-74.969,FlexNetId: 50531455,FlexNet900,930.5125 MHz,25,901.8875 MHz
52262,true,,LINE-534S3,RTM II+,No,FlexNet,Enabled,4110005,No,2026-07-29 09:14:35.265,Normal,2023-06-16 08:04:05.210,2025-09-17 09:50:17.000,No,39.98215,-75.13715,FlexNetId: 50533253,FlexNet900,930.5125 MHz,39,901.8625 MHz
45361,true,,BLUEGRAS-132RM3,RTM II+,No,FlexNet,Enabled,4110005,No,2026-07-29 09:19:16.176,Normal,2019-04-03 08:29:57.112,2025-09-17 10:04:26.000,No,40.062,-75.028,FlexNetId: 50410007,FlexNet900,930.5125 MHz,25,901.8875 MHz
45466,true,,BYBERRY-141T519,RTM II+,No,FlexNet,Enabled,4110005,No,2026-07-29 09:07:36.899,Normal,2019-03-06 17:48:21.118,2025-09-17 10:13:08.000,No,40.101,-74.974,FlexNetId: 50410264,FlexNet900,930.5375 MHz,32,901.8625 MHz
43712,true,,PERKIOME-354R6,RTM II+,No,FlexNet,Enabled,4110005,No,2026-07-29 09:14:25.449,Normal,2018-10-30 14:17:14.488,2025-09-17 09:43:39.000,No,40.207912,-75.407057,FlexNetId: 50408654,FlexNet900,930.5375 MHz,26,901.8625 MHz
51238,true,,CHICHEST-131S1,RTM II+,No,FlexNet,Enabled,4110005,No,2026-07-29 09:19:57.892,Normal,2022-08-03 07:53:15.994,2025-09-17 09:49:42.000,No,39.835259,-75.44755,FlexNetId: 50532517,FlexNet900,930.5125 MHz,14,901.8375 MHz
53913,true,,MACDADE-134T24,RTMx,No,FlexNet,Enabled,4110005,No,2026-07-29 09:19:47.518,Normal,2024-09-06 10:53:34.045,2025-09-17 12:31:23.000,No,39.89927,-75.25636,FlexNetId: 50480655,FlexNet900K24,930.5125 MHz,37,901.8375 MHz
44501,true,,EAGLE-342T272,RTM II+,No,FlexNet,Enabled,4110005,No,2026-07-29 09:20:11.393,Normal,2019-01-10 14:49:34.192,2025-09-17 09:29:16.000,No,40.123199,-75.712694,FlexNetId: 50409835,FlexNet900,930.5125 MHz,24,901.8375 MHz
51240,true,,WANEETA-136RM1,RTM II+,No,FlexNet,Enabled,4110005,No,2026-07-29 09:19:26.952,Normal,2022-08-03 07:53:16.486,2025-09-17 09:49:59.000,No,39.996908,-75.115364,FlexNetId: 50532657,FlexNet900,930.5125 MHz,50,901.8375 MHz
51916,true,,LLANERCH-135T28,RTM II+,No,FlexNet,Enabled,4110005,No,2026-07-29 09:11:50.174,Normal,2023-02-20 07:48:36.703,2025-09-17 10:21:22.000,No,39.9496,-75.3143,FlexNetId: 50531960,FlexNet900,930.5125 MHz,26,901.8375 MHz
44691,true,,LINE-744T1346,RTM II+,No,FlexNet,Enabled,4110005,No,2026-07-29 09:07:05.601,Normal,2019-02-12 11:16:55.222,2025-09-17 10:05:17.000,No,39.9986,-75.105,FlexNetId: 50409692,FlexNet900,930.5125 MHz,31,901.8375 MHz
49541,true,,LOMBARD-138RM1,RTM II+,No,FlexNet,Enabled,4110005,No,2026-07-29 09:18:45.072,Normal,2021-07-22 09:38:08.582,2025-09-17 09:51:50.000,No,39.936482,-75.150328,FlexNetId: 50531427,FlexNet900,930.5125 MHz,33,901.8375 MHz
45147,true,,PASSYUNK-134S5,RTM II+,No,FlexNet,Enabled,4110005,No,2026-07-29 09:20:50.051,Normal,2019-02-19 09:15:37.605,2025-09-17 10:21:22.000,No,39.929,-75.167,FlexNetId: 50410210,FlexNet900,930.5125 MHz,29,901.8625 MHz
47297,true,,JENKINTO-137RM1,RTM II+,No,FlexNet,Enabled,4110005,No,2026-07-29 09:18:51.856,Normal,2020-03-30 13:01:43.291,2025-09-17 09:55:44.000,No,40.0632,-75.1271,FlexNetId: 50530616,FlexNet900,930.5125 MHz,28,901.8375 MHz
46991,true,Activated,LINE-2613T621,RTM II+,No,Verizon,Not Applicable,4110005,No,2026-07-29 09:11:49.205,Normal,2020-08-28 12:57:34.618,,,40.048,-75.222,IMEI: 353238061380092,Cell_LE910_VER,,-60,
46991,true,Activated,LINE-2613T621,RTM II+,No,Verizon,Not Applicable,4110005,No,2026-07-29 09:11:49.205,Normal,2020-08-28 12:57:34.618,,,40.048,-75.222,ICCID: 89148000002637322576,Cell_LE910_VER,,-60,
51732,true,,CALLOWHI-173T1028,RTM II+,No,FlexNet,Enabled,4110005,No,2026-07-29 09:11:07.404,Normal,2022-11-17 07:08:06.756,2025-09-17 10:21:22.000,No,39.97774,-75.16174,FlexNetId: 50532965,FlexNet900,930.5125 MHz,21,901.8375 MHz
44632,true,,LINE-3200T311,RTM II+,No,FlexNet,Enabled,4110005,No,2026-07-29 09:20:33.313,Normal,2019-02-12 11:16:27.392,2025-09-17 10:01:56.000,No,40.09933,-74.86373,FlexNetId: 50409778,FlexNet900,930.5375 MHz,23,901.8625 MHz
53899,true,,ANGORA-132S5,RTMx,No,FlexNet,Enabled,4110005,No,2026-07-29 09:18:12.144,Normal,2024-09-06 10:10:05.764,2025-09-17 09:33:34.000,No,39.9618299,-75.2208183,FlexNetId: 50480690,FlexNet900K24,930.5125 MHz,48,901.8375 MHz
42903,true,,NEWLINVI-354R4,RTM II+,No,FlexNet,Enabled,4110005,No,2026-07-29 09:14:37.114,Normal,2018-06-21 10:31:06.757,2025-09-17 09:28:54.000,No,39.964768,-75.881484,FlexNetId: 50408152,FlexNet900,930.5125 MHz,23,901.8875 MHz
48742,true,,LLANERCH-136RM1,RTM II+,No,FlexNet,Enabled,4110005,No,2026-07-29 09:18:01.607,Normal,2020-12-02 10:01:32.906,2025-09-17 09:54:52.000,No,39.961,-75.327,FlexNetId: 50530928,FlexNet900,930.5125 MHz,62,901.8375 MHz
53489,true,,BYBERRY-161RM1,RTM II+,No,FlexNet,Enabled,4110005,No,2026-07-29 09:20:03.229,Normal,2024-06-07 13:16:41.405,2025-09-17 10:17:49.000,No,40.15263,-75.0394813,FlexNetId: 50534078,FlexNet900,930.5125 MHz,45,901.8375 MHz
44511,true,,LLANERCH-166RM1,RTM II+,No,FlexNet,Enabled,4110005,No,2026-07-29 09:09:18.041,Normal,2019-01-10 14:49:19.767,2025-09-17 09:49:38.000,No,39.955191,-75.301245,FlexNetId: 50409639,FlexNet900,930.5375 MHz,46,901.8375 MHz
45031,true,,BYBERRY-140T521,RTM II+,No,FlexNet,Enabled,4110005,No,2026-07-29 09:18:23.333,Normal,2019-02-14 09:40:14.938,2025-09-17 10:04:21.000,No,40.100671,-75.02093,FlexNetId: 50409358,FlexNet900,930.5125 MHz,37,901.8625 MHz
45143,true,,CRESCENT-164T684,RTM II+,No,FlexNet,Enabled,4110005,No,2026-07-29 09:12:37.872,Normal,2019-02-19 09:15:36.004,2025-09-17 10:01:34.000,No,40.03508,-75.13208,FlexNetId: 50410025,FlexNet900,930.5375 MHz,33,901.8875 MHz
52858,true,,BLUEGRAS-144T1262,RTM II+,No,FlexNet,Enabled,4110005,No,2026-07-29 09:07:58.458,Normal,2023-12-11 09:22:23.945,2025-09-17 09:33:02.000,No,40.06021,-74.9903,FlexNetId: 50533297,FlexNet900,930.5125 MHz,22,901.8375 MHz
44220,true,,BUCKINGH-353T1356,RTM II+,No,FlexNet,Enabled,4110005,No,2026-07-29 09:14:25.876,Normal,2018-12-13 17:09:20.771,2019-02-24 10:57:34.000,No,40.217886,-75.031262,FlexNetId: 50409316,FlexNet900,930.5375 MHz,81,901.8625 MHz
47821,true,,PIKELAND-000RS2,RTM II+,No,FlexNet,Enabled,4110005,No,2026-07-29 09:20:04.813,Normal,2020-08-15 21:30:04.343,2025-09-17 10:21:22.000,No,40.146,-75.549,FlexNetId: 50530532,FlexNet900,930.5375 MHz,45,901.8875 MHz
47745,true,,PERKIOME-342T640,RTM II+,No,FlexNet,Enabled,4110005,No,2026-07-29 09:09:32.914,Normal,2020-08-13 09:23:38.500,2025-09-17 10:05:09.000,No,40.229,-75.406,FlexNetId: 50530655,FlexNet900,930.5375 MHz,31,901.8875 MHz
50878,true,,MACDADE-160RS3,RTM II+,No,FlexNet,Enabled,4110005,No,2026-07-29 09:12:57.151,Normal,2022-06-23 10:26:05.320,2025-09-17 09:27:12.000,No,39.903573,-75.329376,FlexNetId: 50532198,FlexNet900,930.5125 MHz,29,901.8375 MHz
42847,true,,ELMWOOD-135T329,RTM II+,No,FlexNet,Enabled,4110005,No,2026-07-29 09:18:59.845,Normal,2018-06-07 14:18:01.275,2025-09-17 10:04:25.000,No,39.94839,-75.20964,FlexNetId: 50408597,FlexNet900,930.5375 MHz,31,901.8875 MHz
44356,true,,BRYNMAWR-141T64,RTM II+,No,FlexNet,Enabled,4110005,No,2026-07-29 09:17:15.176,Normal,2019-01-03 17:07:15.375,2025-09-17 09:45:41.000,No,40.00352,-75.3023,FlexNetId: 50409452,FlexNet900,930.5125 MHz,12,901.8375 MHz
53614,true,,LINTON-352T505,RTMx,No,FlexNet,Enabled,4110005,No,2026-07-29 09:07:44.211,Normal,2024-08-27 14:42:57.578,2025-09-17 09:33:02.000,No,40.2091,-75.2091,FlexNetId: 50480597,FlexNet900K24,930.5375 MHz,20,901.8875 MHz
49283,true,,WHITEMAR-164RM1,RTM II+,No,FlexNet,Enabled,4110005,No,2026-07-29 09:16:40.579,Normal,2021-04-18 10:04:17.948,2025-09-17 09:50:42.000,No,40.1154,-75.2068,FlexNetId: 50531195,FlexNet900,930.5125 MHz,24,901.8375 MHz
40366,true,,BUCKINGH-372R1,RTM II+,No,FlexNet,Enabled,4110005,No,2026-07-29 09:08:26.533,Normal,2018-03-26 15:46:40.829,2025-09-17 10:01:12.000,No,40.369697,-74.955397,FlexNetId: 50406783,FlexNet900,930.5375 MHz,76,901.8375 MHz
43697,true,,COLWYN-133T452,RTM II+,No,FlexNet,Enabled,4110005,No,2026-07-29 09:06:02.368,Normal,2018-10-30 14:17:09.770,2025-09-17 09:48:08.000,No,39.919949,-75.253562,FlexNetId: 50408979,FlexNet900,930.5375 MHz,38,901.8875 MHz
42677,true,,LLANERCH-143T248,RTM II+,No,FlexNet,Enabled,4110005,No,2026-07-29 09:09:37.258,Normal,2018-05-03 20:31:02.956,2025-09-17 09:45:23.000,No,39.960632,-75.302254,FlexNetId: 50408381,FlexNet900,930.5125 MHz,41,901.8625 MHz
50895,true,,HEATON-132T92,RTM II+,No,FlexNet,Enabled,4110005,No,2026-07-29 09:07:18.891,Normal,2022-06-23 10:26:07.924,2025-09-17 09:27:11.000,No,40.15062,-75.1209,FlexNetId: 50532187,FlexNet900,930.5125 MHz,33,901.8375 MHz
46773,true,,TACONY-134RS1,RTM II+,No,FlexNet,Enabled,4110005,No,2026-07-29 09:18:30.257,Normal,2019-12-12 09:45:02.400,2025-09-17 10:05:15.000,No,40.022,-75.076,FlexNetId: 50410673,FlexNet900,930.5375 MHz,34,901.8875 MHz
52777,true,,COLWYN-133RM1,RTM II+,No,FlexNet,Enabled,4110005,No,2026-07-29 09:20:24.071,Normal,2023-11-20 12:14:04.594,2025-09-17 10:17:03.000,No,39.9236,-75.2567,FlexNetId: 50533624,FlexNet900,930.5125 MHz,41,901.8375 MHz
48990,true,,MASTER-131T756,RTM II+,No,FlexNet,Enabled,4110005,No,2026-07-29 09:14:17.089,Normal,2021-01-24 09:14:20.933,2025-09-17 10:09:53.000,No,39.9731,-75.1825,FlexNetId: 50531115,FlexNet900,930.5375 MHz,20,901.8375 MHz
45929,true,,WOODBOUR-351RS4,RTM II+,No,FlexNet,Enabled,4110005,No,2026-07-29 09:15:32.211,Normal,2019-06-04 09:36:05.935,2025-09-17 09:56:01.000,No,40.243,-74.911,FlexNetId: 50410528,FlexNet900,930.5375 MHz,36,901.8375 MHz
49303,true,,WRIGHT-000RS2,RTM II+,No,FlexNet,Enabled,4110005,No,2026-07-29 09:19:46.494,Normal,2021-04-18 10:04:12.194,2025-09-17 10:06:13.000,No,40.2715,-74.9868,FlexNetId: 50531015,FlexNet900,930.5125 MHz,41,901.8625 MHz
54177,true,,LINE-521RM1,RTMx,No,FlexNet,Enabled,4110005,No,2026-07-29 09:16:13.225,Normal,2024-10-17 09:54:29.361,2025-09-17 12:41:10.000,No,39.9806445,-75.1238015,FlexNetId: 50480889,FlexNet900K24,930.5125 MHz,27,901.8375 MHz
44349,true,,BRADFORD-346T253,RTM II+,No,FlexNet,Enabled,4110005,No,2026-07-29 09:17:45.430,Normal,2019-01-03 17:07:13.004,2025-09-17 09:49:11.000,No,39.842096,-75.733928,FlexNetId: 50409455,FlexNet900,930.5375 MHz,34,901.8625 MHz
52435,true,,BRADFORD-353T131,RTM II+,No,FlexNet,Enabled,4110005,No,2026-07-29 09:14:44.954,Normal,2023-09-12 09:07:31.414,2025-09-17 09:30:40.000,No,39.96311,-75.59912,FlexNetId: 50533194,FlexNet900,930.5125 MHz,31,901.8375 MHz
45465,true,,MIDDLETO-133RM1,RTM II+,No,FlexNet,Enabled,4110005,No,2026-07-29 09:18:13.148,Normal,2019-03-06 17:48:20.749,2025-09-17 10:08:51.000,No,39.889,-75.403,FlexNetId: 50410272,FlexNet900,930.5125 MHz,63,901.8875 MHz
47207,true,,HARTMAN-351R4,RTM II+,No,FlexNet,Enabled,4110005,No,2026-07-29 09:16:06.173,Normal,2020-02-25 09:05:53.708,2025-09-17 09:55:21.000,No,40.225,-75.207,FlexNetId: 50530623,FlexNet900,930.5125 MHz,28,901.8375 MHz
45344,true,,PACKER-131T483,RTM II+,No,FlexNet,Enabled,4110005,No,2026-07-29 09:09:53.961,Normal,2019-04-03 08:29:50.338,2025-09-17 10:08:50.000,No,39.926344,-75.154907,FlexNetId: 50410173,FlexNet900,930.5375 MHz,41,901.8625 MHz
49286,true,,WARMINST-161RS1,RTM II+,No,FlexNet,Enabled,4110005,No,2026-07-29 09:20:35.127,Normal,2021-04-18 10:04:16.762,2025-09-17 10:08:13.000,No,40.1978,-75.0433,FlexNetId: 50531211,FlexNet900,930.5125 MHz,23,901.8875 MHz
45407,true,,HEATON-133S1,RTM II+,No,FlexNet,Enabled,4110005,No,2026-07-29 09:19:42.079,Normal,2019-04-03 08:30:16.777,2025-09-17 10:17:51.000,No,40.143,-75.132,FlexNetId: 50410400,FlexNet900,930.5375 MHz,42,901.8625 MHz
46888,true,,TABOR-136S1,RTM II+,No,FlexNet,Enabled,4110005,No,2026-07-29 09:15:06.713,Normal,2020-01-05 21:03:33.144,2025-09-17 09:59:24.000,No,40.027,-75.139,FlexNetId: 50410657,FlexNet900,930.5125 MHz,26,901.8375 MHz
43738,true,,PARRISH-133T218,RTM II+,No,FlexNet,Enabled,4110005,No,2026-07-29 09:15:19.616,Normal,2018-09-28 14:19:18.169,2025-09-17 10:06:15.000,No,39.9728354,-75.2389066,FlexNetId: 50408966,FlexNet900,930.5125 MHz,29,901.8875 MHz
46929,true,,LINE-2475S2,RTM II+,No,FlexNet,Enabled,4110005,No,2026-07-29 09:19:41.198,Normal,2020-01-05 21:03:40.862,2025-09-17 10:21:22.000,No,39.94155,-75.17422,FlexNetId: 50530139,FlexNet900,930.5125 MHz,39,901.8625 MHz
54173,true,,MOSER-342T1137,RTMx,No,FlexNet,Enabled,4110005,No,2026-07-29 09:12:49.508,Normal,2024-10-17 09:54:28.862,2025-09-17 12:31:18.000,No,40.23256,-75.58557,FlexNetId: 50480926,FlexNet900K24,930.5125 MHz,31,901.8375 MHz
49462,true,,JEFFERSO-006RS1,RTM II+,No,FlexNet,Enabled,4110005,No,2026-07-29 09:13:56.578,Normal,2021-06-18 09:03:13.423,2025-09-17 10:06:12.000,No,40.1326,-75.3704,FlexNetId: 50531542,FlexNet900,930.5125 MHz,41,901.8375 MHz
47791,true,,BUCKINGH-366RM1,RTM II+,No,FlexNet,Enabled,4110005,No,2026-07-29 09:16:54.494,Normal,2020-08-13 09:23:45.310,2025-09-17 10:04:22.000,No,40.382,-75.145,FlexNetId: 50530638,FlexNet900,930.5125 MHz,44,901.8375 MHz
52325,true,,TUNA-132RM1,RTM II+,No,FlexNet,Enabled,4110005,No,2026-07-29 09:09:17.569,Normal,2023-08-11 08:02:56.266,2025-09-17 09:29:41.000,No,39.9653209,-75.1386688,FlexNetId: 50533396,FlexNet900,930.5125 MHz,33,901.8375 MHz
48826,true,,PLANEBRO-341RM4,RTM II+,No,FlexNet,Enabled,4110005,No,2026-07-29 09:11:40.861,Normal,2020-12-03 12:46:30.019,2025-09-17 10:09:55.000,No,40.023,-75.658,FlexNetId: 50530899,FlexNet900,930.5375 MHz,20,901.8375 MHz
44715,true,,NORWALES-344RM4,RTM II+,No,FlexNet,Enabled,4110005,No,2026-07-29 09:13:56.448,Normal,2019-02-12 11:17:06.242,2023-03-01 20:19:53.000,No,40.1639,-75.33421,FlexNetId: 50409615,FlexNet900,930.5125 MHz,34,901.8375 MHz
42740,true,,BYBERRY-132RM2,RTM II+,No,FlexNet,Enabled,4110005,No,2026-07-29 09:17:39.774,Normal,2019-10-01 08:24:21.311,2025-09-17 09:41:26.000,No,40.149218,-75.057917,FlexNetId: 50408318,FlexNet900,930.5125 MHz,23,901.8375 MHz
46767,true,,ISLANDRD-131RM2,RTM II+,No,FlexNet,Enabled,4110005,No,2026-07-29 09:18:47.726,Normal,2019-12-12 09:45:01.516,2025-09-17 10:05:10.000,No,39.9069,-75.2468,FlexNetId: 50410755,FlexNet900,930.5125 MHz,30,901.8375 MHz
52278,true,,UPMERION-142RM1,RTM II+,No,FlexNet,Enabled,4110005,No,2026-07-29 09:14:04.052,Normal,2023-07-20 10:25:42.088,2025-09-17 09:29:41.000,No,40.0708237,-75.434852,FlexNetId: 50533146,FlexNet900,930.5125 MHz,23,901.8375 MHz
43787,true,,BRADFORD-346S3,RTM II+,No,FlexNet,Enabled,4110005,No,2026-07-29 09:11:10.007,Normal,2019-01-15 11:15:27.329,2025-09-17 09:48:05.000,No,39.8500854,-75.7383628,FlexNetId: 50409097,FlexNet900,930.5375 MHz,29,901.8625 MHz
44392,true,,LINE-16200R2,RTM II+,No,FlexNet,Enabled,4110005,No,2026-07-29 09:20:28.353,Normal,2019-02-07 15:32:26.968,2025-09-17 09:49:16.000,No,39.9141,-75.43309,FlexNetId: 50409258,FlexNet900,930.5125 MHz,22,901.8375 MHz
44217,true,,ROXBOROU-131T145,RTM II+,No,FlexNet,Enabled,4110005,No,2026-07-29 09:11:56.683,Normal,2018-12-13 17:09:34.742,2025-09-17 09:55:19.000,No,40.05852,-75.23881,FlexNetId: 50409323,FlexNet900,930.5125 MHz,38,901.8625 MHz
48779,true,,CONCORD-354RM3,RTM II+,No,FlexNet,Enabled,4110005,No,2026-07-29 09:19:31.863,Normal,2020-12-04 15:04:43.186,2025-09-17 10:06:11.000,No,39.847,-75.5302,FlexNetId: 50530870,FlexNet900,930.5375 MHz,81,901.8625 MHz
46772,true,,WHITEMAR-141RS1,RTM II+,No,FlexNet,Enabled,4110005,No,2026-07-29 09:20:37.418,Normal,2020-01-05 21:01:38.463,2025-09-17 10:05:17.000,No,40.145,-75.255,FlexNetId: 50410692,FlexNet900,930.5125 MHz,19,901.8375 MHz
32625,true,,TREVOSE-138RM1,RTM II+,No,FlexNet,Enabled,4110005,No,2026-07-29 09:17:46.141,Normal,2014-10-02 12:38:43.957,2025-09-17 09:55:17.000,No,40.156721,-74.992405,FlexNetId: 50404161,FlexNet900,930.5125 MHz,32,901.8625 MHz
45185,true,,TABOR-134T662,RTM II+,No,FlexNet,Enabled,4110005,No,2026-07-29 09:07:54.620,Normal,2019-02-19 09:15:51.449,2025-09-17 10:00:45.000,No,40.044345,-75.143124,FlexNetId: 50410182,FlexNet900,930.5375 MHz,27,901.8875 MHz
44759,true,,FOXCHASE-137S2,RTM II+,No,FlexNet,Enabled,4110005,No,2026-07-29 09:20:55.535,Normal,2019-02-12 11:17:27.080,2025-09-17 10:13:00.000,No,40.083,-75.089,FlexNetId: 50409635,FlexNet900,930.5375 MHz,21,901.8375 MHz
49603,true,,WHITEMAR-133S2,RTM II+,No,FlexNet,Enabled,4110005,No,2026-07-29 09:16:50.301,Normal,2021-07-29 10:18:11.845,2025-09-17 10:00:48.000,No,40.1005,-75.2297,FlexNetId: 50531490,FlexNet900,930.5125 MHz,18,901.8375 MHz
46420,true,,PARRISH-136S2,RTM II+,No,FlexNet,Enabled,4110005,No,2026-07-29 09:20:31.692,Normal,2019-09-03 12:48:09.739,2025-09-17 10:09:55.000,No,39.964,-75.231,FlexNetId: 50410840,FlexNet900,930.5125 MHz,23,901.8375 MHz
48152,true,,BUCKINGH-351S2,RTM II+,No,FlexNet,Enabled,4110005,No,2026-07-29 09:18:24.862,Normal,2020-09-22 09:17:10.714,2025-09-17 09:57:31.000,No,40.396,-75.136,FlexNetId: 50530012,FlexNet900,930.5375 MHz,25,901.8875 MHz
47591,true,,BUCKINGH-362T606,RTM II+,No,FlexNet,Enabled,4110005,No,2026-07-29 09:12:37.445,Normal,2020-08-15 21:35:04.656,2025-09-17 09:33:04.000,No,40.357,-75.133,FlexNetId: 50530564,FlexNet900,930.5375 MHz,79,901.8375 MHz
52811,true,,GOSHEN-352RM1,RTM II+,No,FlexNet,Enabled,4110005,No,2026-07-29 09:16:59.301,Normal,2023-12-11 09:22:12.629,2025-09-17 12:33:22.000,No,39.9606,-75.5188,FlexNetId: 50533099,FlexNet900,930.5125 MHz,27,901.8375 MHz
49281,true,,EDGMONT-002RS2,RTM II+,No,FlexNet,Enabled,4110005,No,2026-07-29 09:17:22.476,Normal,2021-04-18 10:04:18.257,2025-09-17 10:06:16.000,No,39.868,-75.3925,FlexNetId: 50531179,FlexNet900,930.5125 MHz,44,901.8375 MHz
45266,true,,EAGLE-342T360,RTM II+,No,FlexNet,Enabled,4110005,No,2026-07-29 09:16:23.484,Normal,2019-02-19 09:16:10.688,2025-09-17 10:01:54.000,No,40.086,-75.814,FlexNetId: 50409343,FlexNet900,930.5125 MHz,33,901.8375 MHz
46893,true,,MACDADE-135RM2,RTM II+,No,FlexNet,Enabled,4110005,No,2026-07-29 09:17:17.592,Normal,2020-01-05 21:03:34.301,2025-09-17 10:01:33.000,No,39.875,-75.309,FlexNetId: 50410626,FlexNet900,930.5125 MHz,24,901.8375 MHz
42927,true,,LENAPE-344SD2,RTM II+,No,FlexNet,Enabled,4110005,No,2026-07-29 09:20:21.629,Normal,2018-07-17 13:23:28.750,2025-09-17 09:28:35.000,No,39.958273,-75.599724,FlexNetId: 50408061,FlexNet900,930.5125 MHz,38,901.8875 MHz
54015,true,,NORWALES-341RS4,RTMx,No,FlexNet,Enabled,4110005,No,2026-07-29 09:20:21.254,Normal,2024-09-14 10:33:50.332,2025-09-17 09:33:36.000,No,40.2500114,-75.2401288,FlexNetId: 50480568,FlexNet900K24,930.5125 MHz,70,901.8375 MHz
53717,true,,LINE-5900R2,RTMx,No,FlexNet,Enabled,4110005,No,2026-07-29 09:16:11.069,Normal,2024-08-27 14:51:15.921,2025-09-17 12:33:17.000,No,40.15465,-75.1049,FlexNetId: 50480634,FlexNet900K24,930.5375 MHz,26,901.8625 MHz
47900,true,,LINE-1087T801,RTM II+,No,FlexNet,Enabled,4110005,No,2026-07-29 09:18:08.909,Normal,2020-08-15 21:32:44.979,2025-09-17 09:29:38.000,No,40.021,-75.159,FlexNetId: 50530167,FlexNet900,930.5375 MHz,32,901.8625 MHz
43862,true,,NESHAMIN-143RM1,RTM II+,No,FlexNet,Enabled,4110005,No,2026-07-29 09:09:20.590,Normal,2018-11-13 10:03:05.185,2025-09-17 09:43:56.000,No,40.15151,-74.90074,FlexNetId: 50409124,FlexNet900,930.5125 MHz,32,901.8875 MHz
44786,true,,HEATON-133RM2,RTM II+,No,FlexNet,Enabled,4110005,No,2026-07-29 09:14:23.070,Normal,2019-02-12 11:17:39.172,2025-09-17 10:00:29.000,No,40.138,-75.134,FlexNetId: 50409868,FlexNet900,930.5375 MHz,34,901.8875 MHz
43949,true,,LENAPE-352T88,RTM II+,No,FlexNet,Enabled,4110005,No,2026-07-29 09:19:37.378,Normal,2018-11-12 10:54:14.322,2025-09-17 09:43:34.000,No,39.861469,-75.68302,FlexNetId: 50409167,FlexNet900,930.5125 MHz,22,901.8375 MHz
47214,true,,MASTER-142RM2,RTM II+,No,FlexNet,Enabled,4110005,No,2026-07-29 09:19:44.152,Normal,2020-02-25 09:05:55.036,2025-09-17 10:01:33.000,No,39.985,-75.17,FlexNetId: 50530622,FlexNet900,930.5375 MHz,30,901.8875 MHz
51165,true,,UPLAND-142RM1,RTM II+,No,FlexNet,Enabled,4110005,No,2026-07-29 09:18:40.199,Normal,2022-07-13 07:37:20.115,2025-09-17 09:28:13.000,No,39.987,-75.232,FlexNetId: 50532585,FlexNet900,930.5375 MHz,28,901.8875 MHz
46927,true,,PLYMOUTH-163RM2,RTM II+,No,FlexNet,Enabled,4110005,No,2026-07-29 09:07:19.664,Normal,2020-01-05 21:03:40.469,2025-09-17 09:54:53.000,No,40.088,-75.294,FlexNetId: 50530119,FlexNet900,930.5125 MHz,20,901.8375 MHz
53692,true,,AIRY-133RM3,RTMx,No,FlexNet,Enabled,4110005,No,2026-07-29 09:11:28.067,Normal,2024-08-27 14:47:31.546,2025-09-17 12:32:11.000,No,40.1192219,-75.3359376,FlexNetId: 50480633,FlexNet900K24,930.5125 MHz,52,901.8375 MHz
54020,true,,NORWALES-341RM3,RTMx,No,FlexNet,Enabled,4110005,No,2026-07-29 09:08:10.654,Normal,2024-09-14 10:33:51.310,2025-09-17 09:33:34.000,No,40.244312,-75.23906,FlexNetId: 50480584,FlexNet900K24,930.5125 MHz,71,901.8375 MHz
41340,true,,CRESCENT-137RM3,RTM II+,No,FlexNet,Enabled,4110005,No,2026-07-29 09:11:25.417,Normal,2018-03-26 15:46:54.544,2025-09-17 09:28:35.000,No,40.046852,-75.097536,FlexNetId: 50407527,FlexNet900,930.5125 MHz,23,901.8875 MHz
54100,true,,CLAY-342RMP5,RTMx,No,FlexNet,Enabled,4110005,No,2026-07-29 09:15:18.705,Normal,2024-10-17 10:05:38.237,2025-09-17 12:35:05.000,No,39.7777535,-75.8807549,FlexNetId: 50480604,FlexNet900K24,930.5125 MHz,58,901.8375 MHz
42680,true,,WOODBOUR-341RS8,RTM II+,No,FlexNet,Enabled,4110005,No,2026-07-29 09:18:08.918,Normal,2018-05-03 20:30:42.907,2025-09-17 09:41:25.000,No,40.22,-74.871,FlexNetId: 50408376,FlexNet900,930.5125 MHz,22,901.8625 MHz
45191,true,,LINE-14800RMP2,RTM II+,No,FlexNet,Enabled,4110005,No,2026-07-29 09:20:48.038,Normal,2019-02-19 09:15:53.542,2025-09-17 10:21:22.000,No,40.01,-75.616,FlexNetId: 50409350,FlexNet900,930.5375 MHz,42,901.8375 MHz
47749,true,,PLYMOUTH-141T195,RTM II+,No,FlexNet,Enabled,4110005,No,2026-07-29 09:09:46.792,Normal,2020-08-13 09:23:39.225,2025-09-17 10:04:22.000,No,40.0816,-75.3024,FlexNetId: 50530544,FlexNet900,930.5125 MHz,37,901.8875 MHz
44573,true,,TUNA-131S1,RTM II+,No,FlexNet,Enabled,4110005,No,2026-07-29 09:16:37.582,Normal,2019-02-12 11:18:19.285,2025-09-17 09:57:34.000,No,39.963,-75.143,FlexNetId: 50409761,FlexNet900,930.5125 MHz,11,901.8625 MHz
28065,true,,NEWSQUA-147RM1,RTM II+,No,FlexNet,Enabled,4110005,No,2026-07-29 09:20:12.995,Normal,2014-11-21 10:27:47.810,2025-09-17 10:00:04.000,No,39.9799,-75.3839,FlexNetId: 50401740,FlexNet900,930.5125 MHz,49,901.8625 MHz
47596,true,,JARRETT-141RM1,RTM II+,No,FlexNet,Enabled,4110005,No,2026-07-29 09:15:28.227,Normal,2020-08-15 21:35:05.873,2025-09-17 09:56:04.000,No,40.15688,-75.19169,FlexNetId: 50530565,FlexNet900,930.5125 MHz,43,901.8375 MHz
46917,true,,ROXBOROU-134S4,RTM II+,No,FlexNet,Enabled,4110005,No,2026-07-29 09:17:46.942,Normal,2020-01-05 21:03:38.316,2025-09-17 09:58:58.000,No,40.027,-75.214,FlexNetId: 50410605,FlexNet900,930.5375 MHz,34,901.8625 MHz
53720,true,,FOULK-131S1,RTMx,No,FlexNet,Enabled,4110005,No,2026-07-29 09:12:39.574,Normal,2024-08-27 14:51:16.513,2025-09-17 12:38:46.000,No,39.8907464,-75.4415965,FlexNetId: 50480637,FlexNet900K24,930.5125 MHz,22,901.8375 MHz
49290,true,,UPLAND-131RM1,RTM II+,No,FlexNet,Enabled,4110005,No,2026-07-29 09:19:28.478,Normal,2021-04-18 10:04:15.439,2025-09-17 10:06:13.000,No,39.99,-75.24,FlexNetId: 50531004,FlexNet900,930.5125 MHz,24,901.8375 MHz
52191,true,,LOMBARD-133T83,RTM II+,No,FlexNet,Enabled,4110005,No,2026-07-29 09:06:17.455,Normal,2023-06-07 07:36:03.237,2025-09-17 09:50:19.000,No,39.94051,-75.15435,FlexNetId: 50533273,FlexNet900,930.5125 MHz,36,901.8625 MHz
48872,true,,PERKIOME-351S4,RTM II+,No,FlexNet,Enabled,4110005,No,2026-07-29 09:13:56.741,Normal,2020-12-28 11:59:00.274,2025-09-17 09:56:42.000,No,40.2426,-75.4395,FlexNetId: 50530263,FlexNet900,930.5125 MHz,23,901.8625 MHz
44181,true,,LINE-16100T84,RTM II+,No,FlexNet,Enabled,4110005,No,2026-07-29 09:15:53.099,Normal,2018-12-13 17:09:07.130,2025-09-17 09:45:00.000,No,39.854295,-75.660421,FlexNetId: 50409448,FlexNet900,930.5375 MHz,30,901.8375 MHz
45097,true,,FOULK-132S3,RTM II+,No,FlexNet,Enabled,4110005,No,2026-07-29 09:11:52.625,Normal,2019-02-14 09:40:37.039,2025-09-17 10:16:24.000,No,39.863,-75.428,FlexNetId: 50410111,FlexNet900,930.5125 MHz,34,901.8375 MHz
52181,true,,NESHAMIN-141RMP2,RTM II+,No,FlexNet,Enabled,4110005,No,2026-07-29 09:20:16.257,Normal,2023-06-07 07:32:25.245,2025-09-17 10:17:10.000,No,40.13233,-75.90424,FlexNetId: 50533259,FlexNet900,930.5125 MHz,35,901.8375 MHz
42966,true,,BUCKINGH-344T291,RTM II+,No,FlexNet,Enabled,4110005,No,2026-07-29 09:10:00.670,Normal,2018-07-17 13:22:54.727,2025-09-17 09:58:37.000,No,40.303051,-75.107613,FlexNetId: 50408232,FlexNet900,930.5125 MHz,43,901.8875 MHz
53368,true,,CRESCENT-138RM1,RTM II+,No,FlexNet,Enabled,4110005,No,2026-07-29 09:17:49.165,Normal,2024-04-05 09:44:08.926,2025-09-17 10:17:05.000,No,40.01472,-75.09492,FlexNetId: 50533744,FlexNet900,930.5125 MHz,33,901.8375 MHz
44348,true,,PLANEBRO-342T53,RTM II+,No,FlexNet,Enabled,4110005,No,2026-07-29 09:07:47.423,Normal,2019-01-03 17:07:12.655,2025-09-17 09:48:09.000,No,40.054804,-75.640751,FlexNetId: 50409454,FlexNet900,930.5375 MHz,53,901.8375 MHz
51195,true,,LINE-2345S1,RTM II+,No,FlexNet,Enabled,4110005,No,2026-07-29 09:20:04.007,Normal,2022-07-20 09:09:26.106,2025-09-17 09:50:00.000,No,40.0372,-75.0316,FlexNetId: 50532598,FlexNet900,930.5125 MHz,41,901.8875 MHz
47622,true,,WAYNE-136T644,RTM II+,No,FlexNet,Enabled,4110005,No,2026-07-29 09:16:19.890,Normal,2020-05-26 12:40:29.604,2025-09-17 10:08:49.000,No,40.017,-75.357,FlexNetId: 50530819,FlexNet900,930.5125 MHz,8,901.8375 MHz
48882,true,,GOSHEN-351T361,RTM II+,No,FlexNet,Enabled,4110005,No,2026-07-29 09:07:19.425,Normal,2020-12-28 11:58:47.184,2025-09-17 09:50:00.000,No,39.9979,-75.5059,FlexNetId: 50530329,FlexNet900,930.5125 MHz,16,901.8375 MHz
44373,true,,LOCK-341R4,RTM II+,No,FlexNet,Enabled,4110005,No,2026-07-29 09:20:00.807,Normal,2019-02-07 15:29:18.314,2025-09-17 09:49:16.000,No,40.2451524,-75.5939627,FlexNetId: 50409536,FlexNet900,930.5125 MHz,41,901.8375 MHz
52195,true,,BUCKINGH-342RM3,RTM II+,No,FlexNet,Enabled,4110005,No,2026-07-29 09:12:20.077,Normal,2023-06-07 07:36:04.052,2025-09-17 09:50:20.000,No,39.96928,-75.21697,FlexNetId: 50533254,FlexNet900,930.5125 MHz,47,901.8625 MHz
48805,true,,BRADFORD-344T697,RTM II+,No,FlexNet,Enabled,4110005,No,2026-07-29 09:12:26.400,Normal,2020-12-03 12:46:36.614,2025-09-17 10:21:22.000,No,40.02,-75.672,FlexNetId: 50530921,FlexNet900,930.5125 MHz,37,901.8375 MHz
45543,true,,JENKINTO-131T578,RTM II+,No,FlexNet,Enabled,4110005,No,2026-07-29 09:11:28.891,Normal,2019-10-31 14:40:03.399,2025-09-17 10:09:55.000,No,40.068,-75.122,FlexNetId: 50410312,FlexNet900,930.5375 MHz,34,901.8625 MHz
52865,true,,MACDADE-147RM1,RTM II+,No,FlexNet,Enabled,4110005,No,2026-07-29 09:15:35.974,Normal,2023-12-11 09:22:26.096,2025-09-17 10:17:03.000,No,39.89333,-75.30611,FlexNetId: 50533070,FlexNet900,930.5125 MHz,39,901.8375 MHz
43951,true,,PERKIOME-344T225,RTM II+,No,FlexNet,Enabled,4110005,No,2026-07-29 09:13:40.062,Normal,2018-11-12 10:54:14.985,2025-09-17 09:42:27.000,No,40.175561,-75.435009,FlexNetId: 50409162,FlexNet900,930.5125 MHz,33,901.8375 MHz
52765,true,,LINE-600RM4,RTM II+,No,FlexNet,Enabled,4110005,No,2026-07-29 09:20:21.735,Normal,2023-11-20 12:14:01.262,2025-09-17 10:17:03.000,No,40.14318,-75.39286,FlexNetId: 50533646,FlexNet900,930.5125 MHz,41,901.8375 MHz
52932,true,,BUCKINGH-362RS2,RTM II+,No,FlexNet,Enabled,4110005,No,2026-07-29 09:12:49.201,Normal,2024-01-16 18:23:02.015,2025-09-17 09:33:04.000,No,40.367203,-75.1007021,FlexNetId: 50533593,FlexNet900,930.5125 MHz,22,901.8375 MHz
49112,true,,PARRISH-135T648,RTM II+,No,FlexNet,Enabled,4110005,No,2026-07-29 09:18:18.897,Normal,2021-03-01 10:28:39.173,2025-09-17 10:06:11.000,No,39.97,-75.247,FlexNetId: 50531128,FlexNet900,930.5375 MHz,38,901.8625 MHz
47763,true,,CLIFTON-002RS1,RTM II+,No,FlexNet,Enabled,4110005,No,2026-07-29 09:20:28.760,Normal,2020-08-13 09:23:41.914,2025-09-17 09:59:23.000,No,39.9254,-75.2966,FlexNetId: 50530669,FlexNet900,930.5125 MHz,25,901.8375 MHz
49189,true,,LINE-1060RM2,RTM II+,No,FlexNet,Enabled,4110005,No,2026-07-29 09:07:52.156,Normal,2021-03-14 09:56:49.612,2025-09-17 10:08:47.000,No,40.03,-75.1537,FlexNetId: 50530978,FlexNet900,930.5125 MHz,37,901.8375 MHz
46754,true,,HEATON-144RM1,RTM II+,No,FlexNet,Enabled,4110005,No,2026-07-29 09:19:12.742,Normal,2019-12-12 09:46:25.619,2025-09-17 10:02:16.000,No,40.177,-75.139,FlexNetId: 50410654,FlexNet900,930.5125 MHz,15,901.8875 MHz
43590,true,,LENAPE-344S1,RTM II+,No,FlexNet,Enabled,4110005,No,2026-07-29 09:19:47.007,Normal,2018-10-30 14:16:50.923,2025-09-17 09:41:29.000,No,39.958313,-75.595425,FlexNetId: 50408721,FlexNet900,930.5125 MHz,35,901.8875 MHz
45315,true,,BYBERRY-140RM1,RTM II+,No,FlexNet,Enabled,4110005,No,2026-07-29 09:19:37.797,Normal,2019-04-03 08:29:40.795,2025-09-17 10:04:22.000,No,40.102025,-75.013845,FlexNetId: 50410003,FlexNet900,930.5125 MHz,39,901.8875 MHz
43276,true,,MACDADE-132T210,RTM II+,No,FlexNet,Enabled,4110005,No,2026-07-29 09:07:35.233,Normal,2018-11-27 10:03:19.966,2025-09-17 10:00:49.000,No,39.888684,-75.275308,FlexNetId: 50408472,FlexNet900,930.5375 MHz,41,901.8625 MHz
53590,true,,BUCKINGH-351RM4,RTMx,No,FlexNet,Enabled,4110005,No,2026-07-29 09:13:52.517,Normal,2024-08-15 12:34:24.243,2025-09-17 10:17:11.000,No,40.397,-75.077,FlexNetId: 50480559,FlexNet900K24,930.5125 MHz,22,901.8375 MHz
44726,true,,PERKIOME-354RM5,RTM II+,No,FlexNet,Enabled,4110005,No,2026-07-29 09:06:48.154,Normal,2019-02-12 11:17:11.179,2025-09-17 10:08:51.000,No,40.219,-75.404,FlexNetId: 50409690,FlexNet900,930.5125 MHz,27,901.8375 MHz
45118,true,,UPLAND-141S4,RTM II+,No,FlexNet,Enabled,4110005,No,2026-07-29 09:15:22.622,Normal,2019-02-14 09:40:44.782,2025-09-17 09:56:06.000,No,39.97,-75.243,FlexNetId: 50410038,FlexNet900,930.5125 MHz,46,901.8375 MHz
50721,true,,LINE-2350RM1,RTM II+,No,FlexNet,Enabled,4110005,No,2026-07-29 09:19:36.195,Normal,2022-04-12 07:23:48.071,2025-09-17 10:00:28.000,No,40.03378,-75.029527,FlexNetId: 50531920,FlexNet900,930.5125 MHz,52,901.8625 MHz
45115,true,,JENKINTO-148RM2,RTM II+,No,FlexNet,Enabled,4110005,No,2026-07-29 09:19:33.479,Normal,2019-02-14 09:40:43.699,2025-09-17 10:10:01.000,No,40.095,-75.13,FlexNetId: 50409976,FlexNet900,930.5375 MHz,40,901.8375 MHz
45915,true,,CRUMLYNN-138T396,RTM II+,No,FlexNet,Enabled,4110005,No,2026-07-29 09:13:00.963,Normal,2019-06-04 09:36:49.851,2025-09-17 10:09:58.000,No,39.872,-75.342,FlexNetId: 50410912,FlexNet900,930.5125 MHz,61,901.8375 MHz
45573,true,,PASSYUNK-137T546,RTM II+,No,FlexNet,Enabled,4110005,No,2026-07-29 09:16:38.431,Normal,2019-03-06 17:49:03.165,2025-09-17 10:13:06.000,No,39.928,-75.162,FlexNetId: 50410301,FlexNet900,930.5375 MHz,28,901.8625 MHz
42124,true,,CLAY-343RM4,RTM II+,No,FlexNet,Enabled,4110005,No,2026-07-29 09:13:29.178,Normal,2018-03-26 15:47:53.024,2025-09-17 09:59:43.000,No,39.802913,-75.783008,FlexNetId: 50408409,FlexNet900,930.5375 MHz,25,901.8625 MHz
43865,true,,NORWALES-362S1,RTM II+,No,FlexNet,Enabled,4110005,No,2026-07-29 09:07:46.006,Normal,2018-11-13 10:03:06.205,2025-09-17 09:30:19.000,No,40.24393,-75.27326,FlexNetId: 50409208,FlexNet900,930.5125 MHz,27,901.8625 MHz
48153,true,,CROYDON-144T754,RTM II+,No,FlexNet,Enabled,4110005,No,2026-07-29 09:15:39.348,Normal,2020-09-22 09:17:10.921,2025-09-17 10:05:17.000,No,40.0962,-74.891,FlexNetId: 50530029,FlexNet900,930.5125 MHz,21,901.8375 MHz
54019,true,,BUCKINGH-366RS2,RTMx,No,FlexNet,Enabled,4110005,No,2026-07-29 09:20:21.111,Normal,2024-09-14 10:33:51.167,2025-09-17 09:33:05.000,No,40.36371,-75.18902,FlexNetId: 50480520,FlexNet900K24,930.5125 MHz,43,901.8375 MHz
42138,true,,PASSYUNK-133S5,RTM II+,No,FlexNet,Enabled,4110005,No,2026-07-29 09:18:30.548,Normal,2018-07-26 08:14:38.711,2025-09-17 09:30:43.000,No,39.926,-75.176,FlexNetId: 50408440,FlexNet900,930.5125 MHz,41,901.8625 MHz
45082,true,,MACDADE-145T420,RTM II+,No,FlexNet,Enabled,4110005,No,2026-07-29 09:14:06.692,Normal,2019-02-14 09:40:31.907,2025-09-17 10:16:28.000,No,39.898,-75.3,FlexNetId: 50410117,FlexNet900,930.5125 MHz,38,901.8375 MHz
47835,true,,WESTMORE-134RM2,RTM II+,No,FlexNet,Enabled,4110005,No,2026-07-29 09:16:07.410,Normal,2020-08-15 21:30:07.134,2025-09-17 10:08:47.000,No,39.992,-75.173,FlexNetId: 50530276,FlexNet900,930.5125 MHz,11,901.8375 MHz
53894,true,,NEWLINVI-344RS2,RTMx,No,FlexNet,Enabled,4110005,No,2026-07-29 09:08:34.631,Normal,2024-09-06 10:05:40.395,2025-09-17 12:33:20.000,No,39.819,-75.8402,FlexNetId: 50480696,FlexNet900K24,930.5125 MHz,27,901.8375 MHz
28067,true,,LLANERCH-132S1,RTM II+,No,FlexNet,Enabled,4110005,No,2026-07-29 09:18:19.396,Normal,2019-05-22 09:40:03.953,2025-09-17 10:08:12.000,No,39.963,-75.271,FlexNetId: 50401768,FlexNet900,930.5125 MHz,29,901.8875 MHz
44152,true,,ISLANDRD-133S2,RTM II+,No,FlexNet,Enabled,4110005,No,2026-07-29 09:20:26.469,Normal,2018-11-20 15:04:30.006,2025-09-17 09:48:09.000,No,39.915548,-75.252261,FlexNetId: 50409443,FlexNet900,930.5375 MHz,29,901.8625 MHz
52782,true,,LINE-2474T1248,RTM II+,No,FlexNet,Enabled,4110005,No,2026-07-29 09:09:04.303,Normal,2023-11-20 12:14:05.138,2025-09-17 09:33:02.000,No,39.94035,-75.17435,FlexNetId: 50533605,FlexNet900,930.5375 MHz,26,901.8375 MHz
47203,true,,BLUEGRAS-131RMP2,RTM II+,No,FlexNet,Enabled,4110005,No,2026-07-29 09:20:28.594,Normal,2020-02-25 09:05:53.101,2025-09-17 10:01:33.000,No,40.066,-75.035,FlexNetId: 50530853,FlexNet900,930.5125 MHz,33,901.8875 MHz
47614,true,,CRESCENT-139RM2,RTM II+,No,FlexNet,Enabled,4110005,No,2026-07-29 09:18:09.469,Normal,2020-08-15 21:35:08.124,2025-09-17 09:56:44.000,No,40.029,-75.125,FlexNetId: 50530590,FlexNet900,930.5375 MHz,41,901.8375 MHz
45183,true,,CRESCENT-164T661,RTM II+,No,FlexNet,Enabled,4110005,No,2026-07-29 09:18:54.897,Normal,2019-02-19 09:15:50.796,2025-09-17 09:57:31.000,No,40.03742,-75.13709,FlexNetId: 50410179,FlexNet900,930.5375 MHz,9,901.8625 MHz
46771,true,,PLYMOUTH-163T673,RTM II+,No,FlexNet,Enabled,4110005,No,2026-07-29 09:12:15.260,Normal,2019-12-12 09:45:02.241,2025-09-17 10:21:23.000,No,40.087,-75.293,FlexNetId: 50410677,FlexNet900,930.5125 MHz,61,901.8875 MHz
41351,true,,NORWALES-346RM3,RTM II+,No,FlexNet,Enabled,4110005,No,2026-07-29 09:18:06.159,Normal,2018-03-26 15:46:58.698,2025-09-17 09:50:43.000,No,40.197173,-75.267052,FlexNetId: 50407426,FlexNet900,930.5375 MHz,33,901.8375 MHz
45560,true,,NEWLINVI-354S3,RTM II+,No,FlexNet,Enabled,4110005,No,2026-07-29 09:18:08.476,Normal,2019-03-06 17:48:58.378,2025-09-17 10:01:15.000,No,39.963,-75.913,FlexNetId: 50410307,FlexNet900,930.5125 MHz,68,901.8375 MHz
53503,true,,PACKER-131T1237,RTM II+,No,FlexNet,Enabled,4110005,No,2026-07-29 09:18:44.913,Normal,2024-06-07 13:16:43.837,2025-09-17 10:17:05.000,No,39.921477,-75.156219,FlexNetId: 50534082,FlexNet900,930.5125 MHz,49,901.8375 MHz
43677,true,,MIDDLETO-349RM2,RTM II+,No,FlexNet,Enabled,4110005,No,2026-07-29 09:07:41.703,Normal,2018-10-30 14:17:03.540,2025-09-17 09:56:05.000,No,39.943148,-75.468278,FlexNetId: 50408869,FlexNet900,930.5125 MHz,30,901.8375 MHz
49267,true,,POPLAR-004RS2,RTM II+,No,FlexNet,Enabled,4110005,No,2026-07-29 09:20:21.624,Normal,2021-04-09 08:46:23.811,2025-09-17 10:08:08.000,No,40.2585,-75.6329,FlexNetId: 50531188,FlexNet900,930.5125 MHz,59,901.8375 MHz
49199,true,,LINE-1098T816,RTM II+,No,FlexNet,Enabled,4110005,No,2026-07-29 09:14:32.208,Normal,2021-03-14 09:56:47.534,2025-09-17 10:13:08.000,No,39.991,-75.171,FlexNetId: 50530963,FlexNet900,930.5125 MHz,36,901.8375 MHz
44756,true,,MARCHOOK-135RM1,RTM II+,No,FlexNet,Enabled,4110005,No,2026-07-29 09:15:31.899,Normal,2019-02-12 11:17:25.638,2025-09-17 09:56:43.000,No,39.829853,-75.394842,FlexNetId: 50409619,FlexNet900,930.5125 MHz,65,901.8375 MHz
45116,true,,MACDADE-135T477,RTM II+,No,FlexNet,Enabled,4110005,No,2026-07-29 09:20:22.152,Normal,2019-02-14 09:40:44.064,2025-09-17 10:16:24.000,No,39.8811,-75.3034,FlexNetId: 50409986,FlexNet900,930.5375 MHz,14,901.8875 MHz
44175,true,,CALLOWHI-134T249,RTM II+,No,FlexNet,Enabled,4110005,No,2026-07-29 09:13:41.436,Normal,2018-12-13 17:09:04.984,2025-09-17 09:48:06.000,No,39.967551,-75.150609,FlexNetId: 50409447,FlexNet900,930.5125 MHz,31,901.8375 MHz
52768,true,,PLYMOUTH-133T527,RTM II+,No,FlexNet,Enabled,4110005,No,2026-07-29 09:11:47.610,Normal,2023-11-20 12:14:02.712,2025-09-17 10:16:30.000,No,40.07623,-75.09014,FlexNetId: 50533623,FlexNet900,930.5125 MHz,26,901.8375 MHz
42692,true,,PERKIOME-343T1336,RTM II+,No,FlexNet,Enabled,4110005,No,2026-07-29 09:14:20.763,Normal,2018-05-03 20:30:44.736,2025-09-17 09:41:30.000,No,40.211508,-75.527659,FlexNetId: 50408378,FlexNet900,930.5125 MHz,37,901.8375 MHz
30317,true,,BYBERRY-148T232,RTM II+,No,FlexNet,Enabled,4110005,No,2026-07-29 09:09:31.481,Normal,2018-10-30 16:31:10.681,2025-09-17 10:08:51.000,No,40.137823,-74.991458,FlexNetId: 50402167,FlexNet900,930.5125 MHz,29,901.8375 MHz
49969,true,,PASSYUNK-135T856,RTM II+,No,FlexNet,Enabled,4110005,No,2026-07-29 09:09:38.877,Normal,2021-10-08 09:26:24.008,2025-09-17 09:29:19.000,No,39.933,-75.179,FlexNetId: 50531687,FlexNet900,930.5125 MHz,32,901.8625 MHz
50786,true,,JENKINTO-142RM1,RTM II+,No,FlexNet,Enabled,4110005,No,2026-07-29 09:17:05.725,Normal,2022-04-21 10:14:45.258,2025-09-17 09:50:01.000,No,40.0697,-75.1558,FlexNetId: 50532202,FlexNet900,930.5125 MHz,17,901.8375 MHz
52812,true,,NEWLINVI-346RM1,RTM II+,No,FlexNet,Enabled,4110005,No,2026-07-29 09:20:31.983,Normal,2023-12-11 09:22:12.747,2025-09-17 09:32:42.000,No,39.9166473,-75.835201,FlexNetId: 50533078,FlexNet900,930.5375 MHz,25,901.8375 MHz
43209,true,,CROYDON-142T378,RTM II+,No,FlexNet,Enabled,4110005,No,2026-07-29 09:10:57.310,Normal,2018-11-12 11:56:29.917,2025-09-17 09:44:38.000,No,40.095922,-74.877402,FlexNetId: 50408309,FlexNet900,930.5125 MHz,24,901.8375 MHz
45913,true,,CRUMLYNN-138RM2,RTM II+,No,FlexNet,Enabled,4110005,No,2026-07-29 09:16:06.439,Normal,2019-06-04 09:37:04.532,2025-09-17 10:09:56.000,No,39.874,-75.346,FlexNetId: 50410560,FlexNet900,930.5125 MHz,61,901.8375 MHz
44744,true,,PACKER-131T482,RTM II+,No,FlexNet,Enabled,4110005,No,2026-07-29 09:15:33.205,Normal,2019-02-12 11:17:19.623,2025-09-17 10:05:13.000,No,39.923773,-75.154437,FlexNetId: 50409607,FlexNet900,930.5125 MHz,29,901.8375 MHz
47788,true,,ELLWOOD-003RS1,RTM II+,No,FlexNet,Enabled,4110005,No,2026-07-29 09:19:06.179,Normal,2020-08-13 09:23:44.748,2025-09-17 09:45:02.000,No,40.1166,-74.8543,FlexNetId: 50530647,FlexNet900,930.5125 MHz,12,901.8375 MHz
45113,true,,LLANERCH-135RM2,RTM II+,No,FlexNet,Enabled,4110005,No,2026-07-29 09:19:00.020,Normal,2019-02-14 09:40:42.960,2025-09-17 10:13:10.000,No,39.9522,-75.3123,FlexNetId: 50409984,FlexNet900,930.5125 MHz,30,901.8625 MHz
51249,true,,LINE-2389RM1,RTM II+,No,FlexNet,Enabled,4110005,No,2026-07-29 09:20:49.756,Normal,2022-08-04 09:21:06.360,2025-09-17 09:50:42.000,No,40.0844,-75.0356,FlexNetId: 50532623,FlexNet900,930.5125 MHz,11,901.8375 MHz
44516,true,,MASTER-144S1,RTM II+,No,FlexNet,Enabled,4110005,No,2026-07-29 09:11:56.156,Normal,2019-01-10 14:49:21.873,2025-09-17 09:46:04.000,No,39.979,-75.163,FlexNetId: 50409856,FlexNet900,930.5375 MHz,23,901.8625 MHz
45146,true,,BUCKINGH-344T676,RTM II+,No,FlexNet,Enabled,4110005,No,2026-07-29 09:06:15.721,Normal,2019-02-19 09:15:37.251,2025-09-17 10:04:26.000,No,40.321,-75.146,FlexNetId: 50410024,FlexNet900,930.5125 MHz,50,901.8875 MHz
46998,true,,MIDDLETO-133S3,RTM II+,No,FlexNet,Enabled,4110005,No,2026-07-29 09:16:39.532,Normal,2020-01-05 21:03:51.272,2024-10-08 13:09:38.000,No,39.87858,-75.43,FlexNetId: 50530192,FlexNet900,930.5375 MHz,12,901.8625 MHz
43934,true,,NORWALES-344R1,RTM II+,No,FlexNet,Enabled,4110005,No,2026-07-29 09:07:00.659,Normal,2018-11-30 13:58:00.778,2025-09-17 09:45:22.000,No,40.191952,-75.310172,FlexNetId: 50409032,FlexNet900,930.5125 MHz,32,901.8375 MHz
44652,true,,TUNA-133T671,RTM II+,No,FlexNet,Enabled,4110005,No,2026-07-29 09:08:01.564,Normal,2019-02-12 11:16:36.821,2025-09-17 10:16:25.000,No,39.973,-75.141,FlexNetId: 50409769,FlexNet900,930.5375 MHz,26,901.8625 MHz
47177,true,,MACDADE-135S3,RTM II+,No,FlexNet,Enabled,4110005,No,2026-07-29 09:19:09.573,Normal,2020-02-25 09:06:03.660,2025-09-17 10:20:24.000,No,39.88,-75.314,FlexNetId: 50530024,FlexNet900,930.5125 MHz,25,901.8625 MHz
42949,true,,BUCKINGH-362R3,RTM II+,No,FlexNet,Enabled,4110005,No,2026-07-29 09:12:08.236,Normal,2018-07-17 13:22:48.957,2025-09-17 09:59:43.000,No,40.3632274,-75.05699897,FlexNetId: 50408103,FlexNet900,930.5375 MHz,45,901.8875 MHz
52788,true,,TABOR-135S1,RTM II+,No,FlexNet,Enabled,4110005,No,2026-07-29 09:15:33.080,Normal,2023-11-20 12:14:06.873,2025-09-17 10:17:06.000,No,40.0323882,-75.1371298,FlexNetId: 50533589,FlexNet900,930.5125 MHz,28,901.8375 MHz
42139,true,,HOLMESBU-131T571,RTM II+,No,FlexNet,Enabled,4110005,No,2026-07-29 09:14:17.657,Normal,2018-07-26 08:14:48.960,2025-09-17 09:31:55.000,No,40.026,-75.037,FlexNetId: 50408439,FlexNet900,930.5125 MHz,34,901.8375 MHz
44328,true,,LINE-14900RM2,RTM II+,No,FlexNet,Enabled,4110005,No,2026-07-29 09:17:17.467,Normal,2019-01-03 17:07:05.899,2025-09-17 09:55:17.000,No,39.78634,-75.973083,FlexNetId: 50409401,FlexNet900,930.5125 MHz,46,901.8625 MHz
30642,true,,NORWALES-352RS5,RTM II+,No,FlexNet,Enabled,4110005,No,2026-07-29 09:10:43.301,Normal,2020-08-31 09:18:34.580,2025-09-17 09:58:39.000,No,40.2301,-75.3152,FlexNetId: 50402592,FlexNet900,930.5125 MHz,24,901.8375 MHz
44793,true,,MACDADE-140RM2,RTM II+,No,FlexNet,Enabled,4110005,No,2026-07-29 09:13:20.516,Normal,2019-02-12 11:17:42.849,2025-09-17 10:05:13.000,No,39.90383,-75.30324,FlexNetId: 50409872,FlexNet900,930.5125 MHz,48,901.8375 MHz
54115,true,,EDDINGTO-142T1060,RTMx,No,FlexNet,Enabled,4110005,No,2026-07-29 09:20:42.653,Normal,2024-10-17 10:05:39.870,2025-09-17 12:31:20.000,No,40.10388,-74.93799,FlexNetId: 50480864,FlexNet900K24,930.5125 MHz,30,901.8375 MHz
46925,true,,AIRY-133RS1,RTM II+,No,FlexNet,Enabled,4110005,No,2026-07-29 09:17:40.970,Normal,2020-01-05 21:03:40.086,2025-09-17 10:08:45.000,No,40.1199437,-75.3383081,FlexNetId: 50530110,FlexNet900,930.5125 MHz,45,901.8875 MHz
51275,true,,LINE-2756RM1,RTM II+,No,FlexNet,Enabled,4110005,No,2026-07-29 09:16:28.802,Normal,2022-08-23 18:21:55.497,2025-09-17 09:50:16.000,No,39.9133,-75.1645,FlexNetId: 50532518,FlexNet900,930.5125 MHz,61,901.8625 MHz
48880,true,,YEADON-134RM1,RTM II+,No,FlexNet,Enabled,4110005,No,2026-07-29 09:17:51.014,Normal,2020-12-28 11:58:46.766,2025-09-17 10:21:23.000,No,39.9404,-75.245,FlexNetId: 50530330,FlexNet900,930.5125 MHz,51,901.8375 MHz
54184,true,,EDDINGTO-142RM2,RTMx,No,FlexNet,Enabled,4110005,No,2026-07-29 09:18:43.248,Normal,2024-10-17 09:54:30.462,2025-09-17 12:31:24.000,No,40.0912887,-74.9253185,FlexNetId: 50480882,FlexNet900K24,930.5125 MHz,35,901.8375 MHz
43810,true,,LINE-7800R2,RTM II+,No,FlexNet,Enabled,4110005,No,2026-07-29 09:19:42.316,Normal,2018-11-13 10:02:49.549,2025-09-17 10:17:51.000,No,40.14783,-75.30668,FlexNetId: 50409099,FlexNet900,930.5125 MHz,19,901.8875 MHz
49110,true,,LLANERCH-133T750,RTM II+,No,FlexNet,Enabled,4110005,No,2026-07-29 09:12:20.234,Normal,2021-03-01 10:28:34.064,2025-09-17 09:57:04.000,No,39.9654,-75.2911,FlexNetId: 50531173,FlexNet900,930.5375 MHz,37,901.8375 MHz
51218,true,Activated,DELTA-001RS1,RTM II+,No,Verizon,Not Applicable,4110005,No,2026-07-29 09:19:08.519,Normal,2022-07-21 15:00:32.208,,,39.726455,-76.330116,IMEI: 354595119590694,Cell_LE910_VER,,-79,
51218,true,Activated,DELTA-001RS1,RTM II+,No,Verizon,Not Applicable,4110005,No,2026-07-29 09:19:08.519,Normal,2022-07-21 15:00:32.208,,,39.726455,-76.330116,ICCID: 89148000006394108763,Cell_LE910_VER,,-79,
49061,true,,CALLOWHI-136RM1,RTM II+,No,FlexNet,Enabled,4110005,No,2026-07-29 09:16:42.654,Normal,2021-02-09 09:33:49.576,2025-09-17 10:16:27.000,No,39.9627,-75.1546,FlexNetId: 50531057,FlexNet900,930.5125 MHz,45,901.8875 MHz
50414,true,,PULASKI-131T919,RTM II+,No,FlexNet,Enabled,4110005,No,2026-07-29 09:12:58.728,Normal,2021-11-30 08:44:09.219,2025-09-17 10:00:26.000,No,40.0294,-75.169,FlexNetId: 50531830,FlexNet900,930.5125 MHz,28,901.8875 MHz
54022,true,,BLUEGRAS-135T156,RTMx,No,FlexNet,Enabled,4110005,No,2026-07-29 09:11:30.581,Normal,2024-09-14 10:33:51.568,2025-09-17 09:33:33.000,No,40.0943777,-75.0299481,FlexNetId: 50480614,FlexNet900K24,930.5125 MHz,19,901.8375 MHz
51873,true,,MORTON-133RM1,RTM II+,No,FlexNet,Enabled,4110005,No,2026-07-29 09:18:54.328,Normal,2023-02-01 07:54:00.371,2025-09-17 09:49:57.000,No,39.9091,-75.3676,FlexNetId: 50532893,FlexNet900,930.5125 MHz,17,901.8375 MHz
51255,true,,WESTMORE-133RM1,RTM II+,No,FlexNet,Enabled,4110005,No,2026-07-29 09:17:36.380,Normal,2022-08-10 07:27:52.794,2025-09-17 09:50:40.000,No,39.9882,-75.1582,FlexNetId: 50532515,FlexNet900,930.5125 MHz,20,901.8375 MHz
46737,true,,CRESCENT-137T809,RTM II+,No,FlexNet,Enabled,4110005,No,2026-07-29 09:06:15.103,Normal,2019-12-12 09:46:47.077,2025-09-17 09:57:02.000,No,40.055,-75.093,FlexNetId: 50530367,FlexNet900,930.5125 MHz,42,901.8375 MHz
52401,true,,ANGORA-130T956,RTM II+,No,FlexNet,Enabled,4110005,No,2026-07-29 09:11:14.005,Normal,2023-08-11 08:45:13.584,2025-09-17 09:33:03.000,No,39.937469,-75.228158,FlexNetId: 50533383,FlexNet900,930.5125 MHz,31,901.8375 MHz
45339,true,,MACDADE-144S2,RTM II+,No,FlexNet,Enabled,4110005,No,2026-07-29 09:19:11.649,Normal,2019-04-03 08:29:48.834,2025-09-17 09:57:57.000,No,39.882497,-75.327817,FlexNetId: 50410002,FlexNet900,930.5125 MHz,45,901.8875 MHz
49443,true,,JENKINTO-135RM1,RTM II+,No,FlexNet,Enabled,4110005,No,2026-07-29 09:06:55.984,Normal,2021-06-18 09:03:28.075,2025-09-17 09:57:06.000,No,40.1054,-75.085,FlexNetId: 50531516,FlexNet900,930.5125 MHz,37,901.8375 MHz
48157,true,,NESHAMIN-164S1,RTM II+,No,FlexNet,Enabled,4110005,No,2026-07-29 09:20:43.823,Normal,2020-09-22 09:17:11.762,2025-09-17 10:05:18.000,No,40.14925,-74.9181,FlexNetId: 50530494,FlexNet900,930.5125 MHz,32,901.8875 MHz
43805,true,,LENAPE-352S2,RTM II+,No,FlexNet,Enabled,4110005,No,2026-07-29 09:19:24.226,Normal,2018-11-12 10:56:46.529,2025-09-17 09:43:37.000,No,39.903146,-75.651677,FlexNetId: 50409122,FlexNet900,930.5125 MHz,13,901.8625 MHz
53734,true,,BUCKINGH-352RM3,RTMx,No,FlexNet,Enabled,4110005,No,2026-07-29 09:18:39.507,Normal,2024-08-27 14:51:16.975,2025-09-17 12:32:16.000,No,40.3291,-75.1416,FlexNetId: 50480507,FlexNet900K24,930.5125 MHz,22,901.8375 MHz
50728,true,,NESHAMIN-146T199,RTM II+,No,FlexNet,Enabled,4110005,No,2026-07-29 09:07:01.046,Normal,2022-04-12 07:23:30.702,2025-09-17 09:54:48.000,No,40.1014,-74.9544,FlexNetId: 50531927,FlexNet900,930.5375 MHz,86,901.8875 MHz
52766,true,,UPMERION-141RM1,RTM II+,No,FlexNet,Enabled,4110005,No,2026-07-29 09:19:07.763,Normal,2023-11-20 12:14:01.383,2025-09-17 10:17:07.000,No,40.0768335,-75.3992226,FlexNetId: 50533619,FlexNet900,930.5125 MHz,36,901.8375 MHz
46218,true,,EDDYSTON-132S3,RTM II+,No,FlexNet,Enabled,4110005,No,2026-07-29 09:15:56.925,Normal,2019-07-22 11:09:06.837,2025-09-17 10:16:28.000,No,39.87397,-75.337,FlexNetId: 50410701,FlexNet900,930.5375 MHz,55,901.8875 MHz
49557,true,,HEATON-138T1243,RTM II+,No,FlexNet,Enabled,4110005,No,2026-07-29 09:08:19.148,Normal,2021-07-22 09:40:24.864,2025-09-17 09:29:38.000,No,40.14437,-75.10387,FlexNetId: 50531297,FlexNet900,930.5375 MHz,29,901.8875 MHz
52301,true,,PARRISH-131S4,RTM II+,No,FlexNet,Enabled,4110005,No,2026-07-29 09:20:51.266,Normal,2023-08-11 08:02:53.631,2025-09-17 09:50:38.000,No,39.96913,-75.21608,FlexNetId: 50533398,FlexNet900,930.5125 MHz,40,901.8375 MHz
45917,true,,LLANERCH-136S3,RTM II+,No,FlexNet,Enabled,4110005,No,2026-07-29 09:16:35.415,Normal,2019-06-04 09:36:55.096,2025-09-17 10:09:53.000,No,39.9627,-75.3224,FlexNetId: 50410538,FlexNet900,930.5125 MHz,35,901.8625 MHz
42770,true,,WARRINGT-361RS3,RTM II+,No,FlexNet,Enabled,4110005,No,2026-07-29 09:09:55.808,Normal,2018-05-11 12:14:10.683,2025-09-17 09:41:30.000,No,40.241949,-75.09377,FlexNetId: 50408599,FlexNet900,930.5125 MHz,22,901.8375 MHz
42565,true,,WARMINST-131T370,RTM II+,No,FlexNet,Enabled,4110005,No,2026-07-29 09:12:41.029,Normal,2018-04-13 09:02:32.462,2025-09-17 09:59:42.000,No,40.184644,-75.094778,FlexNetId: 50408579,FlexNet900,930.5375 MHz,34,901.8375 MHz
44783,true,,MASTER-163T346,RTM II+,No,FlexNet,Enabled,4110005,No,2026-07-29 09:16:43.367,Normal,2019-02-12 11:17:38.121,2025-09-17 10:05:14.000,No,39.9668,-75.144,FlexNetId: 50409699,FlexNet900,930.5375 MHz,26,901.8375 MHz
43705,true,,LINE-3300RM3,RTM II+,No,FlexNet,Enabled,4110005,No,2026-07-29 09:13:01.746,Normal,2018-10-30 14:17:12.271,2025-09-17 09:28:12.000,No,40.226504,-75.14056,FlexNetId: 50408644,FlexNet900,930.5375 MHz,19,901.8875 MHz
43802,true,,SNOWDEN-000RS1,RTM II+,No,FlexNet,Enabled,4110005,No,2026-07-29 09:20:55.893,Normal,2018-11-13 10:03:19.274,2025-09-17 10:04:20.000,No,40.169552,-75.606332,FlexNetId: 50409098,FlexNet900,930.5375 MHz,26,901.8625 MHz
52411,true,,HOLMESBU-142RS1,RTM II+,No,FlexNet,Enabled,4110005,No,2026-07-29 09:19:47.994,Normal,2023-08-15 08:49:38.456,2025-09-17 09:33:04.000,No,40.056696,-74.9863729,FlexNetId: 50533188,FlexNet900,930.5125 MHz,21,901.8375 MHz
51797,true,,LOMBARD-137RS2,RTM II+,No,FlexNet,Enabled,4110005,No,2026-07-29 09:08:33.552,Normal,2022-11-30 08:11:07.243,2025-09-17 09:50:20.000,No,39.9406,-75.1474,FlexNetId: 50532874,FlexNet900,930.5125 MHz,31,901.8875 MHz
43821,true,,PASSYUNK-133T481,RTM II+,No,FlexNet,Enabled,4110005,No,2026-07-29 09:19:40.365,Normal,2018-11-13 10:02:52.539,2025-09-17 09:42:27.000,No,39.926,-75.172,FlexNetId: 50409234,FlexNet900,930.5125 MHz,49,901.8625 MHz
51449,true,,LINE-2024RM1,RTM II+,No,FlexNet,Enabled,4110005,No,2026-07-29 09:20:52.523,Normal,2022-10-17 08:42:38.269,2025-09-17 10:21:23.000,No,39.9169,-75.1811,FlexNetId: 50532319,FlexNet900,930.5125 MHz,27,901.8375 MHz
43163,true,,RICHMOND-136S1,RTM II+,No,FlexNet,Enabled,4110005,No,2026-07-29 09:09:29.850,Normal,2018-10-02 13:29:06.964,2025-09-17 09:49:14.000,No,39.9827078,-75.1049933,FlexNetId: 50408109,FlexNet900,930.5125 MHz,38,901.8375 MHz
54014,true,,BUCKINGH-371R3,RTMx,No,FlexNet,Enabled,4110005,No,2026-07-29 09:11:10.215,Normal,2024-09-14 10:33:50.186,2025-09-17 09:33:33.000,No,40.32657,-75.06258,FlexNetId: 50480530,FlexNet900K24,930.5375 MHz,34,901.8375 MHz
46217,true,,LINE-534R1,RTM II+,No,FlexNet,Enabled,4110005,No,2026-07-29 09:06:05.431,Normal,2019-08-20 09:08:07.728,2025-09-17 10:10:03.000,No,39.978556,-75.140178,FlexNetId: 50410710,FlexNet900,930.5375 MHz,31,901.8875 MHz
46421,true,,UPPRPROV-342RM5,RTM II+,No,FlexNet,Enabled,4110005,No,2026-07-29 09:12:03.448,Normal,2019-09-03 12:47:59.656,2025-09-17 10:13:06.000,No,40.137128,-75.505142,FlexNetId: 50410583,FlexNet900,930.5125 MHz,41,901.8375 MHz
49976,true,,GRAYSFER-132S2,RTM II+,No,FlexNet,Enabled,4110005,No,2026-07-29 09:18:26.652,Normal,2021-10-08 09:26:24.960,2025-09-17 09:51:05.000,No,39.935,-75.182,FlexNetId: 50531689,FlexNet900,930.5125 MHz,34,901.8375 MHz
51721,true,,DALEVILL-341RS5,RTM II+,No,FlexNet,Enabled,4110005,No,2026-07-29 09:20:30.174,Normal,2022-11-17 07:00:20.031,2025-09-17 09:50:00.000,No,39.8024,-75.7371,FlexNetId: 50532985,FlexNet900,930.5125 MHz,62,901.8875 MHz
45533,true,,EDDYSTON-132S2,RTM II+,No,FlexNet,Enabled,4110005,No,2026-07-29 09:15:47.533,Normal,2019-03-06 17:48:48.146,2025-09-17 10:21:23.000,No,39.87406,-75.32572,FlexNetId: 50410292,FlexNet900,930.5375 MHz,38,901.8625 MHz
51832,true,,BUCKINGH-346T1096,RTM II+,No,FlexNet,Enabled,4110005,No,2026-07-29 09:15:24.128,Normal,2023-01-12 09:19:26.494,2025-09-17 09:49:42.000,No,40.3731,-75.205,FlexNetId: 50532931,FlexNet900,930.5375 MHz,43,901.8375 MHz
45933,true,,NORWALES-362T285,RTM II+,No,FlexNet,Enabled,4110005,No,2026-07-29 09:07:59.840,Normal,2019-06-04 09:36:06.763,2025-09-17 10:04:30.000,No,40.2355,-75.2736,FlexNetId: 50410547,FlexNet900,930.5375 MHz,39,901.8375 MHz
46970,true,,LANDENBE-000RS2,RTM II+,No,FlexNet,Enabled,4110005,No,2026-07-29 09:20:17.125,Normal,2020-01-05 21:03:50.223,2025-09-17 09:55:39.000,No,39.783,-75.755,FlexNetId: 50530159,FlexNet900,930.5375 MHz,59,901.8625 MHz
47220,true,,CEDARBRO-138RMP3,RTM II+,No,FlexNet,Enabled,4110005,No,2026-07-29 09:20:03.175,Normal,2020-02-25 09:05:56.003,2025-09-17 10:04:26.000,No,40.064,-75.18,FlexNetId: 50530856,FlexNet900,930.5125 MHz,43,901.8875 MHz
49005,true,,LLANERCH-143T752,RTM II+,No,FlexNet,Enabled,4110005,No,2026-07-29 09:07:08.950,Normal,2021-01-24 09:14:23.431,2025-09-17 10:06:09.000,No,39.9563,-75.2958,FlexNetId: 50531114,FlexNet900,930.5375 MHz,19,901.8375 MHz
44701,true,,BYBERRY-148T584,RTM II+,No,FlexNet,Enabled,4110005,No,2026-07-29 09:09:50.844,Normal,2019-02-12 11:16:59.898,2025-09-17 10:21:23.000,No,40.14707,-74.983461,FlexNetId: 50409671,FlexNet900,930.5125 MHz,32,901.8875 MHz
54091,true,,NORWALES-344RM3,RTMx,No,FlexNet,Enabled,4110005,No,2026-07-29 09:15:32.101,Normal,2024-10-17 10:05:37.211,2025-09-17 12:35:05.000,No,40.15745247302016,-75.37178954789297,FlexNetId: 50480603,FlexNet900K24,930.5125 MHz,40,901.8375 MHz
48984,true,,DOWNINGT-004RS2,RTM II+,No,FlexNet,Enabled,4110005,No,2026-07-29 09:19:51.367,Normal,2021-01-24 09:14:18.806,2025-09-17 09:44:39.000,No,39.9981,-75.7098,FlexNetId: 50531069,FlexNet900,930.5125 MHz,47,901.8625 MHz
48289,true,,TABOR-131T790,RTM II+,No,FlexNet,Enabled,4110005,No,2026-07-29 09:11:19.329,Normal,2020-09-25 11:34:14.285,2025-09-17 10:04:21.000,No,40.0435,-75.1483,FlexNetId: 50530496,FlexNet900,930.5375 MHz,37,901.8875 MHz
44323,true,,GRAYSFER-141T224,RTM II+,No,FlexNet,Enabled,4110005,No,2026-07-29 09:15:32.702,Normal,2019-01-03 17:07:04.239,2025-09-17 09:48:09.000,No,39.942963,-75.175231,FlexNetId: 50409305,FlexNet900,930.5125 MHz,47,901.8625 MHz
49292,true,,LOMBARD-131T720,RTM II+,No,FlexNet,Enabled,4110005,No,2026-07-29 09:16:39.440,Normal,2021-04-18 10:04:20.146,2025-09-17 09:51:00.000,No,39.9354,-75.1601,FlexNetId: 50531000,FlexNet900,930.5125 MHz,32,901.8375 MHz
52759,true,,PARRISH-140T823,RTM II+,No,FlexNet,Enabled,4110005,No,2026-07-29 09:14:39.737,Normal,2023-11-20 12:14:00.509,2025-09-17 10:17:10.000,No,39.965679,-75.194994,FlexNetId: 50533566,FlexNet900,930.5125 MHz,29,901.8375 MHz
42558,true,,NEWLINVI-344R2,RTM II+,No,FlexNet,Enabled,4110005,No,2026-07-29 09:14:09.336,Normal,2018-04-13 09:02:30.276,2025-09-17 09:41:26.000,No,39.997661,-75.847747,FlexNetId: 50408627,FlexNet900,930.5125 MHz,37,901.8875 MHz
54021,true,,HEATON-139S2,RTMx,No,FlexNet,Enabled,4110005,No,2026-07-29 09:20:08.217,Normal,2024-09-14 10:33:51.439,2025-09-17 12:32:13.000,No,40.17292,-75.09888,FlexNetId: 50480576,FlexNet900K24,930.5125 MHz,43,901.8375 MHz
43957,true,,TREDYFFR-341RM2,RTM II+,No,FlexNet,Enabled,4110005,No,2026-07-29 09:16:51.373,Normal,2018-11-12 10:54:17.691,2025-09-17 09:45:22.000,No,40.014982,-75.437582,FlexNetId: 50409173,FlexNet900,930.5125 MHz,86,901.8375 MHz
47797,true,,LINTON-343R4,RTM II+,No,FlexNet,Enabled,4110005,No,2026-07-29 09:17:08.011,Normal,2020-08-13 09:23:46.289,2025-09-17 09:55:17.000,No,40.222,-74.934,FlexNetId: 50530635,FlexNet900,930.5125 MHz,62,901.8375 MHz
50784,true,,LINE-13200T119,RTM II+,No,FlexNet,Enabled,4110005,No,2026-07-29 09:16:59.452,Normal,2022-04-21 10:14:44.481,2025-09-17 09:49:42.000,No,40.159,-75.97671,FlexNetId: 50531976,FlexNet900,930.5375 MHz,71,901.8375 MHz
51722,true,,NEWSQUA-143S1,RTM II+,No,FlexNet,Enabled,4110005,No,2026-07-29 09:15:29.276,Normal,2022-11-17 07:00:20.372,2025-09-17 09:43:57.000,No,39.9893,-75.39953,FlexNetId: 50532988,FlexNet900,930.5125 MHz,73,901.8375 MHz
45911,true,,PULASKI-135RS5,RTM II+,No,FlexNet,Enabled,4110005,No,2026-07-29 09:09:23.362,Normal,2019-06-04 09:36:59.517,2025-09-17 10:06:19.000,No,40.046,-75.171,FlexNetId: 50410918,FlexNet900,930.5375 MHz,13,901.8875 MHz
49181,true,,PARRISH-132T810,RTM II+,No,FlexNet,Enabled,4110005,No,2026-07-29 09:20:19.655,Normal,2021-03-14 09:56:51.222,2025-09-17 10:09:56.000,No,39.9642,-75.1905,FlexNetId: 50531243,FlexNet900,930.5375 MHz,31,901.8625 MHz
54123,true,,CHICHEST-131T390,RTMx,No,FlexNet,Enabled,4100105,Yes,2026-07-29 09:17:51.451,Normal,2024-10-17 10:05:40.546,2025-09-17 12:38:45.000,No,39.8417856,-75.4590746,FlexNetId: 50480795,FlexNet900K24,930.5375 MHz,18,901.8625 MHz
48824,true,,LLANERCH-143S3,RTM II+,No,FlexNet,Enabled,4110005,No,2026-07-29 09:17:12.554,Normal,2020-12-03 12:46:29.705,2025-09-17 09:55:41.000,No,39.9589,-75.2889,FlexNetId: 50530882,FlexNet900,930.5125 MHz,38,901.8375 MHz
42066,true,,EMILIE-132T186,RTM II+,No,FlexNet,Enabled,4110005,No,2026-07-29 09:19:18.710,Normal,2018-03-26 15:47:29.025,2025-09-17 09:43:37.000,No,40.128714,-74.865613,FlexNetId: 50408422,FlexNet900,930.5375 MHz,37,901.8625 MHz
47208,true,,PENCOYD-135RS3,RTM II+,No,FlexNet,Enabled,4110005,No,2026-07-29 09:13:59.648,Normal,2020-02-25 09:05:53.965,2025-09-17 09:57:34.000,No,40.027,-75.222,FlexNetId: 50530859,FlexNet900,930.5375 MHz,43,901.8625 MHz
43628,true,,WOODBOUR-352R1,RTM II+,No,FlexNet,Enabled,4110005,No,2026-07-29 09:16:10.757,Normal,2018-10-05 14:49:12.500,2025-09-17 09:42:25.000,No,40.190673,-74.926283,FlexNetId: 50408801,FlexNet900,930.5125 MHz,26,901.8625 MHz
46419,true,,LINE-5900S3,RTM II+,No,FlexNet,Enabled,4110005,No,2026-07-29 09:16:08.307,Normal,2019-09-03 12:47:54.741,2024-10-10 10:19:25.000,No,40.118519,-75.066623,FlexNetId: 50410444,FlexNet900,930.5125 MHz,72,901.8875 MHz
54179,true,,NORWALES-341RS2,RTMx,No,FlexNet,Enabled,4110005,No,2026-07-29 09:20:52.897,Normal,2024-10-17 09:54:29.865,2025-09-17 12:31:19.000,No,40.26083,-75.23439,FlexNetId: 50480870,FlexNet900K24,930.5125 MHz,32,901.8375 MHz
50445,true,,LINE-1099T1134,RTM II+,No,FlexNet,Enabled,4110005,No,2026-07-29 09:11:57.688,Normal,2021-12-07 09:19:46.300,2025-09-17 09:30:16.000,No,39.98257,-75.16194,FlexNetId: 50531884,FlexNet900,930.5125 MHz,36,901.8375 MHz
51353,true,,WAYNE-144RM2,RTM II+,No,FlexNet,Enabled,4110005,No,2026-07-29 09:18:58.019,Normal,2022-09-21 07:54:36.675,2024-10-08 13:09:07.000,No,40.035,-75.384,FlexNetId: 50532669,FlexNet900,930.5125 MHz,49,901.8375 MHz
42500,true,,WARRINGT-364RM2,RTM II+,No,FlexNet,Enabled,4110005,No,2026-07-29 09:11:18.284,Normal,2018-03-26 15:48:01.993,2025-09-17 09:41:26.000,No,40.29149,-75.150905,FlexNetId: 50408634,FlexNet900,930.5125 MHz,36,901.8625 MHz
54189,true,,BUCKINGH-346R3,RTMx,No,FlexNet,Enabled,4110005,No,2026-07-29 09:17:31.131,Normal,2024-10-17 09:54:31.106,2025-10-07 11:41:08.000,No,40.3958,-75.1826,FlexNetId: 50480939,FlexNet900K24,930.5125 MHz,62,901.8375 MHz
43864,true,,LENAPE-342T205,RTM II+,No,FlexNet,Enabled,4110005,No,2026-07-29 09:18:51.416,Normal,2018-11-13 10:03:05.857,2025-09-17 09:30:20.000,No,39.9099,-75.5992,FlexNetId: 50409229,FlexNet900,930.5125 MHz,19,901.8875 MHz
43254,true,,COCHRANV-341T100,RTM II+,No,FlexNet,Enabled,4110005,No,2026-07-29 09:19:38.893,Normal,2018-11-28 14:02:11.875,2025-09-17 10:00:49.000,No,39.828536,-75.870325,FlexNetId: 50408055,FlexNet900,930.5125 MHz,37,901.8375 MHz
49538,true,,PLYMOUTH-145T884,RTM II+,No,FlexNet,Enabled,4110005,No,2026-07-29 09:08:52.676,Normal,2021-07-22 09:38:10.422,2025-09-17 10:06:19.000,No,40.0824,-75.2736,FlexNetId: 50531565,FlexNet900,930.5125 MHz,25,901.8375 MHz
44587,true,,LINE-1600T1295,RTM II+,No,FlexNet,Enabled,4110005,No,2026-07-29 09:18:00.724,Normal,2019-02-12 11:16:05.594,2025-09-17 09:58:59.000,No,40.181379,-75.583202,FlexNetId: 50409750,FlexNet900,930.5125 MHz,23,901.8375 MHz
43239,true,,LINE-4100R3,RTM II+,No,FlexNet,Enabled,4110005,No,2026-07-29 09:08:42.926,Normal,2018-12-07 10:47:00.656,2025-09-17 09:30:17.000,No,40.0472943,-75.6237123,FlexNetId: 50408398,FlexNet900,930.5125 MHz,31,901.8375 MHz
43194,true,,LINE-11600RM5,RTM II+,No,FlexNet,Enabled,4110005,No,2026-07-29 09:19:06.464,Normal,2019-07-21 09:20:52.970,2025-09-17 10:08:47.000,No,39.971,-75.399,FlexNetId: 50408333,FlexNet900,930.5375 MHz,29,901.8875 MHz
50880,true,,WHITEMAR-163RM1,RTM II+,No,FlexNet,Enabled,4110005,No,2026-07-29 09:19:27.941,Normal,2022-06-23 10:26:06.016,2025-09-17 10:00:27.000,No,40.1171,-75.2461,FlexNetId: 50532680,FlexNet900,930.5375 MHz,12,901.8875 MHz
30938,true,,ELMWOOD-134RS3,RTM II+,No,FlexNet,Enabled,4110005,No,2026-07-29 09:10:48.441,Normal,2020-07-27 09:05:57.121,2025-09-17 10:08:08.000,No,39.93968292,-75.21705019,FlexNetId: 50402843,FlexNet900,930.5375 MHz,41,901.8625 MHz
43153,true,,BLUEGRAS-136RM1,RTM II+,No,FlexNet,Enabled,4110005,No,2026-07-29 09:15:55.632,Normal,2018-10-02 13:29:03.768,2025-09-17 09:49:39.000,No,40.093217,-75.040985,FlexNetId: 50408210,FlexNet900,930.5375 MHz,9,901.8875 MHz
45272,true,,LINE-2327S1,RTM II+,No,FlexNet,Enabled,4110005,No,2026-07-29 09:18:12.203,Normal,2019-02-19 09:16:12.898,2025-09-17 09:59:24.000,No,40.032,-75.225,FlexNetId: 50409347,FlexNet900,930.5125 MHz,37,901.8875 MHz
49473,true,,WANEETA-136T775,RTM II+,No,FlexNet,Enabled,4110005,No,2026-07-29 09:11:31.235,Normal,2021-06-18 09:04:27.706,2025-09-17 09:56:46.000,No,39.9968,-75.1159,FlexNetId: 50531533,FlexNet900,930.5125 MHz,42,901.8375 MHz
51921,true,,MACDADE-145S1,RTM II+,No,FlexNet,Enabled,4110005,No,2026-07-29 09:19:36.222,Normal,2023-02-24 09:00:25.900,2025-09-17 09:50:38.000,No,39.8875,-75.3052,FlexNetId: 50531959,FlexNet900,930.5125 MHz,33,901.8875 MHz
45371,true,,ANGORA-133T586,RTM II+,No,FlexNet,Enabled,4110005,No,2026-07-29 09:18:18.732,Normal,2019-04-03 08:30:02.238,2025-09-17 09:54:56.000,No,39.962,-75.226,FlexNetId: 50409980,FlexNet900,930.5375 MHz,29,901.8375 MHz
53599,true,,BUCKINGH-366T696,RTMx,No,FlexNet,Enabled,4110005,No,2026-07-29 09:10:43.121,Normal,2024-08-15 07:23:39.697,2025-09-17 09:28:30.000,No,40.35612,-75.13295,FlexNetId: 50480574,FlexNet900K24,930.5125 MHz,88,901.8375 MHz
47473,true,,DOWNINGT-003RS2,RTM II+,No,FlexNet,Enabled,4110005,No,2026-07-29 09:18:26.801,Normal,2020-05-21 11:57:19.592,2025-09-17 10:08:08.000,No,40.0042,-75.7085,FlexNetId: 50530702,FlexNet900,930.5125 MHz,70,901.8875 MHz
46885,true,,MIDDLETO-141T747,RTM II+,No,FlexNet,Enabled,4110005,No,2026-07-29 09:10:59.624,Normal,2020-01-05 21:03:32.485,2025-09-17 10:08:49.000,No,39.915,-75.394,FlexNetId: 50410778,FlexNet900,930.5125 MHz,37,901.8875 MHz
43637,true,,LINTON-341S1,RTM II+,No,FlexNet,Enabled,4110005,No,2026-07-29 09:17:31.431,Normal,2018-10-05 14:49:15.297,2025-09-17 09:41:29.000,No,40.245958,-74.873204,FlexNetId: 50408809,FlexNet900,930.5125 MHz,20,901.8875 MHz
49066,true,,PERKIOME-344R4,RTM II+,No,FlexNet,Enabled,4110005,No,2026-07-29 09:19:53.294,Normal,2021-02-09 09:33:44.720,2025-09-17 10:13:10.000,No,40.1926,-75.4619,FlexNetId: 50531067,FlexNet900,930.5125 MHz,19,901.8875 MHz
47699,true,,EAGLE-353T331,RTM II+,No,FlexNet,Enabled,4110005,No,2026-07-29 09:08:47.447,Normal,2020-08-15 21:35:21.686,2025-09-17 09:58:37.000,No,40.19,-75.647,FlexNetId: 50530836,FlexNet900,930.5125 MHz,82,901.8875 MHz
42695,true,,WAYNE-133T152,RTM II+,No,FlexNet,Enabled,4110005,No,2026-07-29 09:06:05.584,Normal,2018-05-03 20:30:45.777,2025-09-17 10:04:21.000,No,40.04168,-75.40088,FlexNetId: 50408320,FlexNet900,930.5125 MHz,36,901.8375 MHz
53386,true,,LINE-2781RM1,RTM II+,No,FlexNet,Enabled,4110005,No,2026-07-29 09:20:19.062,Normal,2024-04-30 10:58:02.812,2025-09-17 10:17:03.000,No,39.9174218,-75.2168642,FlexNetId: 50533836,FlexNet900,930.5125 MHz,42,901.8375 MHz
43264,true,,MACDADE-136T234,RTM II+,No,FlexNet,Enabled,4110005,No,2026-07-29 09:13:04.455,Normal,2018-11-27 10:03:16.234,2025-09-17 09:44:41.000,No,39.908142,-75.307602,FlexNetId: 50408701,FlexNet900,930.5375 MHz,44,901.8375 MHz
43025,true,,LINE-3308S1,RTM II+,No,FlexNet,Enabled,4110005,No,2026-07-29 09:19:44.265,Normal,2018-07-17 13:23:15.409,2024-10-10 10:18:55.000,No,39.731036,-75.9627152,FlexNetId: 50408222,FlexNet900,930.5125 MHz,30,901.8875 MHz
52884,true,,ANGORA-133S5,RTM II+,No,FlexNet,Enabled,4110005,No,2026-07-29 09:20:07.118,Normal,2023-12-11 09:23:23.615,2025-09-17 12:41:06.000,No,39.9627,-75.2262,FlexNetId: 50533244,FlexNet900,930.5125 MHz,19,901.8375 MHz
50418,true,,CHICHEST-133RM1,RTM II+,No,FlexNet,Enabled,4110005,No,2026-07-29 09:16:16.688,Normal,2021-12-02 08:41:20.750,2025-09-17 09:51:52.000,No,39.8389,-75.4249,FlexNetId: 50531902,FlexNet900,930.5125 MHz,33,901.8375 MHz
52299,true,,JARRETT-142RM1,RTM II+,No,FlexNet,Enabled,4110005,No,2026-07-29 09:15:59.167,Normal,2023-08-11 08:02:53.405,2025-09-17 09:28:56.000,No,40.17901,-75.20657,FlexNetId: 50533397,FlexNet900,930.5125 MHz,26,901.8375 MHz
43032,true,,NORWALES-363S1,RTM II+,No,FlexNet,Enabled,4110005,No,2026-07-29 09:17:48.553,Normal,2018-07-17 13:23:17.988,2025-09-17 09:45:00.000,No,40.1588629,-75.3604154,FlexNetId: 50408452,FlexNet900,930.5125 MHz,21,901.8375 MHz
49602,true,,FLINT-146T1355,RTM II+,No,FlexNet,Enabled,4110005,No,2026-07-29 09:07:59.069,Normal,2021-07-29 10:18:06.826,2023-03-01 20:20:11.000,No,40.06493,-75.357057,FlexNetId: 50531509,FlexNet900,930.5125 MHz,21,901.8375 MHz
43741,true,,CROYDON-144S1,RTM II+,No,FlexNet,Enabled,4110005,No,2026-07-29 09:06:56.190,Normal,2018-09-28 14:19:33.156,2025-09-17 09:44:38.000,No,40.096944,-74.903495,FlexNetId: 50408963,FlexNet900,930.5125 MHz,17,901.8375 MHz
48221,true,,COLWYN-132RM3,RTM II+,No,FlexNet,Enabled,4110005,No,2026-07-29 09:20:13.954,Normal,2020-09-25 11:41:58.572,2025-09-17 10:05:17.000,No,39.9186,-75.2653,FlexNetId: 50530208,FlexNet900,930.5375 MHz,20,901.8625 MHz
49551,true,,ANGORA-130T955,RTM II+,No,FlexNet,Enabled,4110005,No,2026-07-29 09:16:48.301,Normal,2021-07-22 09:38:05.926,2025-09-17 09:57:54.000,No,39.935,-75.232,FlexNetId: 50531573,FlexNet900,930.5375 MHz,45,901.8875 MHz
47474,true,,MACDADE-132RM1,RTM II+,No,FlexNet,Enabled,4110005,No,2026-07-29 09:18:40.410,Normal,2020-05-21 11:57:23.803,2025-09-17 10:10:00.000,No,39.8892,-75.2858,FlexNetId: 50530740,FlexNet900,930.5125 MHz,42,901.8375 MHz
45409,true,,PARRISH-141T535,RTM II+,No,FlexNet,Enabled,4110005,No,2026-07-29 09:14:42.418,Normal,2019-04-03 08:30:17.533,2025-09-17 10:13:00.000,No,39.957,-75.206,FlexNetId: 50410419,FlexNet900,930.5125 MHz,33,901.8875 MHz
51440,true,,CRESCENT-161T1078,RTM II+,No,FlexNet,Enabled,4110005,No,2026-07-29 09:13:55.389,Normal,2022-10-11 07:23:36.496,2025-09-17 09:43:59.000,No,40.0204,-75.1143,FlexNetId: 50532321,FlexNet900,930.5125 MHz,46,901.8375 MHz
45001,true,,LINE-16100T207,RTM II+,No,FlexNet,Enabled,4110005,No,2026-07-29 09:18:34.995,Normal,2019-02-12 11:18:24.022,2025-09-17 09:55:20.000,No,39.872955,-75.578205,FlexNetId: 50409797,FlexNet900,930.5125 MHz,29,901.8375 MHz
49866,true,,NEWSQUA-146T548,RTM II+,No,FlexNet,Enabled,4110005,No,2026-07-29 09:18:02.629,Normal,2021-09-15 15:29:06.258,2025-09-17 09:50:41.000,No,40.034,-75.435,FlexNetId: 50531746,FlexNet900,930.5125 MHz,21,901.8875 MHz
45072,true,,ELMWOOD-131T487,RTM II+,No,FlexNet,Enabled,4110005,No,2026-07-29 09:16:13.637,Normal,2019-02-14 09:40:29.367,2025-09-17 10:16:25.000,No,39.923,-75.239,FlexNetId: 50409386,FlexNet900,930.5125 MHz,34,901.8375 MHz
46909,true,,FOXCHASE-139S3,RTM II+,No,FlexNet,Enabled,4110005,No,2026-07-29 09:20:06.423,Normal,2020-01-05 21:03:36.198,2025-09-17 09:55:21.000,No,40.079,-75.04138,FlexNetId: 50410598,FlexNet900,930.5375 MHz,23,901.8875 MHz
49285,true,,JENKINTO-134RM2,RTM II+,No,FlexNet,Enabled,4110005,No,2026-07-29 09:19:28.806,Normal,2021-04-18 10:04:17.162,2025-09-17 10:06:14.000,No,40.1058,-75.1483,FlexNetId: 50531218,FlexNet900,930.5125 MHz,42,901.8375 MHz
47774,true,,SAVILLE-132RM1,RTM II+,No,FlexNet,Enabled,4110005,No,2026-07-29 09:12:08.212,Normal,2020-08-13 09:23:43.563,2025-09-17 10:08:45.000,No,39.856168,-75.353678,FlexNetId: 50530685,FlexNet900,930.5125 MHz,27,901.8375 MHz
44190,true,,CRESCENT-141RM2,RTM II+,No,FlexNet,Enabled,4110005,No,2026-07-29 09:20:44.262,Normal,2018-12-13 17:09:10.162,2025-09-17 10:16:24.000,No,40.04,-75.104,FlexNetId: 50409319,FlexNet900,930.5375 MHz,48,901.8375 MHz
54174,true,,MASTER-131RM2,RTMx,No,FlexNet,Enabled,4110005,No,2026-07-29 09:15:44.493,Normal,2024-10-17 09:54:28.967,2025-09-17 12:32:12.000,No,39.9765,-75.18207,FlexNetId: 50480890,FlexNet900K24,930.5125 MHz,39,901.8375 MHz
54209,true,,LINE-3336S2,RTMx,No,FlexNet,Enabled,4110005,No,2026-07-29 09:16:22.232,Normal,2024-10-17 09:54:33.196,2025-09-17 12:32:15.000,No,39.9134,-75.3902,FlexNetId: 50480732,FlexNet900K24,930.5125 MHz,38,901.8375 MHz
44383,true,,EDGMONT-133T545,RTM II+,No,FlexNet,Enabled,4110005,No,2026-07-29 09:18:34.507,Normal,2019-09-12 13:02:28.454,2025-09-17 10:01:13.000,No,39.867,-75.382,FlexNetId: 50409485,FlexNet900,930.5125 MHz,51,901.8375 MHz
46810,true,,WARMINST-132T303,RTM II+,No,FlexNet,Enabled,4110005,No,2026-07-29 09:12:04.995,Normal,2019-12-10 09:34:38.077,2025-09-17 10:21:23.000,No,40.185,-75.014,FlexNetId: 50410777,FlexNet900,930.5375 MHz,61,901.8625 MHz
43674,true,,TABOR-132RM2,RTM II+,No,FlexNet,Enabled,4110005,No,2026-07-29 09:17:54.233,Normal,2018-10-30 14:17:02.465,2025-09-17 09:46:01.000,No,40.056733,-75.145784,FlexNetId: 50408900,FlexNet900,930.5125 MHz,32,901.8875 MHz
51872,true,,FALLS-344RM2,RTM II+,No,FlexNet,Enabled,4110005,No,2026-07-29 09:11:43.392,Normal,2023-02-01 07:54:00.252,2025-09-17 09:30:39.000,No,40.207049,-74.776929,FlexNetId: 50532930,FlexNet900,930.5125 MHz,33,901.8375 MHz
53637,true,,LINE-2327T290,RTMx,No,FlexNet,Enabled,4110005,No,2026-07-29 09:08:49.515,Normal,2024-08-27 14:43:04.675,2025-09-17 09:32:43.000,No,40.03269,-75.2232,FlexNetId: 50480514,FlexNet900K24,930.5125 MHz,26,901.8875 MHz
54090,true,,NORWALES-346R1,RTMx,No,FlexNet,Enabled,4110005,No,2026-07-29 09:15:42.471,Normal,2024-10-17 10:05:37.114,2025-09-17 09:33:06.000,No,40.197352,-75.248757,FlexNetId: 50480602,FlexNet900K24,930.5375 MHz,20,901.8375 MHz
52740,true,,PARRISH-134RM1,RTM II+,No,FlexNet,Enabled,4110005,No,2026-07-29 09:15:40.661,Normal,2023-11-09 13:25:41.441,2025-09-17 10:17:05.000,No,39.9514,-75.2054,FlexNetId: 50533089,FlexNet900,930.5125 MHz,1,901.8375 MHz
51907,true,,MACDADE-142RM1,RTM II+,No,FlexNet,Enabled,4110005,No,2026-07-29 09:18:43.444,Normal,2023-02-20 07:48:34.644,2025-09-17 09:43:57.000,No,39.8984,-75.3133,FlexNetId: 50532053,FlexNet900,930.5375 MHz,35,901.8375 MHz
45527,true,,LOMBARD-138T561,RTM II+,No,FlexNet,Enabled,4110005,No,2026-07-29 09:07:07.042,Normal,2019-03-06 17:48:45.609,2025-09-17 10:21:23.000,No,39.933,-75.146,FlexNetId: 50410330,FlexNet900,930.5125 MHz,37,901.8375 MHz
51642,true,,BLUEGRAS-142RM1,RTM II+,No,FlexNet,Enabled,4110005,No,2026-07-29 09:18:47.451,Normal,2022-10-28 07:28:48.583,2025-09-17 09:51:00.000,No,40.055,-75.028,FlexNetId: 50532826,FlexNet900,930.5125 MHz,21,901.8375 MHz
30224,true,,LLANERCH-145RM1,RTM II+,No,FlexNet,Enabled,4110005,No,2026-07-29 09:19:41.272,Normal,2014-08-26 14:31:24.747,2025-09-17 09:57:31.000,No,39.988566,-75.278536,FlexNetId: 50402188,FlexNet900,930.5375 MHz,16,901.8625 MHz
45161,true,,PLYMOUTH-171S1,RTM II+,No,FlexNet,Enabled,4110005,No,2026-07-29 09:18:19.984,Normal,2019-02-19 09:15:42.851,2025-09-17 10:05:14.000,No,40.0779,-75.306016,FlexNetId: 50410088,FlexNet900,930.5125 MHz,30,901.8375 MHz
44670,true,,WHITEMAR-164S1,RTM II+,No,FlexNet,Enabled,4110005,No,2026-07-29 09:16:48.358,Normal,2019-02-12 11:16:45.140,2025-09-17 10:04:28.000,No,40.11,-75.196,FlexNetId: 50409824,FlexNet900,930.5375 MHz,11,901.8625 MHz
44438,true,,BLUEGRAS-130T463,RTM II+,No,FlexNet,Enabled,4110005,No,2026-07-26 10:17:06.622,Missing,2019-01-03 15:36:26.831,2025-09-17 09:59:38.000,No,40.079459,-74.971538,FlexNetId: 50409530,FlexNet900,930.5375 MHz,16,901.8375 MHz
52746,true,,SCHWENKS-002RS1,RTM II+,No,FlexNet,Enabled,4110005,No,2026-07-29 09:20:52.084,Normal,2023-11-20 12:13:56.609,2025-09-17 09:29:18.000,No,40.26082,-75.46392,FlexNetId: 50533656,FlexNet900,930.5125 MHz,20,901.8875 MHz
42136,true,,PLYMOUTH-132T525,RTM II+,No,FlexNet,Enabled,4110005,No,2026-07-29 09:20:24.525,Normal,2018-07-26 08:14:33.764,2025-09-17 10:21:23.000,No,40.087,-75.259,FlexNetId: 50408441,FlexNet900,930.5125 MHz,33,901.8625 MHz
41412,true,,CRESCENT-160RM1,RTM II+,No,FlexNet,Enabled,4110005,No,2026-07-29 09:15:29.099,Normal,2018-03-26 15:47:21.790,2025-09-17 10:21:23.000,No,40.03282,-75.0912,FlexNetId: 50407357,FlexNet900,930.5125 MHz,32,901.8375 MHz
48746,true,,MORTON-130T788,RTM II+,No,FlexNet,Enabled,4110005,No,2026-07-29 09:12:25.610,Normal,2020-12-02 10:01:23.420,2025-09-17 09:57:02.000,No,39.923,-75.339,FlexNetId: 50530959,FlexNet900,930.5125 MHz,43,901.8625 MHz
50795,true,,CHICHEST-131T1097,RTM II+,No,FlexNet,Enabled,4110005,No,2026-07-29 09:11:53.267,Normal,2022-04-21 10:14:46.570,2025-09-17 09:28:31.000,No,39.83064,-75.44011,FlexNetId: 50531929,FlexNet900,930.5125 MHz,22,901.8375 MHz
45256,true,,HARTMAN-351T364,RTM II+,No,FlexNet,Enabled,4110005,No,2026-07-29 09:19:37.829,Normal,2019-02-19 09:16:07.197,2025-09-17 10:01:34.000,No,40.223,-75.205,FlexNetId: 50409972,FlexNet900,930.5375 MHz,40,901.8625 MHz
44371,true,,LINE-1300T1002,RTM II+,No,FlexNet,Enabled,4110005,No,2026-07-29 09:06:24.879,Normal,2019-02-07 15:29:03.086,2025-09-17 09:49:15.000,No,40.07834,-75.53476,FlexNetId: 50409472,FlexNet900,930.5125 MHz,33,901.8875 MHz
43849,true,,NORWALES-347R1,RTM II+,No,FlexNet,Enabled,4110005,No,2026-07-29 09:19:04.970,Normal,2018-11-13 10:03:00.953,2025-09-17 10:06:19.000,No,40.1884,-75.2894,FlexNetId: 50409132,FlexNet900,930.5375 MHz,16,901.8625 MHz
49191,true,,NORWALES-344T166,RTM II+,No,FlexNet,Enabled,4110005,No,2026-07-29 09:15:36.374,Normal,2021-03-14 09:56:49.190,2021-04-02 14:37:22.000,No,40.18037,-75.31132,FlexNetId: 50531244,FlexNet900,930.5125 MHz,23,901.8375 MHz
49645,true,,LINE-534T830,RTM II+,No,FlexNet,Enabled,4110005,No,2026-07-29 09:19:21.605,Normal,2021-08-16 09:56:42.879,2025-09-17 09:53:04.000,No,39.989,-75.141,FlexNetId: 50531098,FlexNet900,930.5125 MHz,28,901.8625 MHz
54194,true,,RICHMOND-144RM1,RTMx,No,FlexNet,Enabled,4110005,No,2026-07-29 09:19:08.239,Normal,2024-10-17 09:54:31.595,2025-09-17 09:33:33.000,No,40.0034066,-75.0662343,FlexNetId: 50480966,FlexNet900K24,930.5125 MHz,38,901.8375 MHz
50467,true,,HOLMESBU-132RMP1,RTM II+,No,FlexNet,Enabled,4110005,No,2026-07-29 09:20:00.349,Normal,2021-12-09 10:53:08.860,2025-09-17 09:56:05.000,No,40.0402,-75.065,FlexNetId: 50531715,FlexNet900,930.5125 MHz,52,901.8375 MHz
51496,true,,GOSHEN-343T153,RTM II+,No,FlexNet,Enabled,4110005,No,2026-07-29 09:07:12.655,Normal,2022-10-18 09:26:58.019,2025-09-17 09:49:42.000,No,39.98288,-75.56575,FlexNetId: 50532358,FlexNet900,930.5125 MHz,47,901.8375 MHz
43823,true,,LENAPE-341S2,RTM II+,No,FlexNet,Enabled,4110005,No,2026-07-29 09:07:29.511,Normal,2018-11-13 10:00:34.017,2025-09-17 09:42:26.000,No,39.841983,-75.719266,FlexNetId: 50409199,FlexNet900,930.5125 MHz,66,901.8375 MHz
47201,true,,COATESVI-003RS2,RTM II+,No,FlexNet,Enabled,4110005,No,2026-07-29 09:20:27.722,Normal,2020-02-25 09:05:52.761,2025-09-17 09:45:19.000,No,39.9805,-75.817,FlexNetId: 50530445,FlexNet900,930.5125 MHz,60,901.8625 MHz
43233,true,,LINE-5300T171,RTM II+,No,FlexNet,Enabled,4110005,No,2026-07-29 09:10:22.725,Normal,2018-12-07 10:47:14.448,2025-09-17 10:20:24.000,No,40.038017,-75.278122,FlexNetId: 50408475,FlexNet900,930.5375 MHz,90,901.8625 MHz
51816,true,,LINTON-342T951,RTM II+,No,FlexNet,Enabled,4110005,No,2026-07-29 09:19:43.014,Normal,2022-12-12 07:40:09.240,2025-09-17 09:44:17.000,No,40.228,-74.949,FlexNetId: 50532899,FlexNet900,930.5125 MHz,31,901.8375 MHz
43613,true,,PERKIOME-363S3,RTM II+,No,FlexNet,Enabled,4110005,No,2026-07-29 09:16:10.811,Normal,2018-10-05 14:49:23.350,2025-09-17 09:43:55.000,No,40.3024,-75.4799,FlexNetId: 50408726,FlexNet900,930.5125 MHz,26,901.8375 MHz
45166,true,,BYBERRY-162T509,RTM II+,No,FlexNet,Enabled,4110005,No,2026-07-29 09:09:59.195,Normal,2019-02-19 09:15:44.760,2025-09-17 09:56:03.000,No,40.15,-74.969,FlexNetId: 50410167,FlexNet900,930.5125 MHz,40,901.8875 MHz
43170,true,,LINE-600T167,RTM II+,No,FlexNet,Enabled,4110005,No,2026-07-29 09:09:38.877,Normal,2018-10-02 13:29:09.201,2025-09-17 09:58:16.000,No,40.1429,-75.3585,FlexNetId: 50408115,FlexNet900,930.5125 MHz,38,901.8375 MHz
43600,true,,CLAY-353T259,RTM II+,No,FlexNet,Enabled,4110005,No,2026-07-29 09:10:57.132,Normal,2018-10-30 14:16:53.955,2025-09-17 09:41:27.000,No,39.788253,-75.8818984,FlexNetId: 50408740,FlexNet900,930.5125 MHz,26,901.8625 MHz
51736,true,,BETZWOOD-341S2,RTM II+,No,FlexNet,Enabled,4110005,No,2026-07-29 09:20:21.247,Normal,2022-11-17 07:08:07.312,2025-09-17 09:30:21.000,No,40.1446,-75.4665,FlexNetId: 50532979,FlexNet900,930.5375 MHz,30,901.8375 MHz
49002,true,,BUCKINGH-366RM4,RTM II+,No,FlexNet,Enabled,4110005,No,2026-07-29 09:08:30.303,Normal,2021-01-24 09:14:22.960,2025-09-17 09:57:02.000,No,40.389,-75.147,FlexNetId: 50531131,FlexNet900,930.5125 MHz,34,901.8625 MHz
52321,true,,LINE-704T1240,RTM II+,No,FlexNet,Enabled,4110005,No,2026-07-29 09:13:01.920,Normal,2023-08-11 08:02:55.755,2024-10-08 12:05:03.000,No,39.9939,-75.1055,FlexNetId: 50533207,FlexNet900,930.5125 MHz,32,901.8375 MHz
46941,true,,BUCKINGH-343T630,RTM II+,No,FlexNet,Enabled,4110005,No,2026-07-29 09:14:30.311,Normal,2020-01-05 21:03:43.721,2025-09-17 10:17:51.000,No,40.260864,-74.966574,FlexNetId: 50530097,FlexNet900,930.5375 MHz,30,901.8875 MHz
45114,true,,JENKINTO-146T474,RTM II+,No,FlexNet,Enabled,4110005,No,2026-07-29 09:09:55.995,Normal,2019-02-14 09:40:43.313,2025-09-17 09:44:59.000,No,40.092,-75.135,FlexNetId: 50409975,FlexNet900,930.5375 MHz,38,901.8875 MHz
47608,true,,WANEETA-133T706,RTM II+,No,FlexNet,Enabled,4110005,No,2026-07-29 09:07:45.670,Normal,2020-05-26 12:40:27.953,2025-09-17 10:21:23.000,No,39.99,-75.12,FlexNetId: 50530522,FlexNet900,930.5125 MHz,30,901.8625 MHz
46706,true,Activated,BRADFORD-341RM2,RTM II+,No,Verizon,Not Applicable,4110005,No,2026-07-29 09:16:50.152,Normal,2020-01-05 21:20:13.065,,,40.004776,-75.701009,IMEI: 353238061372347,Cell_LE910_VER,,-51,
46706,true,Activated,BRADFORD-341RM2,RTM II+,No,Verizon,Not Applicable,4110005,No,2026-07-29 09:16:50.152,Normal,2020-01-05 21:20:13.065,,,40.004776,-75.701009,ICCID: 89148000002339043660,Cell_LE910_VER,,-51,
42937,true,,LINTON-352S2,RTM II+,No,FlexNet,Enabled,4110005,No,2026-07-29 09:10:25.463,Normal,2018-07-17 13:22:44.997,2025-09-17 09:28:54.000,No,40.21941,-74.97737,FlexNetId: 50408075,FlexNet900,930.5375 MHz,34,901.8375 MHz
51210,true,,MACDADE-145T21,RTM II+,No,FlexNet,Enabled,4110005,No,2026-07-29 09:12:33.640,Normal,2022-07-20 09:09:28.325,2025-09-17 09:50:02.000,No,39.8887,-75.3065,FlexNetId: 50532606,FlexNet900,930.5375 MHz,26,901.8375 MHz
53589,true,,LINE-1087RM1,RTMx,No,FlexNet,Enabled,4110005,No,2026-07-29 09:12:56.552,Normal,2024-08-27 14:42:55.311,2025-09-17 09:32:43.000,No,40.0121,-75.1695,FlexNetId: 50480567,FlexNet900K24,930.5375 MHz,37,901.8875 MHz
45313,true,,MACDADE-161T785,RTM II+,No,FlexNet,Enabled,4110005,No,2026-07-29 09:07:24.509,Normal,2019-04-03 08:30:20.215,2025-09-17 10:04:21.000,No,39.909599,-75.325926,FlexNetId: 50410018,FlexNet900,930.5375 MHz,32,901.8625 MHz
43801,true,,RICHMOND-137S3,RTM II+,No,FlexNet,Enabled,4110005,No,2026-07-29 09:20:42.005,Normal,2018-11-13 10:03:04.245,2025-09-17 09:57:54.000,No,40.014107,-75.084158,FlexNetId: 50409089,FlexNet900,930.5375 MHz,32,901.8875 MHz
43676,true,,CRESCENT-131T455,RTM II+,No,FlexNet,Enabled,4110005,No,2026-07-29 09:20:15.603,Normal,2018-10-30 14:17:03.210,2025-09-17 09:46:02.000,No,40.041,-75.106,FlexNetId: 50408911,FlexNet900,930.5125 MHz,57,901.8625 MHz
48813,true,,DAVISVIL-004RS3,RTM II+,No,FlexNet,Enabled,4110005,No,2026-07-29 09:20:45.540,Normal,2020-12-03 12:46:28.007,2025-09-17 09:56:05.000,No,40.1329,-75.1247,FlexNetId: 50530946,FlexNet900,930.5375 MHz,32,901.8875 MHz
51471,true,,WARRINGT-341T932,RTM II+,No,FlexNet,Enabled,4110005,No,2026-07-29 09:05:56.626,Normal,2022-10-17 08:46:50.874,2025-09-17 09:51:01.000,No,40.2938,-75.1932,FlexNetId: 50532327,FlexNet900,930.5125 MHz,21,901.8375 MHz
44622,true,,UPPRPROV-341S1,RTM II+,No,FlexNet,Enabled,4110005,No,2026-07-29 09:18:55.830,Normal,2019-02-12 11:16:23.033,2025-09-17 09:59:01.000,No,40.21098,-75.50376,FlexNetId: 50409779,FlexNet900,930.5375 MHz,39,901.8875 MHz
49185,true,,BUCKINGH-361T226,RTM II+,No,FlexNet,Enabled,4110005,No,2026-07-29 09:11:13.304,Normal,2021-03-14 09:56:50.389,2023-03-01 20:20:10.000,No,40.32589,-75.125151,FlexNetId: 50530982,FlexNet900,930.5125 MHz,46,901.8375 MHz
48741,true,,NEWLINVI-343RS7,RTM II+,No,FlexNet,Enabled,4110005,No,2026-07-29 09:12:58.722,Normal,2020-12-02 10:01:48.059,2024-10-10 10:21:24.000,No,40.0045,-75.8043,FlexNetId: 50530934,FlexNet900,930.5125 MHz,17,901.8625 MHz
44618,true,,EAGLE-351RM1,RTM II+,No,FlexNet,Enabled,4110005,No,2026-07-29 09:12:59.482,Normal,2019-02-12 11:16:21.236,2025-09-17 10:01:54.000,No,40.08223,-75.71398,FlexNetId: 50409753,FlexNet900,930.5125 MHz,65,901.8875 MHz
44380,true,,LINE-14700RM1,RTM II+,No,FlexNet,Enabled,4110005,No,2026-07-29 09:06:08.803,Normal,2019-10-25 16:13:56.422,2025-09-17 10:10:03.000,No,40.057,-75.569,FlexNetId: 50409546,FlexNet900,930.5125 MHz,46,901.8375 MHz
43013,true,,JARRETT-135T256,RTM II+,No,FlexNet,Enabled,4110005,No,2026-07-29 09:08:31.076,Normal,2018-07-17 13:23:11.254,2025-09-17 09:59:23.000,No,40.166952,-75.171932,FlexNetId: 50408093,FlexNet900,930.5125 MHz,26,901.8375 MHz
52831,true,,LINE-2395RM1,RTM II+,No,FlexNet,Enabled,4110005,No,2026-07-29 09:18:53.398,Normal,2023-12-11 09:22:17.375,2025-09-17 10:17:10.000,No,40.04486,-75.00835,FlexNetId: 50533101,FlexNet900,930.5125 MHz,47,901.8375 MHz
53714,true,,HARMONY-008RS1,RTMx,No,FlexNet,Enabled,4110005,No,2026-07-29 09:20:53.427,Normal,2024-08-27 14:51:15.624,2025-09-17 10:17:12.000,No,39.955,-75.615,FlexNetId: 50480658,FlexNet900K24,930.5125 MHz,64,901.8375 MHz
51503,true,,TABOR-133S1,RTM II+,No,FlexNet,Enabled,4110005,No,2026-07-29 09:08:09.048,Normal,2022-10-18 09:26:59.386,2025-09-17 10:21:24.000,No,40.0306,-75.1336,FlexNetId: 50532352,FlexNet900,930.5125 MHz,30,901.8875 MHz
46749,true,,NORWALES-342RM2,RTM II+,No,FlexNet,Enabled,4110005,No,2026-07-29 09:19:09.080,Normal,2019-12-12 09:46:24.720,2025-09-17 09:55:20.000,No,40.233,-75.2992,FlexNetId: 50410756,FlexNet900,930.5375 MHz,22,901.8875 MHz
45545,true,,NESHAMIN-143S3,RTM II+,No,FlexNet,Enabled,4110005,No,2026-07-29 09:10:16.214,Normal,2019-03-06 17:48:52.961,2025-09-17 10:08:51.000,No,40.156,-74.914,FlexNetId: 50410313,FlexNet900,930.5125 MHz,26,901.8625 MHz
43024,true,,COCHRANV-341R5,RTM II+,No,FlexNet,Enabled,4110005,No,2026-07-29 09:19:04.433,Normal,2018-07-17 13:23:15.048,2025-09-17 09:44:36.000,No,39.893915,-75.917938,FlexNetId: 50408081,FlexNet900,930.5375 MHz,68,901.8625 MHz
52771,true,,WANEETA-140RM2,RTM II+,No,FlexNet,Enabled,4110005,No,2026-07-29 09:19:17.864,Normal,2023-11-20 12:14:03.015,2025-09-17 10:17:04.000,No,39.9955,-75.1186,FlexNetId: 50533651,FlexNet900,930.5125 MHz,40,901.8375 MHz
54168,true,,MOSER-342T1138,RTMx,No,FlexNet,Enabled,4110005,No,2026-07-29 09:20:06.771,Normal,2024-10-17 09:54:28.103,2025-09-17 12:31:19.000,No,40.25269,-75.58963,FlexNetId: 50480884,FlexNet900K24,930.5125 MHz,31,901.8375 MHz
45457,true,,LLANERCH-135S3,RTM II+,No,FlexNet,Enabled,4110005,No,2026-07-29 09:20:49.431,Normal,2019-03-06 17:49:29.126,2025-09-17 10:08:10.000,No,39.9477,-75.3157,FlexNetId: 50410373,FlexNet900,930.5375 MHz,28,901.8875 MHz
49872,true,,UPPRPROV-352RM1,RTM II+,No,FlexNet,Enabled,4110005,No,2026-07-29 09:08:39.103,Normal,2021-10-05 10:05:48.567,2025-09-17 09:57:02.000,No,40.1731,-75.4967,FlexNetId: 50531619,FlexNet900,930.5125 MHz,43,901.8625 MHz
51909,true,,MORTON-141RM1,RTM II+,No,FlexNet,Enabled,4110005,No,2026-07-29 09:18:23.860,Normal,2023-02-20 07:48:35.837,2025-09-17 09:49:43.000,No,39.8902,-75.3497,FlexNetId: 50532061,FlexNet900,930.5125 MHz,36,901.8375 MHz
54188,true,,CRESCENT-136T168,RTMx,No,FlexNet,Enabled,4110005,No,2026-07-29 09:14:25.507,Normal,2024-10-17 09:54:30.984,2025-09-17 12:33:21.000,No,40.0233292,-75.0891602,FlexNetId: 50480853,FlexNet900K24,930.5125 MHz,26,901.8375 MHz
44400,true,,UPPERDAR-134RM3,RTM II+,No,FlexNet,Enabled,4110005,No,2026-07-29 09:16:45.771,Normal,2019-02-07 15:34:04.097,2025-09-17 10:04:28.000,No,39.934,-75.278,FlexNetId: 50409405,FlexNet900,930.5375 MHz,30,901.8875 MHz
46813,true,,HEATON-168T306,RTM II+,No,FlexNet,Enabled,4110005,No,2026-07-29 09:12:24.898,Normal,2019-12-10 09:34:42.822,2025-09-17 10:21:24.000,No,40.166,-75.086,FlexNetId: 50410761,FlexNet900,930.5125 MHz,28,901.8375 MHz
46752,true,,CHICHEST-134T675,RTM II+,No,FlexNet,Enabled,4110005,No,2026-07-29 09:15:32.719,Normal,2019-12-12 09:46:25.245,2025-09-17 10:05:20.000,No,39.8383,-75.3979,FlexNetId: 50410690,FlexNet900,930.5125 MHz,61,901.8375 MHz
46219,true,,LLANERCH-147S2,RTM II+,No,FlexNet,Enabled,4110005,No,2026-07-29 09:14:01.839,Normal,2019-07-22 11:09:07.013,2025-09-17 09:58:58.000,No,39.939,-75.29,FlexNetId: 50410697,FlexNet900,930.5375 MHz,39,901.8625 MHz
43198,true,,LENAPE-351R1,RTM II+,No,FlexNet,Enabled,4110005,No,2026-07-29 09:14:02.044,Normal,2018-10-02 13:29:18.265,2025-09-17 09:42:26.000,No,39.847297,-75.675815,FlexNetId: 50408290,FlexNet900,930.5375 MHz,32,901.8625 MHz
45089,true,,SAVILLE-134RM2,RTM II+,No,FlexNet,Enabled,4110005,No,2026-07-29 09:20:03.691,Normal,2019-02-14 09:40:34.101,2025-09-17 09:55:42.000,No,39.864,-75.37,FlexNetId: 50409287,FlexNet900,930.5125 MHz,28,901.8375 MHz
46949,true,,LENAPE-342T18,RTM II+,No,FlexNet,Enabled,4110005,No,2026-07-29 09:14:08.880,Normal,2020-01-05 21:03:45.661,2025-09-17 09:58:39.000,No,39.954,-75.615,FlexNetId: 50530103,FlexNet900,930.5125 MHz,64,901.8625 MHz
40358,true,,BRYNMAWR-141RS2,RTM II+,No,FlexNet,Enabled,4110005,No,2026-07-29 09:17:00.191,Normal,2017-10-24 06:24:04.357,2025-09-17 09:59:59.000,No,40.0025717,-75.2974598,FlexNetId: 50406996,FlexNet900,930.5375 MHz,37,901.8625 MHz
52772,true,,RICHMOND-144S2,RTM II+,No,FlexNet,Enabled,4110005,No,2026-07-29 09:08:56.030,Normal,2023-11-20 12:14:03.116,2025-09-17 12:38:47.000,No,40.0095012,-75.0689287,FlexNetId: 50533638,FlexNet900,930.5125 MHz,38,901.8375 MHz
50898,true,,PARRISH-134T221,RTM II+,No,FlexNet,Enabled,4110005,No,2026-07-29 09:15:54.300,Normal,2022-06-23 10:26:08.379,2025-09-17 09:59:20.000,No,39.9519,-75.2094,FlexNetId: 50532179,FlexNet900,930.5375 MHz,24,901.8625 MHz
53592,true,,NEWSQUA-144S4,RTMx,No,FlexNet,Enabled,4110005,No,2026-07-29 09:13:06.400,Normal,2024-08-27 14:42:55.554,2024-10-18 08:12:37.000,No,39.9948,-75.37881,FlexNetId: 50480516,FlexNet900K24,930.5125 MHz,18,901.8375 MHz
53912,true,,DALEVILL-341S3,RTMx,No,FlexNet,Enabled,4110005,No,2026-07-29 09:10:32.205,Normal,2024-09-06 10:53:33.691,2025-09-17 09:33:29.000,No,39.83616,-75.79676,FlexNetId: 50480694,FlexNet900K24,930.5375 MHz,33,901.8625 MHz
53897,true,,BRADFORD-346R2,RTMx,No,FlexNet,Enabled,4110005,No,2026-07-29 09:10:34.261,Normal,2024-09-06 10:10:05.515,2025-09-17 12:31:25.000,No,39.8724682,-75.7352837,FlexNetId: 50480652,FlexNet900K24,930.5125 MHz,21,901.8375 MHz
49554,true,,MOON-007RS2,RTM II+,No,FlexNet,Enabled,4110005,No,2026-07-29 09:18:50.976,Normal,2021-07-22 09:40:29.920,2025-09-17 09:56:03.000,No,40.1963,-74.8182,FlexNetId: 50531043,FlexNet900,930.5125 MHz,34,901.8375 MHz
54116,true,,LLANERCH-132R3,RTMx,No,FlexNet,Enabled,4110005,No,2026-07-29 09:15:13.269,Normal,2024-10-17 10:05:39.982,2025-09-17 09:33:05.000,No,39.965,-75.273,FlexNetId: 50480796,FlexNet900K24,930.5125 MHz,40,901.8625 MHz
43585,true,,UPPERDAR-134T512,RTM II+,No,FlexNet,Enabled,4110005,No,2026-07-29 09:05:59.456,Normal,2018-10-30 14:16:49.753,2025-09-17 10:21:24.000,No,39.934,-75.284,FlexNetId: 50408891,FlexNet900,930.5125 MHz,34,901.8375 MHz
52763,true,,PARRISH-132RM3,RTM II+,No,FlexNet,Enabled,4110005,No,2026-07-29 09:20:40.981,Normal,2023-11-20 12:14:01.070,2025-09-17 09:43:59.000,No,39.965918,-75.190491,FlexNetId: 50533650,FlexNet900,930.5375 MHz,39,901.8375 MHz
47789,true,,BUCKINGH-351RM5,RTM II+,No,FlexNet,Enabled,4110005,No,2026-07-29 09:15:20.034,Normal,2020-08-13 09:23:44.953,2025-09-17 10:00:45.000,No,40.415,-75.116,FlexNetId: 50530628,FlexNet900,930.5125 MHz,30,901.8375 MHz
42734,true,,TACONY-133RM2,RTM II+,No,FlexNet,Enabled,4110005,No,2026-07-29 09:18:42.969,Normal,2018-05-11 12:14:05.745,2025-09-17 09:41:27.000,No,40.028,-75.044,FlexNetId: 50408184,FlexNet900,930.5375 MHz,45,901.8875 MHz
42489,true,,CRESCENT-141S1,RTM II+,No,FlexNet,Enabled,4110005,No,2026-07-29 09:19:22.651,Normal,2018-03-26 15:42:33.637,2025-09-17 09:44:00.000,No,40.041,-75.103,FlexNetId: 50408626,FlexNet900,930.5125 MHz,56,901.8875 MHz
44505,true,,BLUEGRAS-133RM1,RTM II+,No,FlexNet,Enabled,4110005,No,2026-07-29 09:13:03.280,Normal,2019-01-10 14:49:16.550,2025-09-17 10:00:48.000,No,40.093469,-75.050961,FlexNetId: 50409891,FlexNet900,930.5375 MHz,28,901.8625 MHz
52204,true,,PULASKI-132RM1,RTM II+,No,FlexNet,Enabled,4110005,No,2026-07-29 09:07:52.024,Normal,2023-06-07 07:36:05.753,2025-09-17 09:50:18.000,No,40.03218,-75.16952,FlexNetId: 50532094,FlexNet900,930.5125 MHz,33,901.8375 MHz
48140,true,,WOODBOUR-353RM3,RTM II+,No,FlexNet,Enabled,4110005,No,2026-07-29 09:19:27.407,Normal,2020-09-22 09:17:09.499,2025-09-17 10:06:09.000,No,40.194778,-74.966574,FlexNetId: 50530303,FlexNet900,930.5375 MHz,28,901.8375 MHz
43281,true,,CRESCENT-131T321,RTM II+,No,FlexNet,Enabled,4110005,No,2026-07-29 09:11:04.829,Normal,2018-12-07 14:59:08.568,2025-09-17 09:28:12.000,No,40.050545,-75.102482,FlexNetId: 50408699,FlexNet900,930.5125 MHz,20,901.8375 MHz
43601,true,,LINTON-351R3,RTM II+,No,FlexNet,Enabled,4110005,No,2026-07-29 09:19:30.971,Normal,2018-10-30 14:16:54.276,2025-09-17 09:42:25.000,No,40.287862,-74.879412,FlexNetId: 50408742,FlexNet900,930.5375 MHz,58,901.8375 MHz
45538,true,,UNIVERSI-131S2,RTM II+,No,FlexNet,Enabled,4110005,No,2026-07-29 09:08:37.558,Normal,2019-03-06 17:48:50.248,2025-09-17 10:20:24.000,No,39.964,-75.244,FlexNetId: 50410327,FlexNet900,930.5375 MHz,27,901.8625 MHz
51902,true,,LINE-2330RM1,RTM II+,No,FlexNet,Enabled,4110005,No,2026-07-29 09:20:49.820,Normal,2023-02-20 07:48:34.004,2025-09-17 09:49:43.000,No,40.0749,-75.1841,FlexNetId: 50532935,FlexNet900,930.5125 MHz,23,901.8375 MHz
48154,true,,COLWYN-133T792,RTM II+,No,FlexNet,Enabled,4110005,No,2026-07-29 09:19:53.173,Normal,2020-09-22 09:17:11.228,2025-09-17 09:55:20.000,No,39.9181,-75.2567,FlexNetId: 50530002,FlexNet900,930.5125 MHz,38,901.8625 MHz
45531,true,,CHICHEST-133S3,RTM II+,No,FlexNet,Enabled,4110005,No,2026-07-29 09:19:14.047,Normal,2019-03-06 17:48:47.263,2025-09-17 10:06:15.000,No,39.82767,-75.42172,FlexNetId: 50410318,FlexNet900,930.5125 MHz,44,901.8375 MHz
52306,true,,WANEETA-133S2,RTM II+,No,FlexNet,Enabled,4110005,No,2026-07-29 09:20:49.721,Normal,2023-08-11 08:02:54.094,2025-09-17 09:28:33.000,No,39.98704,-75.1259,FlexNetId: 50533402,FlexNet900,930.5125 MHz,51,901.8375 MHz
45003,true,,LINE-2241S2,RTM II+,No,FlexNet,Enabled,4110005,No,2026-07-29 09:15:27.385,Normal,2019-02-14 09:40:06.281,2025-09-17 10:17:51.000,No,39.965,-75.172,FlexNetId: 50409813,FlexNet900,930.5375 MHz,39,901.8625 MHz
45056,true,,WOODBOUR-351RS3,RTM II+,No,FlexNet,Enabled,4110005,No,2026-07-29 09:17:11.007,Normal,2019-02-14 09:40:23.438,2025-09-17 10:04:30.000,No,40.231,-74.908,FlexNetId: 50409280,FlexNet900,930.5375 MHz,24,901.8375 MHz
49458,true,,FOXCHASE-135T701,RTM II+,No,FlexNet,Enabled,4110005,No,2026-07-29 09:11:49.383,Normal,2021-06-18 09:03:14.238,2025-09-17 09:51:51.000,No,40.0463,-75.0624,FlexNetId: 50531547,FlexNet900,930.5125 MHz,36,901.8875 MHz
46705,true,Activated,GLADWYNE-132T524,RTM II+,No,Verizon,Not Applicable,4110005,No,2026-07-29 09:15:09.845,Normal,2020-01-05 21:20:23.057,,,40.03,-75.298,IMEI: 353238061364294,Cell_LE910_VER,,-63,
46705,true,Activated,GLADWYNE-132T524,RTM II+,No,Verizon,Not Applicable,4110005,No,2026-07-29 09:15:09.845,Normal,2020-01-05 21:20:23.057,,,40.03,-75.298,ICCID: 89148000002339043710,Cell_LE910_VER,,-63,
53699,true,,HEATON-139RM2,RTMx,No,FlexNet,Enabled,4110005,No,2026-07-29 09:07:19.609,Normal,2024-08-27 14:47:32.585,2025-09-17 12:32:11.000,No,40.1643,-75.1081,FlexNetId: 50480503,FlexNet900K24,930.5125 MHz,62,901.8375 MHz
30225,true,,BUCKINGH-346RM1,RTM II+,No,FlexNet,Enabled,4110005,No,2026-07-29 09:16:35.588,Normal,2014-08-26 10:57:34.677,2025-09-17 09:51:52.000,No,40.3888,-75.1714,FlexNetId: 50402102,FlexNet900,930.5125 MHz,70,901.8625 MHz
49472,true,,BUCKINGH-362RM1,RTM II+,No,FlexNet,Enabled,4110005,No,2026-07-29 09:06:11.631,Normal,2021-06-18 09:04:27.849,2025-09-17 10:06:16.000,No,40.3552,-75.093,FlexNetId: 50531568,FlexNet900,930.5125 MHz,29,901.8375 MHz
53866,true,,NEWLINVI-343RM2,RTM II+,No,FlexNet,Enabled,4110005,No,2026-07-29 09:15:18.166,Normal,2024-07-24 10:25:09.030,2025-09-17 12:31:24.000,No,40.0153,-75.791,FlexNetId: 50534233,FlexNet900,930.5125 MHz,31,901.8375 MHz
49282,true,,MASTER-143S4,RTM II+,No,FlexNet,Enabled,4110005,No,2026-07-29 09:16:33.544,Normal,2021-04-18 10:04:18.085,2025-09-17 09:59:40.000,No,39.97,-75.169,FlexNetId: 50531017,FlexNet900,930.5375 MHz,26,901.8375 MHz
48293,true,,BALA-135RM1,RTM II+,No,FlexNet,Enabled,4110005,No,2026-07-29 09:06:32.616,Normal,2020-09-25 11:34:15.022,2025-09-17 09:29:15.000,No,40.0073,-75.2328,FlexNetId: 50530050,FlexNet900,930.5125 MHz,31,901.8375 MHz
52433,true,,NORWALES-366RM2,RTM II+,No,FlexNet,Enabled,4110005,No,2026-07-29 09:12:02.033,Normal,2023-09-12 09:07:31.139,2025-09-17 09:33:32.000,No,40.27258,-75.24945,FlexNetId: 50533375,FlexNet900,930.5125 MHz,17,901.8375 MHz
45032,true,,ELMWOOD-133S3,RTM II+,No,FlexNet,Enabled,4110005,No,2026-07-29 09:15:31.574,Normal,2019-02-14 09:40:15.306,2025-09-17 10:02:16.000,No,39.926726,-75.235449,FlexNetId: 50409376,FlexNet900,930.5375 MHz,42,901.8625 MHz
45930,true,,PACKER-135T563,RTM II+,No,FlexNet,Enabled,4110005,No,2026-07-29 09:11:29.861,Normal,2019-06-04 09:36:06.162,2025-09-17 09:59:01.000,No,39.923,-75.162,FlexNetId: 50410907,FlexNet900,930.5375 MHz,33,901.8625 MHz
45628,true,,BYBERRY-160S1,RTM II+,No,FlexNet,Enabled,4110005,No,2026-07-29 09:20:30.108,Normal,2019-04-04 14:19:55.487,2025-09-17 10:13:04.000,No,40.123,-75,FlexNetId: 50410261,FlexNet900,930.5375 MHz,64,901.8375 MHz
47779,true,,LENAPE-351RM5,RTM II+,No,FlexNet,Enabled,4110005,No,2026-07-29 09:18:39.536,Normal,2020-08-13 09:23:44.628,2025-09-17 09:58:14.000,No,39.85912,-75.64566,FlexNetId: 50530687,FlexNet900,930.5125 MHz,27,901.8875 MHz
45095,true,,BLUEGRAS-135RM1,RTM II+,No,FlexNet,Enabled,4110005,No,2026-07-29 09:13:54.197,Normal,2019-02-14 09:40:36.357,2025-09-17 09:54:53.000,No,40.098,-75.03,FlexNetId: 50410095,FlexNet900,930.5375 MHz,24,901.8625 MHz
47753,true,,LINE-1060T803,RTM II+,No,FlexNet,Enabled,4110005,No,2026-07-29 09:07:06.407,Normal,2020-08-13 09:23:40.044,2025-09-17 09:51:00.000,No,40.028822,-75.161623,FlexNetId: 50530568,FlexNet900,930.5125 MHz,37,901.8375 MHz
45037,true,,ANGORA-131T419,RTM II+,No,FlexNet,Enabled,4110005,No,2026-07-29 09:18:18.476,Normal,2019-02-14 09:40:17.033,2025-09-17 10:16:33.000,No,39.955,-75.238,FlexNetId: 50409023,FlexNet900,930.5375 MHz,27,901.8375 MHz
50703,true,,JENKINTO-143T957,RTM II+,No,FlexNet,Enabled,4110005,No,2026-07-29 09:20:40.384,Normal,2022-03-08 10:56:45.144,2025-09-17 10:00:48.000,No,40.082,-75.1182,FlexNetId: 50532184,FlexNet900,930.5125 MHz,22,901.8375 MHz
45521,true,,PACKER-131T573,RTM II+,No,FlexNet,Enabled,4110005,No,2026-07-29 09:10:41.903,Normal,2019-03-06 17:48:43.066,2025-09-17 09:54:56.000,No,39.92,-75.158,FlexNetId: 50410291,FlexNet900,930.5375 MHz,41,901.8875 MHz
29757,true,,LINE-708T634,RTM II+,No,FlexNet,Enabled,4110005,No,2026-07-29 09:18:34.153,Normal,2020-03-05 13:44:26.958,2025-09-17 10:02:16.000,No,40.001,-75.072,FlexNetId: 50401992,FlexNet900,930.5375 MHz,30,901.8375 MHz
54208,true,,WOODBOUR-341RM1,RTMx,No,FlexNet,Enabled,4110005,No,2026-07-29 09:13:56.118,Normal,2024-10-17 09:54:33.072,2025-09-17 09:33:31.000,No,40.2056072,-74.8665552,FlexNetId: 50480780,FlexNet900K24,930.5125 MHz,21,901.8375 MHz
46736,true,,LINE-2327RM1,RTM II+,No,FlexNet,Enabled,4110005,No,2026-07-29 09:13:44.331,Normal,2019-12-12 09:46:37.062,2025-09-17 09:55:21.000,No,40.03,-75.228,FlexNetId: 50530466,FlexNet900,930.5125 MHz,34,901.8875 MHz
43657,true,,MACDADE-138T502,RTM II+,No,FlexNet,Enabled,4110005,No,2026-07-29 09:14:03.899,Normal,2018-10-05 14:49:21.745,2025-09-17 09:46:04.000,No,39.895,-75.292,FlexNetId: 50408862,FlexNet900,930.5125 MHz,30,901.8375 MHz
43054,true,,LINE-14900S1,RTM II+,No,FlexNet,Enabled,4110005,No,2026-07-29 09:12:06.152,Normal,2018-07-17 13:23:25.863,2025-09-17 09:44:37.000,No,39.794509,-75.964209,FlexNetId: 50408245,FlexNet900,930.5125 MHz,59,901.8875 MHz
46740,true,,BROOMALL-136T442,RTM II+,No,FlexNet,Enabled,4110005,No,2026-07-29 09:10:38.798,Normal,2019-12-12 09:46:22.213,2025-09-17 10:02:18.000,No,39.984459,-75.358035,FlexNetId: 50530469,FlexNet900,930.5125 MHz,29,901.8875 MHz
54207,true,,UPPRPROV-344T242,RTMx,No,FlexNet,Enabled,4110005,No,2026-07-29 09:15:34.476,Normal,2024-10-17 09:54:32.891,2025-09-17 09:33:34.000,No,40.21825,-75.54414,FlexNetId: 50480998,FlexNet900K24,930.5125 MHz,7,901.8375 MHz
49601,true,,LINTON-352T895,RTM II+,No,FlexNet,Enabled,4110005,No,2026-07-29 09:10:11.261,Normal,2021-07-29 10:17:56.756,2025-09-17 09:55:17.000,No,40.2021,-75.0223,FlexNetId: 50531491,FlexNet900,930.5375 MHz,21,901.8375 MHz
45320,true,,FOXCHASE-139T353,RTM II+,No,FlexNet,Enabled,4110005,No,2026-07-29 09:06:29.835,Normal,2019-04-03 08:29:42.696,2025-09-17 09:55:42.000,No,40.074,-75.054,FlexNetId: 50410050,FlexNet900,930.5125 MHz,46,901.8375 MHz
44743,true,,TUNA-131T383,RTM II+,No,FlexNet,Enabled,4110005,No,2026-07-29 09:15:35.575,Normal,2019-02-12 11:17:19.089,2025-09-17 10:13:08.000,No,39.964,-75.143,FlexNetId: 50409605,FlexNet900,930.5375 MHz,20,901.8875 MHz
45386,true,,BUCKINGH-371S1,RTM II+,No,FlexNet,Enabled,4110005,No,2026-07-29 09:15:55.816,Normal,2019-10-15 10:45:49.810,2024-10-10 10:21:22.000,No,40.336899,-75.083541,FlexNetId: 50410387,FlexNet900,930.5375 MHz,20,901.8875 MHz
44211,true,,LINE-5600S1,RTM II+,No,FlexNet,Enabled,4110005,No,2026-07-29 09:20:05.013,Normal,2018-12-13 17:09:17.665,2025-09-17 09:59:38.000,No,40.04294,-75.53031,FlexNetId: 50409410,FlexNet900,930.5125 MHz,39,901.8875 MHz
49176,true,,MASTER-132S2,RTM II+,No,FlexNet,Enabled,4110005,No,2026-07-29 09:17:42.980,Normal,2021-03-14 09:57:06.567,2025-09-17 10:08:47.000,No,39.9823,-75.1764,FlexNetId: 50530961,FlexNet900,930.5375 MHz,37,901.8875 MHz
53498,true,,CEDARBRO-136RM1,RTM II+,No,FlexNet,Enabled,4110005,No,2026-07-29 09:18:48.476,Normal,2024-06-07 13:16:43.328,2025-09-17 12:35:06.000,No,40.0902,-75.1824,FlexNetId: 50534181,FlexNet900,930.5125 MHz,27,901.8375 MHz
45518,true,,BUCKINGH-343R4,RTM II+,No,FlexNet,Enabled,4110005,No,2026-07-29 09:20:07.684,Normal,2019-03-06 17:48:41.841,2025-09-17 09:56:46.000,No,40.266,-74.956,FlexNetId: 50410290,FlexNet900,930.5375 MHz,25,901.8625 MHz
33062,true,,LINTON-343R3,RTM II+,No,FlexNet,Enabled,4110005,No,2026-07-29 09:15:41.177,Normal,2014-12-18 14:56:31.630,2025-09-17 10:13:01.000,No,40.222,-74.934,FlexNetId: 50403496,FlexNet900,930.5125 MHz,75,901.8875 MHz
44364,true,,BRADFORD-346S2,RTM II+,No,FlexNet,Enabled,4110005,No,2026-07-29 09:16:39.068,Normal,2019-01-03 17:07:18.170,2025-09-17 09:46:02.000,No,39.891284,-75.721513,FlexNetId: 50409402,FlexNet900,930.5375 MHz,24,901.8625 MHz
43700,true,,MIDDLETO-132T372,RTM II+,No,FlexNet,Enabled,4110005,No,2026-07-29 09:20:05.817,Normal,2018-10-30 14:17:10.705,2025-09-17 09:30:20.000,No,39.9188,-75.3873,FlexNetId: 50408893,FlexNet900,930.5125 MHz,31,901.8625 MHz
50803,true,,CALLOWHI-132S3,RTM II+,No,FlexNet,Enabled,4110005,No,2026-07-29 09:17:18.205,Normal,2022-04-21 10:25:54.059,2025-09-17 09:28:32.000,No,39.96978,-75.17645,FlexNetId: 50532192,FlexNet900,930.5125 MHz,40,901.8375 MHz
48275,true,,ISLANDRD-131RMP3,RTM II+,No,FlexNet,Enabled,4110005,No,2026-07-29 09:17:52.237,Normal,2020-09-25 11:34:11.667,2025-09-17 09:57:54.000,No,39.9045,-75.2489,FlexNetId: 50530482,FlexNet900,930.5375 MHz,37,901.8625 MHz
52164,true,,PERKIOME-363R2,RTM II+,No,FlexNet,Enabled,4110005,No,2026-07-29 09:10:16.997,Normal,2023-05-12 07:47:57.557,2025-09-17 09:50:16.000,No,40.33215,-75.46039,FlexNetId: 50532095,FlexNet900,930.5375 MHz,51,901.8375 MHz
53716,true,,LINE-3308R1,RTMx,No,FlexNet,Enabled,4110005,No,2026-07-29 09:20:42.134,Normal,2024-08-27 14:51:15.810,2025-09-17 12:32:14.000,No,39.7450724,-76.0218388,FlexNetId: 50480627,FlexNet900K24,930.5125 MHz,19,901.8375 MHz
42869,true,,FOXCHASE-131RM1,RTM II+,No,FlexNet,Enabled,4110005,No,2026-07-29 09:10:43.859,Normal,2018-06-07 14:18:04.625,2025-09-17 09:30:42.000,No,40.067765,-75.081099,FlexNetId: 50408182,FlexNet900,930.5375 MHz,48,901.8625 MHz
45555,true,,EDDYSTON-132T507,RTM II+,No,FlexNet,Enabled,4110005,No,2026-07-29 09:06:38.451,Normal,2019-03-06 17:48:56.552,2025-09-17 10:10:00.000,No,39.869,-75.33806,FlexNetId: 50410288,FlexNet900,930.5125 MHz,33,901.8375 MHz
33089,true,,EDDYSTON-137T208,RTM II+,No,FlexNet,Enabled,4110005,No,2026-07-29 09:11:04.967,Normal,2017-02-23 09:20:29.197,2025-09-17 10:00:02.000,No,39.8318165,-75.3931869,FlexNetId: 50403815,FlexNet900,930.5375 MHz,57,901.8625 MHz
50896,true,,LINE-2409RS2,RTM II+,No,FlexNet,Enabled,4110005,No,2026-07-29 09:15:51.484,Normal,2022-06-23 10:26:08.131,2025-09-17 10:21:24.000,No,39.93766,-75.15847,FlexNetId: 50532170,FlexNet900,930.5125 MHz,40,901.8875 MHz
45464,true,,MORTON-132T424,RTM II+,No,FlexNet,Enabled,4110005,No,2026-07-29 09:15:37.208,Normal,2019-03-06 17:48:20.365,2025-09-17 09:55:40.000,No,39.89,-75.348,FlexNetId: 50410277,FlexNet900,930.5125 MHz,29,901.8375 MHz
49180,true,,CALLOWHI-133S3,RTM II+,No,FlexNet,Enabled,4110005,No,2026-07-29 09:18:31.304,Normal,2021-03-14 09:56:51.496,2025-09-17 10:09:53.000,No,39.9666,-75.1674,FlexNetId: 50531268,FlexNet900,930.5375 MHz,48,901.8375 MHz
42699,true,,BYBERRY-132T207,RTM II+,No,FlexNet,Enabled,4110005,No,2026-07-29 09:11:50.436,Normal,2018-05-03 20:30:47.036,2025-09-17 09:42:28.000,No,40.155193,-75.067677,FlexNetId: 50408274,FlexNet900,930.5125 MHz,21,901.8375 MHz
47685,true,,NORWALES-353RS3,RTM II+,No,FlexNet,Enabled,4110005,No,2026-07-29 09:20:05.855,Normal,2020-08-15 21:35:18.799,2025-09-17 10:05:15.000,No,40.1604,-75.3282,FlexNetId: 50530513,FlexNet900,930.5125 MHz,29,901.8375 MHz
42947,true,,BUCKINGH-346T231,RTM II+,No,FlexNet,Enabled,4110005,No,2026-07-29 09:16:24.926,Normal,2018-07-17 13:22:48.283,2025-09-17 10:00:29.000,No,40.3692397,-75.1438976,FlexNetId: 50408098,FlexNet900,930.5375 MHz,52,901.8375 MHz
52286,true,,BUCKINGH-362T986,RTM II+,No,FlexNet,Enabled,4110005,No,2026-07-29 09:20:31.790,Normal,2023-07-20 10:28:15.677,2025-09-17 09:30:41.000,No,40.352853,-75.039534,FlexNetId: 50533149,FlexNet900,930.5125 MHz,41,901.8375 MHz
49174,true,,CALLOWHI-136T796,RTM II+,No,FlexNet,Enabled,4110005,No,2026-07-29 09:07:23.459,Normal,2021-03-14 09:57:01.641,2025-09-17 10:06:18.000,No,39.9635,-75.1563,FlexNetId: 50531232,FlexNet900,930.5125 MHz,30,901.8625 MHz
47619,true,,SAVILLE-131T670,RTM II+,No,FlexNet,Enabled,4110005,No,2026-07-29 09:15:50.343,Normal,2020-05-26 12:40:29.285,2025-09-17 09:55:21.000,No,39.8599,-75.3427,FlexNetId: 50530833,FlexNet900,930.5375 MHz,34,901.8625 MHz
49302,true,,UPLAND-161RM1,RTM II+,No,FlexNet,Enabled,4110005,No,2026-07-29 09:13:21.568,Normal,2021-04-18 10:04:12.332,2025-09-17 10:08:45.000,No,39.9775,-75.2276,FlexNetId: 50531181,FlexNet900,930.5375 MHz,37,901.8875 MHz
45575,true,,HARMONY-007RS1,RTM II+,No,FlexNet,Enabled,4110005,No,2026-07-29 09:19:31.437,Normal,2019-03-06 17:49:03.927,2025-09-17 09:56:03.000,No,39.953,-75.606,FlexNetId: 50410324,FlexNet900,930.5125 MHz,41,901.8375 MHz
45165,true,,NEWLINVI-341T354,RTM II+,No,FlexNet,Enabled,4110005,No,2026-07-29 09:09:49.456,Normal,2019-02-19 09:15:44.391,2025-09-17 10:16:29.000,No,39.9987,-75.7462,FlexNetId: 50410209,FlexNet900,930.5125 MHz,15,901.8375 MHz
51472,true,,RICHMOND-131RM1,RTM II+,No,FlexNet,Enabled,4110005,No,2026-07-29 09:08:24.931,Normal,2022-10-17 08:46:51.043,2025-09-17 09:53:04.000,No,39.9939,-75.0992,FlexNetId: 50532330,FlexNet900,930.5125 MHz,32,901.8375 MHz
52887,true,,LINE-505T970,RTM II+,No,FlexNet,Enabled,4110005,No,2026-07-29 09:09:37.317,Normal,2023-12-11 09:23:23.949,2025-09-17 09:44:14.000,No,39.9763157,-75.1272746,FlexNetId: 50533232,FlexNet900,930.5125 MHz,20,901.8375 MHz
50797,true,,LINE-7500T874,RTM II+,No,FlexNet,Enabled,4110005,No,2026-07-29 09:16:11.085,Normal,2022-04-21 10:25:52.896,2025-09-17 10:00:26.000,No,39.988,-75.5535,FlexNetId: 50532191,FlexNet900,930.5125 MHz,23,901.8375 MHz
44666,true,,BYBERRY-162S3,RTM II+,No,FlexNet,Enabled,4110005,No,2026-07-29 09:09:41.047,Normal,2019-02-12 11:16:43.242,2025-09-17 09:57:58.000,No,40.148,-74.978,FlexNetId: 50409896,FlexNet900,930.5125 MHz,25,901.8875 MHz
53384,true,,LINE-2677RM1,RTM II+,No,FlexNet,Enabled,4110005,No,2026-07-29 09:12:42.092,Normal,2024-04-21 22:04:42.611,2025-09-17 10:17:04.000,No,39.96462,-75.210753,FlexNetId: 50533829,FlexNet900,930.5125 MHz,22,901.8375 MHz
52786,true,,NORWALES-346T1263,RTM II+,No,FlexNet,Enabled,4110005,No,2026-07-29 09:16:34.486,Normal,2023-11-20 12:14:05.565,2025-09-17 09:33:02.000,No,40.21005,-75.23209,FlexNetId: 50533603,FlexNet900,930.5125 MHz,34,901.8375 MHz
42082,true,,CRESCENT-137RM2,RTM II+,No,FlexNet,Enabled,4110005,No,2026-07-29 09:20:49.833,Normal,2018-03-26 15:47:35.838,2025-09-17 10:00:01.000,No,40.044538,-75.097386,FlexNetId: 50408565,FlexNet900,930.5375 MHz,61,901.8625 MHz
49868,true,,LLANERCH-141RM2,RTM II+,No,FlexNet,Enabled,4110005,No,2026-07-29 09:12:02.644,Normal,2021-10-05 10:06:01.393,2025-09-17 09:50:42.000,No,39.9772,-75.3345,FlexNetId: 50531702,FlexNet900,930.5125 MHz,28,901.8375 MHz
53622,true,,HEATON-139T277,RTMx,No,FlexNet,Enabled,4110005,No,2026-07-29 09:09:14.282,Normal,2024-08-27 14:43:03.288,2024-10-27 10:15:10.000,No,40.172677,-75.085124,FlexNetId: 50480535,FlexNet900K24,930.5375 MHz,33,901.8875 MHz
46997,true,,WARRINGT-346T897,RTM II+,No,FlexNet,Enabled,4110005,No,2026-07-29 09:17:19.804,Normal,2020-01-05 21:03:51.021,2025-09-17 09:44:39.000,No,40.228,-75.139,FlexNetId: 50530230,FlexNet900,930.5125 MHz,42,901.8375 MHz
52248,true,,FOXCHASE-137T1067,RTM II+,No,FlexNet,Enabled,4110005,No,2026-07-29 09:16:31.710,Normal,2023-06-15 07:26:25.919,2025-09-17 09:30:39.000,No,40.0800484,-75.0786751,FlexNetId: 50533143,FlexNet900,930.5125 MHz,38,901.8375 MHz
53885,true,Activated,LINE-800RM3,RTM II+,No,Verizon,Not Applicable,4110005,No,2026-07-29 09:15:58.813,Normal,2024-08-14 20:29:02.331,,,40.093,-75.582,IMEI: 354595119585157,Cell_LE910_VER,,-79,
53885,true,Activated,LINE-800RM3,RTM II+,No,Verizon,Not Applicable,4110005,No,2026-07-29 09:15:58.813,Normal,2024-08-14 20:29:02.331,,,40.093,-75.582,ICCID: 89148000006394056152,Cell_LE910_VER,,-79,
47688,true,,PERKIOME-342RS3,RTM II+,No,FlexNet,Enabled,4110005,No,2026-07-29 09:18:28.588,Normal,2020-08-15 21:35:19.513,2025-09-17 10:05:16.000,No,40.289,-75.4,FlexNetId: 50530821,FlexNet900,930.5375 MHz,28,901.8625 MHz
43004,true,,GOSHEN-352RS5,RTM II+,No,FlexNet,Enabled,4110005,No,2026-07-29 09:19:18.587,Normal,2018-07-17 13:23:08.142,2025-09-17 09:28:14.000,No,39.95414,-75.51368,FlexNetId: 50408096,FlexNet900,930.5125 MHz,13,901.8875 MHz
43888,true,,JENKINTO-131S1,RTM II+,No,FlexNet,Enabled,4110005,No,2026-07-29 09:13:16.702,Normal,2018-11-13 10:03:13.968,2025-09-17 09:45:19.000,No,40.075675,-75.127723,FlexNetId: 50409181,FlexNet900,930.5375 MHz,53,901.8625 MHz
50790,true,,HEATON-164R2,RTM II+,No,FlexNet,Enabled,4110005,No,2026-07-29 09:17:50.841,Normal,2022-04-21 10:14:45.814,2025-09-17 09:29:40.000,No,40.1841,-75.0423,FlexNetId: 50531922,FlexNet900,930.5125 MHz,36,901.8375 MHz
53695,true,,LINE-2682T1095,RTMx,No,FlexNet,Enabled,4110005,No,2026-07-29 09:16:54.587,Normal,2024-08-27 14:47:32.146,2025-09-17 12:35:07.000,No,39.95768,-75.21255,FlexNetId: 50480609,FlexNet900K24,930.5125 MHz,47,901.8375 MHz
54105,true,,MARKLEY-133T157,RTMx,Yes,FlexNet,Enabled,4110005,No,2026-07-29 09:12:37.931,Normal,2024-10-17 10:05:38.874,2025-09-17 09:33:34.000,No,40.1244949,-75.3309476,FlexNetId: 50480682,FlexNet900K24,930.5125 MHz,48,901.8375 MHz
49209,true,Activated,LENAPE-341T690,RTM II+,No,Verizon,Not Applicable,4110005,No,2026-07-29 09:18:25.615,Normal,2021-03-19 08:35:36.158,,,39.85243,-75.69702,IMEI: 351862103771166,Cell_LE910_VER,,-55,
49209,true,Activated,LENAPE-341T690,RTM II+,No,Verizon,Not Applicable,4110005,No,2026-07-29 09:18:25.615,Normal,2021-03-19 08:35:36.158,,,39.85243,-75.69702,ICCID: 89148000006394057952,Cell_LE910_VER,,-55,
54171,true,,PERKIOME-342RS5,RTMx,No,FlexNet,Enabled,4110005,No,2026-07-29 09:11:39.257,Normal,2024-10-17 09:54:28.508,2025-09-17 09:33:32.000,No,40.276934,-75.390698,FlexNetId: 50480852,FlexNet900K24,930.5125 MHz,44,901.8375 MHz
53718,true,,HEATON-148RM1,RTMx,No,FlexNet,Enabled,4110005,No,2026-07-29 09:20:13.724,Normal,2024-08-27 14:51:16.302,2025-09-17 12:32:13.000,No,40.175,-75.111,FlexNetId: 50480613,FlexNet900K24,930.5125 MHz,34,901.8375 MHz
43899,true,,JENKINTO-144S2,RTM II+,No,FlexNet,Enabled,4110005,No,2026-07-29 09:11:43.767,Normal,2018-11-13 10:03:17.535,2025-09-17 09:46:04.000,No,40.105416,-75.159369,FlexNetId: 50409052,FlexNet900,930.5125 MHz,18,901.8375 MHz
49556,true,,BUCKINGH-342T833,RTM II+,No,FlexNet,Enabled,4110005,No,2026-07-29 09:13:42.737,Normal,2021-07-22 09:40:39.919,2025-09-17 10:16:27.000,No,40.3078,-75.0373,FlexNetId: 50531313,FlexNet900,930.5375 MHz,22,901.8375 MHz
52874,true,,TABOR-133T1083,RTM II+,No,FlexNet,Enabled,4110005,No,2026-07-29 09:12:19.036,Normal,2023-12-11 09:22:28.210,2025-09-17 10:17:07.000,No,40.0322069,-75.1388868,FlexNetId: 50533300,FlexNet900,930.5125 MHz,25,901.8375 MHz
52403,true,,FOXCHASE-141RM1,RTM II+,No,FlexNet,Enabled,4110005,No,2026-07-29 09:19:34.357,Normal,2023-08-11 08:45:13.814,2025-09-17 12:41:10.000,No,40.084,-75.062,FlexNetId: 50533381,FlexNet900,930.5125 MHz,17,901.8375 MHz
54164,true,,LINE-5100T180,RTMx,No,FlexNet,Enabled,4110005,No,2026-07-29 09:19:03.544,Normal,2024-10-17 09:54:27.500,2025-09-17 12:31:21.000,No,40.000289,-75.587983,FlexNetId: 50480846,FlexNet900K24,930.5125 MHz,36,901.8375 MHz
45122,true,,FOXCHASE-132RM2,RTM II+,No,FlexNet,Enabled,4110005,No,2026-07-29 09:19:20.771,Normal,2019-02-14 09:40:46.214,2025-09-17 10:17:52.000,No,40.063,-75.058,FlexNetId: 50410031,FlexNet900,930.5125 MHz,35,901.8625 MHz
43796,true,,PERKIOME-342S3,RTM II+,No,FlexNet,Enabled,4110005,No,2026-07-29 09:14:04.972,Normal,2019-02-01 15:06:34.661,2025-09-17 09:28:13.000,No,40.2184,-75.41945,FlexNetId: 50409092,FlexNet900,930.5125 MHz,37,901.8375 MHz
53908,true,,MOSER-342RM5,RTMx,No,FlexNet,Enabled,4110005,No,2026-07-29 09:17:01.115,Normal,2024-09-06 10:53:33.252,2025-09-17 12:31:20.000,No,40.2562291,-75.6160879,FlexNetId: 50480649,FlexNet900K24,930.5125 MHz,29,901.8375 MHz
51244,true,,BYBERRY-131T911,RTM II+,No,FlexNet,Enabled,4110005,No,2026-07-29 09:06:13.091,Normal,2022-08-03 07:45:09.252,2025-09-17 09:50:17.000,No,40.178664,-74.8801135,FlexNetId: 50532742,FlexNet900,930.5125 MHz,39,901.8375 MHz
45352,true,,NORWALES-371RM1,RTM II+,No,FlexNet,Enabled,4110005,No,2026-07-29 09:17:49.710,Normal,2019-04-03 08:29:53.494,2025-09-17 10:13:01.000,No,40.242418,-75.24143,FlexNetId: 50409963,FlexNet900,930.5125 MHz,48,901.8875 MHz
45140,true,,TUNA-131S2,RTM II+,No,FlexNet,Enabled,4110005,No,2026-07-29 09:19:24.482,Normal,2019-02-19 09:15:34.763,2025-09-17 10:17:52.000,No,39.9662,-75.14513,FlexNetId: 50410034,FlexNet900,930.5375 MHz,29,901.8875 MHz
50476,true,,BURHOLME-135T78,RTM II+,No,FlexNet,Enabled,4110005,No,2026-07-29 09:09:19.703,Normal,2021-12-13 09:53:17.261,2025-09-17 09:28:10.000,No,40.05062,-75.09676,FlexNetId: 50531895,FlexNet900,930.5125 MHz,30,901.8375 MHz
50708,true,,LINE-2787RS2,RTM II+,No,FlexNet,Enabled,4110005,No,2026-07-29 09:18:40.864,Normal,2022-03-09 10:11:06.900,2025-09-17 10:00:27.000,No,39.951,-75.223,FlexNetId: 50532185,FlexNet900,930.5125 MHz,61,901.8875 MHz
51831,true,,LOCK-342T818,RTM II+,No,FlexNet,Enabled,4110005,No,2026-07-29 09:10:39.488,Normal,2023-01-12 09:19:26.300,2025-09-17 10:21:24.000,No,40.24314,-75.64262,FlexNetId: 50532938,FlexNet900,930.5125 MHz,51,901.8375 MHz
42092,true,,BUCKINGH-354T184,RTM II+,No,FlexNet,Enabled,4110005,No,2026-07-29 09:10:05.812,Normal,2018-03-26 15:47:40.614,2025-09-17 09:44:59.000,No,40.272436,-75.128831,FlexNetId: 50408391,FlexNet900,930.5125 MHz,32,901.8625 MHz
51279,true,,LENAPE-343RS1,RTM II+,No,FlexNet,Enabled,4110005,No,2026-07-29 09:10:20.703,Normal,2022-08-25 07:54:40.543,2025-09-17 09:51:02.000,No,39.9429,-75.5806,FlexNetId: 50532514,FlexNet900,930.5125 MHz,41,901.8875 MHz
53676,true,,FALLS-343R1,RTMx,No,FlexNet,Enabled,4110005,No,2026-07-29 09:18:29.339,Normal,2024-08-27 14:45:44.210,2025-09-17 12:33:19.000,No,40.1847,-74.7888,FlexNetId: 50480550,FlexNet900K24,930.5125 MHz,43,901.8375 MHz
44532,true,,LINE-300T110,RTM II+,No,FlexNet,Enabled,4110005,No,2026-07-29 09:07:38.122,Normal,2019-02-07 15:36:02.768,2025-09-17 10:04:19.000,No,40.129322,-75.565444,FlexNetId: 50409644,FlexNet900,930.5125 MHz,56,901.8375 MHz
44334,true,,BRADFORD-343T16,RTM II+,No,FlexNet,Enabled,4110005,No,2026-07-29 09:07:14.936,Normal,2019-01-03 17:07:07.923,2025-09-17 09:46:01.000,No,39.959225,-75.617471,FlexNetId: 50409465,FlexNet900,930.5125 MHz,52,901.8625 MHz
51840,true,,BETZWOOD-341RM1,RTM II+,No,FlexNet,Enabled,4110005,No,2026-07-29 09:15:31.209,Normal,2023-01-12 09:19:27.781,2025-09-17 09:43:57.000,No,40.1174,-75.4873,FlexNetId: 50532915,FlexNet900,930.5125 MHz,53,901.8625 MHz
51799,true,,LOMBARD-131RM2,RTM II+,No,FlexNet,Enabled,4110005,No,2026-07-29 09:18:22.913,Normal,2022-11-30 08:11:07.552,2025-09-17 10:16:28.000,No,39.9335,-75.1629,FlexNetId: 50532891,FlexNet900,930.5125 MHz,34,901.8375 MHz
53711,true,,EAGLE-342S1,RTMx,No,FlexNet,Enabled,4110005,No,2026-07-29 09:06:00.182,Normal,2024-08-27 14:47:34.176,2025-09-17 10:17:12.000,No,40.1047,-75.7088,FlexNetId: 50480593,FlexNet900K24,930.5125 MHz,40,901.8375 MHz
48265,true,,BURHOLME-133S1,RTM II+,No,FlexNet,Enabled,4110005,No,2026-07-29 09:16:15.181,Normal,2020-09-25 11:34:36.060,2025-09-17 10:21:25.000,No,40.033,-75.072,FlexNetId: 50530401,FlexNet900,930.5125 MHz,61,901.8375 MHz
53911,true,,LINE-2474RM2,RTMx,No,FlexNet,Enabled,4110005,No,2026-07-29 09:19:48.534,Normal,2024-09-06 10:53:33.590,2025-09-17 09:33:34.000,No,39.93997,-75.1814,FlexNetId: 50480669,FlexNet900K24,930.5375 MHz,59,901.8625 MHz
47216,true,,LINE-708RM2,RTM II+,No,FlexNet,Enabled,4110005,No,2026-07-29 09:10:38.052,Normal,2020-02-25 09:05:55.346,2025-09-17 09:55:44.000,No,39.999,-75.075,FlexNetId: 50530851,FlexNet900,930.5125 MHz,30,901.8625 MHz
45334,true,,PACKER-131S2,RTM II+,No,FlexNet,Enabled,4110005,No,2026-07-29 09:18:55.441,Normal,2019-04-03 08:29:46.966,2025-09-17 09:30:17.000,No,39.924271,-75.154473,FlexNetId: 50410128,FlexNet900,930.5125 MHz,42,901.8375 MHz
54107,true,,UPMERION-132S2,RTMx,No,FlexNet,Enabled,4110005,No,2026-07-29 09:18:17.111,Normal,2024-10-17 10:05:39.132,2025-09-17 12:41:08.000,No,40.0539,-75.41,FlexNetId: 50480687,FlexNet900K24,930.5125 MHz,20,901.8375 MHz
51362,true,,UNIVERSI-133RM2,RTM II+,No,FlexNet,Enabled,4110005,No,2026-07-29 09:10:12.082,Normal,2022-09-21 07:54:38.035,2025-09-17 09:59:40.000,No,39.9553,-75.2066,FlexNetId: 50532625,FlexNet900,930.5125 MHz,30,901.8375 MHz
32621,true,,NORWALES-352R4,RTM II+,No,FlexNet,Enabled,4110005,No,2026-07-29 09:12:23.013,Normal,2018-04-13 09:39:00.433,2025-09-17 10:00:45.000,No,40.2283,-75.3122,FlexNetId: 50404028,FlexNet900,930.5125 MHz,23,901.8625 MHz
52409,true,,LINE-2800RM1,RTM II+,No,FlexNet,Enabled,4110005,No,2026-07-29 09:20:23.723,Normal,2023-08-15 08:49:38.144,2025-09-17 12:31:20.000,No,40.1527,-74.7665,FlexNetId: 50533355,FlexNet900,930.5125 MHz,22,901.8375 MHz
44420,true,,LINE-17500RM2,RTM II+,No,FlexNet,Enabled,4110005,No,2026-07-29 09:19:41.785,Normal,2019-01-23 11:37:42.376,2025-09-17 09:49:12.000,No,39.869864,-75.576317,FlexNetId: 50409553,FlexNet900,930.5125 MHz,11,901.8625 MHz
53365,true,,PASSYUNK-137T1229,RTM II+,No,FlexNet,Enabled,4110005,No,2026-07-29 09:19:54.841,Normal,2024-04-05 09:44:08.434,2025-09-17 10:17:06.000,No,39.9258968,-75.1630087,FlexNetId: 50533924,FlexNet900,930.5125 MHz,39,901.8375 MHz
43876,true,,NORWALES-354R1,RTM II+,No,FlexNet,Enabled,4110005,No,2026-07-29 09:17:42.444,Normal,2018-11-13 10:03:09.749,2025-09-17 09:45:19.000,No,40.2405,-75.2432,FlexNetId: 50409194,FlexNet900,930.5125 MHz,31,901.8375 MHz
49560,true,,LINE-2268RM3,RTM II+,No,FlexNet,Enabled,4110005,No,2026-07-29 09:16:27.134,Normal,2021-07-22 09:40:21.245,2025-09-17 09:51:03.000,No,39.9657,-75.1653,FlexNetId: 50531440,FlexNet900,930.5375 MHz,24,901.8375 MHz
47827,true,,LINE-374S2,RTM II+,No,FlexNet,Enabled,4110005,No,2026-07-29 09:13:41.061,Normal,2020-08-15 21:30:05.237,2025-09-17 09:51:01.000,No,39.9328,-75.156,FlexNetId: 50530542,FlexNet900,930.5125 MHz,41,901.8875 MHz
48160,true,,CROYDON-132T753,RTM II+,No,FlexNet,Enabled,4110005,No,2026-07-29 09:17:43.518,Normal,2020-09-22 09:17:12.330,2025-09-17 09:58:59.000,No,40.1086,-74.8849,FlexNetId: 50530308,FlexNet900,930.5375 MHz,32,901.8375 MHz
43192,true,,MACDADE-137RM3,RTM II+,No,FlexNet,Enabled,4110005,No,2026-07-29 09:15:28.982,Normal,2019-07-21 09:20:48.052,2025-09-17 09:55:40.000,No,39.896,-75.273,FlexNetId: 50408324,FlexNet900,930.5125 MHz,34,901.8875 MHz
43176,true,,LINE-1099S2,RTM II+,No,FlexNet,Enabled,4110005,No,2026-07-29 09:17:45.112,Normal,2018-10-02 13:29:11.033,2025-09-17 09:42:27.000,No,39.984,-75.163,FlexNetId: 50408140,FlexNet900,930.5375 MHz,35,901.8625 MHz
45463,true,,MORTON-132RS4,RTM II+,No,FlexNet,Enabled,4110005,No,2026-07-29 09:06:42.785,Normal,2019-03-06 17:48:19.999,2025-09-17 10:08:45.000,No,39.8836,-75.338,FlexNetId: 50410353,FlexNet900,930.5125 MHz,50,901.8875 MHz
50807,true,,LINTON-352RS2,RTM II+,No,FlexNet,Enabled,4110005,No,2026-07-29 09:19:53.259,Normal,2022-04-21 10:15:24.593,2025-09-17 09:49:41.000,No,40.1986,-75.009,FlexNetId: 50532195,FlexNet900,930.5375 MHz,22,901.8375 MHz
44680,true,,NEWLINVI-354RS5,RTM II+,No,FlexNet,Enabled,4110005,No,2026-07-29 09:15:42.160,Normal,2019-02-12 11:16:49.906,2025-09-17 10:13:02.000,No,39.958,-75.913,FlexNetId: 50409841,FlexNet900,930.5125 MHz,70,901.8625 MHz
45470,true,,BURHOLME-131T447,RTM II+,No,FlexNet,Enabled,4110005,No,2026-07-29 09:13:22.704,Normal,2019-03-06 17:48:22.853,2025-09-17 10:08:50.000,No,40.066,-75.063,FlexNetId: 50410349,FlexNet900,930.5125 MHz,31,901.8375 MHz
48784,true,,NEWLINVI-343RS8,RTM II+,No,FlexNet,Enabled,4110005,No,2026-07-29 09:19:10.615,Normal,2020-12-04 15:04:18.419,2025-09-17 09:51:00.000,No,40.0346,-75.7598,FlexNetId: 50530937,FlexNet900,930.5125 MHz,23,901.8375 MHz
48804,true,,LINE-2684T811,RTM II+,No,FlexNet,Enabled,4110005,No,2026-07-29 09:06:53.515,Normal,2020-12-03 12:46:31.548,2025-09-17 09:57:54.000,No,39.96,-75.188,FlexNetId: 50530898,FlexNet900,930.5375 MHz,57,901.8375 MHz
45574,true,,PERKIOME-353RS3,RTM II+,No,FlexNet,Enabled,4110005,No,2026-07-29 09:06:43.580,Normal,2019-03-06 17:49:03.543,2025-09-17 09:29:19.000,No,40.223,-75.476,FlexNetId: 50410329,FlexNet900,930.5125 MHz,30,901.8375 MHz
51800,true,,PLYMOUTH-136T976,RTM II+,No,FlexNet,Enabled,4110005,No,2026-07-29 09:18:14.291,Normal,2022-12-07 09:54:49.632,2025-09-17 09:44:17.000,No,40.1439,-75.2533,FlexNetId: 50532797,FlexNet900,930.5125 MHz,26,901.8375 MHz
46776,true,,ANGORA-134S3,RTM II+,No,FlexNet,Enabled,4110005,No,2026-07-29 09:17:24.697,Normal,2019-12-12 09:45:03.088,2025-09-17 09:44:58.000,No,39.9584,-75.2436,FlexNetId: 50410680,FlexNet900,930.5375 MHz,31,901.8875 MHz
53895,true,,ANGORA-132T1094,RTMx,No,FlexNet,Enabled,4110005,No,2026-07-29 09:18:58.555,Normal,2024-09-06 10:05:40.533,2025-09-17 09:33:34.000,No,39.9612477,-75.2229055,FlexNetId: 50480670,FlexNet900K24,930.5125 MHz,33,901.8375 MHz
47773,true,,ELLWOOD-003RS2,RTM II+,No,FlexNet,Enabled,4110005,No,2026-07-29 09:20:35.270,Normal,2020-08-13 09:23:43.413,2025-09-17 10:05:15.000,No,40.108,-74.8555,FlexNetId: 50530684,FlexNet900,930.5125 MHz,32,901.8625 MHz
43177,true,,PERKIOME-341RM2,RTM II+,No,FlexNet,Enabled,4110005,No,2026-07-29 09:19:53.081,Normal,2018-10-02 13:29:11.339,2025-09-17 09:43:39.000,No,40.26094,-75.4682,FlexNetId: 50408141,FlexNet900,930.5125 MHz,38,901.8375 MHz
45627,true,,PLYMOUTH-133T528,RTM II+,No,FlexNet,Enabled,4110005,No,2026-07-29 09:16:44.104,Normal,2019-04-04 14:19:55.141,2025-09-17 09:56:45.000,No,40.0745,-75.2935,FlexNetId: 50410244,FlexNet900,930.5125 MHz,12,901.8625 MHz
50897,true,,ELMWOOD-135RM2,RTM II+,No,FlexNet,Enabled,4110005,No,2026-07-29 09:16:14.818,Normal,2022-06-23 10:26:08.234,2025-09-17 10:00:28.000,No,39.943825,-75.211522,FlexNetId: 50532183,FlexNet900,930.5125 MHz,37,901.8625 MHz
54013,true,,PERKIOME-342RS4,RTMx,No,FlexNet,Enabled,4110005,No,2026-07-29 09:16:07.472,Normal,2024-09-14 10:33:50.044,2025-09-17 09:33:31.000,No,40.270963,-75.39706,FlexNetId: 50480560,FlexNet900K24,930.5125 MHz,31,901.8375 MHz
44795,true,,CHICHEST-137S1,RTM II+,No,FlexNet,Enabled,4110005,No,2026-07-29 09:19:32.748,Normal,2019-02-12 11:17:43.810,2025-09-17 10:08:10.000,No,39.849,-75.439,FlexNetId: 50409885,FlexNet900,930.5375 MHz,24,901.8625 MHz
50804,true,,HOLMESBU-131T713,RTM II+,No,FlexNet,Enabled,4110005,No,2026-07-29 09:19:55.793,Normal,2022-04-21 10:25:54.264,2025-09-17 09:44:40.000,No,40.031295,-75.034742,FlexNetId: 50532176,FlexNet900,930.5125 MHz,61,901.8375 MHz
47907,true,,GARRETT-004RS2,RTM II+,No,FlexNet,Enabled,4110005,No,2026-07-29 09:20:33.502,Normal,2020-08-15 21:32:46.633,2025-09-17 09:44:38.000,No,39.938196,-75.299196,FlexNetId: 50530659,FlexNet900,930.5375 MHz,57,901.8375 MHz
43929,true,,NORWALES-343T289,RTM II+,No,FlexNet,Enabled,4110005,No,2026-07-29 09:08:13.325,Normal,2018-11-30 13:58:05.748,2025-09-17 09:30:19.000,No,40.220678,-75.341697,FlexNetId: 50409054,FlexNet900,930.5375 MHz,26,901.8625 MHz
48142,true,,PENTRIDG-014RS1,RTM II+,No,FlexNet,Enabled,4110005,No,2026-07-29 09:19:21.383,Normal,2020-09-22 09:17:09.900,2025-09-17 09:59:40.000,No,39.9435,-75.2224,FlexNetId: 50530041,FlexNet900,930.5125 MHz,85,901.8625 MHz
47000,true,,LINE-3700RM1,RTM II+,No,FlexNet,Enabled,4110005,No,2026-07-29 09:14:29.002,Normal,2020-01-05 21:03:51.666,2025-09-17 09:28:09.000,No,40.12768,-74.88274,FlexNetId: 50530170,FlexNet900,930.5125 MHz,55,901.8375 MHz
52770,true,,NEWLINVI-346R2,RTM II+,No,FlexNet,Enabled,4110005,No,2026-07-29 09:16:20.582,Normal,2023-11-20 12:14:02.915,2025-09-20 08:51:51.000,No,39.934794,-75.844583,FlexNetId: 50533578,FlexNet900,930.5125 MHz,30,901.8375 MHz
44658,true,,UPPERDAR-141RM2,RTM II+,No,FlexNet,Enabled,4110005,No,2026-07-29 09:06:06.194,Normal,2019-12-03 10:32:31.784,2025-09-17 10:04:26.000,No,39.925,-75.26,FlexNetId: 50409820,FlexNet900,930.5375 MHz,50,901.8875 MHz
53492,true,,PULASKI-133T1035,RTM II+,No,FlexNet,Enabled,4110005,No,2026-07-29 09:16:16.353,Normal,2024-06-07 13:16:41.800,2025-09-17 10:17:07.000,No,40.0565,-75.15568,FlexNetId: 50534180,FlexNet900,930.5125 MHz,28,901.8375 MHz
43047,true,,GOSHEN-343R3,RTM II+,No,FlexNet,Enabled,4110005,No,2026-07-29 09:06:56.119,Normal,2018-07-17 13:23:23.329,2025-09-17 09:45:43.000,No,39.965901,-75.545923,FlexNetId: 50408079,FlexNet900,930.5125 MHz,42,901.8875 MHz
48817,true,,LINE-13600T908,RTM II+,No,FlexNet,Enabled,4110005,No,2026-07-29 09:17:15.597,Normal,2020-12-04 15:04:22.937,2025-09-17 09:50:20.000,No,40.2237,-75.1297,FlexNetId: 50530869,FlexNet900,930.5125 MHz,50,901.8375 MHz
48137,true,,LLANERCH-148RM2,RTM II+,No,FlexNet,Enabled,4110005,No,2026-07-29 09:09:43.597,Normal,2020-09-22 09:17:09.040,2025-09-17 10:00:45.000,No,39.9811,-75.3069,FlexNetId: 50530221,FlexNet900,930.5125 MHz,44,901.8875 MHz
44193,true,,BRADFORD-346T85,RTM II+,No,FlexNet,Enabled,4110005,No,2026-07-29 09:17:44.326,Normal,2018-12-13 17:09:11.202,2025-09-17 09:29:16.000,No,39.907702,-75.702442,FlexNetId: 50408929,FlexNet900,930.5375 MHz,37,901.8375 MHz
46734,true,,TABOR-139RM2,RTM II+,No,FlexNet,Enabled,4110005,No,2026-07-29 09:12:33.434,Normal,2019-12-12 09:46:21.984,2025-09-17 10:05:10.000,No,40.043,-75.12,FlexNetId: 50530316,FlexNet900,930.5125 MHz,40,901.8375 MHz
51276,true,,LOMBARD-132S2,RTM II+,No,FlexNet,Enabled,4110005,No,2026-07-29 09:11:57.144,Normal,2022-08-23 18:21:55.668,2025-09-17 09:51:02.000,No,39.9356,-75.1611,FlexNetId: 50532629,FlexNet900,930.5125 MHz,25,901.8375 MHz
45360,true,,WANEETA-131RM1,RTM II+,No,FlexNet,Enabled,4110005,No,2026-07-29 09:18:59.961,Normal,2019-04-03 08:29:56.754,2025-09-17 10:21:24.000,No,40.001,-75.11,FlexNetId: 50410089,FlexNet900,930.5375 MHz,33,901.8625 MHz
45012,true,,SAVILLE-130S1,RTM II+,No,FlexNet,Enabled,4110005,No,2026-07-29 09:20:20.298,Normal,2019-02-14 09:40:08.037,2025-09-17 09:59:21.000,No,39.842795,-75.373236,FlexNetId: 50409811,FlexNet900,930.5375 MHz,55,901.8625 MHz
52327,true,,NORPHILA-134RS6,RTM II+,No,FlexNet,Enabled,4110005,No,2026-07-29 09:07:29.247,Normal,2023-08-11 08:02:56.522,2025-09-17 09:28:56.000,No,39.98383,-75.13545,FlexNetId: 50533414,FlexNet900,930.5125 MHz,36,901.8375 MHz
44723,true,,PASSYUNK-132S3,RTM II+,No,FlexNet,Enabled,4110005,No,2026-07-29 09:09:58.451,Normal,2019-02-12 11:17:09.839,2025-09-17 10:08:51.000,No,39.929,-75.182,FlexNetId: 50409689,FlexNet900,930.5125 MHz,33,901.8375 MHz
43883,true,,PERKIOME-352T227,RTM II+,No,FlexNet,Enabled,4110005,No,2026-07-29 09:06:06.124,Normal,2018-11-13 10:03:12.245,2025-09-17 09:30:20.000,No,40.1591,-75.482,FlexNetId: 50409171,FlexNet900,930.5125 MHz,33,901.8375 MHz
53568,true,,WANEETA-133T1235,RTM II+,No,FlexNet,Enabled,4110005,No,2026-07-29 09:12:07.182,Normal,2024-06-07 13:07:15.314,2025-09-17 09:33:04.000,No,39.99025,-75.12151,FlexNetId: 50534165,FlexNet900,930.5125 MHz,66,901.8375 MHz
47886,true,,HOLMESBU-132T716,RTM II+,No,FlexNet,Enabled,4110005,No,2026-07-29 09:09:41.439,Normal,2020-08-15 21:30:07.622,2025-09-17 10:01:54.000,No,40.042,-75.061,FlexNetId: 50530206,FlexNet900,930.5125 MHz,26,901.8375 MHz
53643,true,,SILES-135T197,RTMx,No,FlexNet,Enabled,4110005,No,2026-07-29 09:16:19.569,Normal,2024-08-27 14:43:06.209,2025-09-17 09:33:03.000,No,40.1591914,-74.9902711,FlexNetId: 50480629,FlexNet900K24,930.5375 MHz,31,901.8625 MHz
43051,true,,CLAY-341T300,RTM II+,No,FlexNet,Enabled,4110005,No,2026-07-29 09:15:21.476,Normal,2018-07-17 13:23:24.807,2025-09-17 09:45:40.000,No,39.819297,-75.81843,FlexNetId: 50408247,FlexNet900,930.5125 MHz,26,901.8875 MHz
48975,true,,HANOVER-001RS1,RTM II+,No,FlexNet,Enabled,4110005,No,2026-07-29 09:20:45.982,Normal,2021-01-24 09:14:26.970,2025-09-17 10:08:09.000,No,40.2567,-75.6557,FlexNetId: 50531125,FlexNet900,930.5125 MHz,37,901.8375 MHz
51737,true,,MOSER-341RM3,RTM II+,No,FlexNet,Enabled,4110005,No,2026-07-29 09:19:06.959,Normal,2022-11-17 07:08:07.527,2025-09-17 09:30:21.000,No,40.2427,-75.6364,FlexNetId: 50532830,FlexNet900,930.5125 MHz,43,901.8875 MHz
53904,true,,EAGLE-341R3,RTMx,No,FlexNet,Enabled,4110005,No,2026-07-29 09:17:07.574,Normal,2024-09-06 10:53:32.775,2025-09-17 09:33:29.000,No,40.0512,-75.6919,FlexNetId: 50480587,FlexNet900K24,930.5125 MHz,18,901.8625 MHz
54175,true,,CLAY-353R2,RTMx,No,FlexNet,Enabled,4110005,No,2026-07-29 09:15:28.061,Normal,2024-10-17 09:54:29.120,2025-10-16 09:10:47.000,No,39.799156,-75.835598,FlexNetId: 50480885,FlexNet900K24,930.5125 MHz,36,901.8375 MHz
43710,true,,LINTON-343T278,RTM II+,No,FlexNet,Enabled,4110005,No,2026-07-29 09:12:05.719,Normal,2018-10-30 14:17:13.844,2025-09-17 09:28:12.000,No,40.207194,-74.950622,FlexNetId: 50408990,FlexNet900,930.5125 MHz,44,901.8875 MHz
47764,true,,TABOR-135RM3,RTM II+,No,FlexNet,Enabled,4110005,No,2026-07-29 09:09:02.829,Normal,2020-08-13 09:23:42.072,2025-09-17 09:44:58.000,No,40.0346,-75.1407,FlexNetId: 50530680,FlexNet900,930.5125 MHz,35,901.8875 MHz
50180,true,Activated,NEWSQUA-134R1,RTM II+,No,Verizon,Not Applicable,4110005,No,2026-07-29 09:20:40.528,Normal,2021-11-03 10:29:12.807,,,39.9897,-75.4362,IMEI: 354595115969843,Cell_LE910_VER,,-61,
50180,true,Activated,NEWSQUA-134R1,RTM II+,No,Verizon,Not Applicable,4110005,No,2026-07-29 09:20:40.528,Normal,2021-11-03 10:29:12.807,,,39.9897,-75.4362,ICCID: 89148000006394058141,Cell_LE910_VER,,-61,
54169,true,,BLUEGRAS-138RM1,RTMx,No,FlexNet,Enabled,4110005,No,2026-07-29 09:20:36.572,Normal,2024-10-17 09:54:28.244,2025-09-17 12:31:22.000,No,40.1031803,-75.0376704,FlexNetId: 50480965,FlexNet900K24,930.5125 MHz,32,901.8375 MHz
53679,true,,PERKIOME-362T321,RTMx,No,FlexNet,Enabled,4110005,No,2026-07-29 09:09:31.965,Normal,2024-08-27 14:45:44.504,2025-09-17 09:33:05.000,No,40.1935388,-75.482015,FlexNetId: 50480498,FlexNet900K24,930.5375 MHz,35,901.8375 MHz
54192,true,,WARMINST-141S1,RTMx,No,FlexNet,Enabled,4110005,No,2026-07-29 09:13:27.310,Normal,2024-10-17 09:54:31.344,2025-09-17 12:31:22.000,No,40.1896064,-75.0699536,FlexNetId: 50480937,FlexNet900K24,930.5125 MHz,45,901.8375 MHz
30223,true,,BRYNMAWR-147T204,RTM II+,No,FlexNet,Enabled,4110005,No,2026-07-29 09:16:52.354,Normal,2014-08-26 14:42:28.880,2025-09-17 10:08:12.000,No,39.989073,-75.27879,FlexNetId: 50402124,FlexNet900,930.5125 MHz,33,901.8625 MHz
53593,true,,WOODBOUR-341RS3,RTMx,No,FlexNet,Enabled,4110005,No,2026-07-29 09:16:31.513,Normal,2024-08-27 14:42:55.721,2025-09-17 09:33:29.000,No,40.19794,-74.87168,FlexNetId: 50480562,FlexNet900K24,930.5125 MHz,35,901.8625 MHz
54187,true,,UPMERION-144T265,RTMx,No,FlexNet,Enabled,4110005,No,2026-07-29 09:18:42.589,Normal,2024-10-17 09:54:30.818,2025-09-17 12:31:21.000,No,40.04638,-75.406097,FlexNetId: 50480842,FlexNet900K24,930.5125 MHz,24,901.8375 MHz
53619,true,,BYBERRY-148RM1,RTMx,No,FlexNet,Enabled,4110005,No,2026-07-29 09:10:53.481,Normal,2024-08-27 14:42:59.346,2025-09-17 09:33:30.000,No,40.1462,-74.9901,FlexNetId: 50480569,FlexNet900K24,930.5125 MHz,23,901.8375 MHz
54200,true,,NORWALES-341R1,RTMx,No,FlexNet,Enabled,4110005,No,2026-07-29 09:11:48.638,Normal,2024-10-17 09:54:32.342,2025-09-17 12:31:23.000,No,40.23958,-75.23385,FlexNetId: 50480942,FlexNet900K24,930.5125 MHz,47,901.8375 MHz
50716,true,,LINE-2787RS1,RTM II+,No,FlexNet,Enabled,4110005,No,2026-07-29 09:06:03.009,Normal,2022-03-18 09:35:49.417,2025-09-17 10:00:28.000,No,39.9502,-75.2182,FlexNetId: 50531973,FlexNet900,930.5125 MHz,42,901.8875 MHz
54109,true,,PERKIOME-351T1265,RTMx,No,FlexNet,Enabled,4110005,No,2026-07-29 09:15:30.574,Normal,2024-10-17 10:05:39.330,2025-09-17 09:33:33.000,No,40.2358463,-75.4149108,FlexNetId: 50480680,FlexNet900K24,930.5125 MHz,22,901.8375 MHz
53680,true,,FOULK-143T137,RTMx,No,FlexNet,Enabled,4110005,No,2026-07-29 09:12:09.733,Normal,2024-08-27 14:45:44.877,2024-10-24 09:10:11.000,No,39.835619,-75.472871,FlexNetId: 50480661,FlexNet900K24,930.5125 MHz,24,901.8625 MHz
49571,true,,ROXBOROU-134S2,RTM II+,No,FlexNet,Enabled,4110005,No,2026-07-29 09:12:36.001,Normal,2021-07-27 10:43:00.009,2025-09-17 09:50:20.000,No,40.0883,-75.0435,FlexNetId: 50531335,FlexNet900,930.5125 MHz,33,901.8375 MHz
53919,true,,YEADON-134RM2,RTMx,No,FlexNet,Enabled,4110005,No,2026-07-29 09:16:49.534,Normal,2024-09-06 10:53:34.672,2025-09-17 12:32:10.000,No,39.934189,-75.2467904,FlexNetId: 50480667,FlexNet900K24,930.5125 MHz,45,901.8375 MHz
48870,true,,GOSHEN-352RM4,RTM II+,No,FlexNet,Enabled,4110005,No,2026-07-29 09:14:22.112,Normal,2020-12-28 11:58:50.272,2025-09-17 09:50:38.000,No,39.9683,-75.5029,FlexNetId: 50531107,FlexNet900,930.5125 MHz,57,901.8875 MHz
49008,true,,COATESVI-003RS1,RTM II+,No,FlexNet,Enabled,4110005,No,2026-07-29 09:17:58.111,Normal,2021-01-24 09:14:24.008,2025-09-17 10:21:24.000,No,39.9805,-75.8181,FlexNetId: 50531135,FlexNet900,930.5125 MHz,65,901.8375 MHz
52846,true,,NORWALES-362T836,RTM II+,No,FlexNet,Enabled,4110005,No,2026-07-29 09:09:46.998,Normal,2023-12-11 09:22:21.459,2025-09-17 09:33:32.000,No,40.2616,-75.26824,FlexNetId: 50533098,FlexNet900,930.5125 MHz,37,901.8375 MHz
53901,true,,COCHRANV-341RM2,RTMx,No,FlexNet,Enabled,4110005,No,2026-07-29 09:20:33.317,Normal,2024-09-06 10:10:05.963,2025-10-16 13:37:46.000,No,39.80936,-75.967476,FlexNetId: 50480666,FlexNet900K24,930.5125 MHz,48,901.8375 MHz
54127,true,,FLINT-141RM1,RTMx,No,FlexNet,Enabled,4110005,No,2026-07-29 09:18:00.743,Normal,2024-10-17 10:05:40.848,2025-09-17 09:33:05.000,No,40.0809,-75.375,FlexNetId: 50480997,FlexNet900K24,930.5125 MHz,47,901.8375 MHz
43680,true,,NESHAMIN-146S1,RTM II+,No,FlexNet,Enabled,4110005,No,2026-07-29 09:06:05.462,Normal,2018-10-30 14:17:04.504,2025-09-17 10:05:34.000,No,40.104044,-74.960332,FlexNetId: 50408878,FlexNet900,930.5375 MHz,44,901.8625 MHz
54119,true,,BETZWOOD-351T136,RTMx,No,FlexNet,Enabled,4110005,No,2026-07-29 09:13:04.871,Normal,2024-10-17 10:05:40.319,2025-09-17 09:33:31.000,No,40.1346248,-75.4890769,FlexNetId: 50480968,FlexNet900K24,930.5125 MHz,47,901.8375 MHz
52272,true,,NESHAMIN-134T103,RTM II+,No,FlexNet,Enabled,4110005,No,2026-07-29 09:08:47.665,Normal,2023-07-18 09:37:12.412,2025-09-17 09:28:31.000,No,40.1119117,-74.9120524,FlexNetId: 50533221,FlexNet900,930.5125 MHz,25,901.8375 MHz
52832,true,,NORWALES-354RM2,RTM II+,No,FlexNet,Enabled,4110005,No,2026-07-29 09:20:55.109,Normal,2023-12-11 09:22:17.498,2025-09-17 09:33:36.000,No,40.24895,-75.24432,FlexNetId: 50533307,FlexNet900,930.5125 MHz,81,901.8375 MHz
53668,true,,BYBERRY-181T780,RTMx,No,FlexNet,Enabled,4110005,No,2026-07-29 09:15:17.989,Normal,2024-08-27 14:45:43.183,2025-09-17 12:38:43.000,No,40.12708,-74.127077,FlexNetId: 50480529,FlexNet900K24,930.5375 MHz,30,901.8625 MHz
31244,true,,GRAYSFER-132RM1,RTM II+,No,FlexNet,Enabled,4110005,No,2026-07-29 09:17:40.336,Normal,2024-10-23 09:34:01.308,2025-09-17 09:25:26.000,No,39.93753,-75.18313,FlexNetId: 50402778,FlexNet900,930.5125 MHz,38,901.8375 MHz
54325,true,Activated,FOULK-131RS3,RTMx,No,Verizon,Not Applicable,4110005,No,2026-07-29 09:12:57.893,Normal,2024-11-18 15:29:58.275,,,39.88495,-75.44475,IMEI: 016406000256439,Cell_LE910_VER,,-64,
54325,true,Activated,FOULK-131RS3,RTMx,No,Verizon,Not Applicable,4110005,No,2026-07-29 09:12:57.893,Normal,2024-11-18 15:29:58.275,,,39.88495,-75.44475,ICCID: 89148000006394110900,Cell_LE910_VER,,-64,
54326,true,Activated,KENNETSQ-005R1,RTMx,No,Verizon,Not Applicable,4110005,No,2026-07-29 09:20:56.017,Normal,2024-11-18 15:29:58.434,,,39.81661,-75.69218,IMEI: 016406000256447,Cell_LE910_VER,,-73,
54326,true,Activated,KENNETSQ-005R1,RTMx,No,Verizon,Not Applicable,4110005,No,2026-07-29 09:20:56.017,Normal,2024-11-18 15:29:58.434,,,39.81661,-75.69218,ICCID: 89148000006394110892,Cell_LE910_VER,,-73,
54328,true,,ANGORA-132RS4,RTMx,No,FlexNet,Enabled,4110005,No,2026-07-29 09:13:46.575,Normal,2024-11-18 15:33:24.685,2025-09-17 09:33:34.000,No,39.95759,-75.22299,FlexNetId: 50480785,FlexNet900K24,930.5125 MHz,38,901.8375 MHz
54329,true,,LINE-1093S1,RTMx,No,FlexNet,Enabled,4110005,No,2026-07-29 09:16:09.565,Normal,2024-11-18 15:33:24.838,2025-09-17 12:32:11.000,No,40.0237446,-75.1543215,FlexNetId: 50480786,FlexNet900K24,930.5125 MHz,22,901.8375 MHz
54330,true,,LINE-2235RM1,RTMx,No,FlexNet,Enabled,4110005,No,2026-07-29 09:20:33.635,Normal,2024-11-18 15:33:25.186,2025-09-17 12:32:10.000,No,40.0590441,-75.094759,FlexNetId: 50480759,FlexNet900K24,930.5125 MHz,25,901.8375 MHz
54331,true,,TABOR-133T1239,RTMx,No,FlexNet,Enabled,4110005,No,2026-07-29 09:08:04.997,Normal,2024-11-18 15:33:25.381,2025-09-17 12:32:15.000,No,40.0275803,-75.144727,FlexNetId: 50480914,FlexNet900K24,930.5125 MHz,36,901.8375 MHz
54332,true,,RICHMOND-136T1293,RTMx,No,FlexNet,Enabled,4110005,No,2026-07-29 09:13:06.548,Normal,2024-11-18 15:33:25.530,2025-09-17 12:32:15.000,No,39.9875456,-75.1092976,FlexNetId: 50480758,FlexNet900K24,930.5125 MHz,41,901.8375 MHz
54333,true,,ELMWOOD-132RM1,RTMx,No,FlexNet,Enabled,4110005,No,2026-07-29 09:12:34.627,Normal,2024-11-18 15:33:25.680,2025-09-17 09:33:34.000,No,39.9352721,-75.226052,FlexNetId: 50480790,FlexNet900K24,930.5125 MHz,52,901.8375 MHz
54334,true,,FOULK-131T42,RTMx,No,FlexNet,Enabled,4110005,No,2026-07-29 09:15:19.730,Normal,2024-11-18 15:33:25.847,2025-09-17 12:32:12.000,No,39.8943926,-75.4459471,FlexNetId: 50480945,FlexNet900K24,930.5125 MHz,20,901.8375 MHz
54335,true,,WAYNE-134T132,RTMx,No,FlexNet,Enabled,4110005,No,2026-07-29 09:12:21.504,Normal,2024-11-18 15:33:26.114,2025-12-22 09:12:57.000,No,40.03312,-75.37581,FlexNetId: 50480947,FlexNet900K24,930.5125 MHz,23,901.8375 MHz
54336,true,,SAVILLE-141RM1,RTMx,No,FlexNet,Enabled,4110005,No,2026-07-29 09:10:45.655,Normal,2024-11-18 15:33:26.286,2025-09-17 12:41:06.000,No,39.8647868,-75.4043651,FlexNetId: 50480986,FlexNet900K24,930.5375 MHz,30,901.8875 MHz
54337,true,,PASSYUNK-134S6,RTMx,No,FlexNet,Enabled,4110005,No,2026-07-29 09:15:47.683,Normal,2024-11-18 15:33:26.444,2025-09-17 12:32:12.000,No,39.9291811,-75.1705783,FlexNetId: 50480970,FlexNet900K24,930.5125 MHz,37,901.8375 MHz
54338,true,,EDDYSTON-135T774,RTMx,No,FlexNet,Enabled,4110005,No,2026-07-29 09:13:32.547,Normal,2024-11-18 15:33:26.633,2025-09-17 12:31:22.000,No,39.86274,-75.30059,FlexNetId: 50480755,FlexNet900K24,930.5125 MHz,28,901.8375 MHz
54340,true,,CROYDON-141S2,RTMx,No,FlexNet,Enabled,4110005,No,2026-07-29 09:19:19.009,Normal,2024-11-18 15:33:26.887,2025-09-17 12:31:22.000,No,40.0878595,-74.9041383,FlexNetId: 50480991,FlexNet900K24,930.5125 MHz,36,901.8375 MHz
54341,true,,WANEETA-141S2,RTMx,No,FlexNet,Enabled,4110005,No,2026-07-29 09:12:30.152,Normal,2024-11-18 15:33:27.026,2025-09-17 12:31:19.000,No,39.9900315,-75.111381,FlexNetId: 50480753,FlexNet900K24,930.5125 MHz,53,901.8375 MHz
54342,true,,LINE-1800RM3,RTMx,No,FlexNet,Enabled,4110005,No,2026-07-29 09:12:53.603,Normal,2024-11-18 15:33:27.270,2025-09-17 12:32:10.000,No,40.1288056,-75.524118,FlexNetId: 50480760,FlexNet900K24,930.5125 MHz,31,901.8375 MHz
54388,true,,MACDADE-139S4,RTMx,No,FlexNet,Enabled,4110005,No,2026-07-29 09:14:27.392,Normal,2024-12-23 11:37:30.428,2025-09-17 12:33:22.000,No,39.91769,-75.29181,FlexNetId: 50480791,FlexNet900K24,930.5125 MHz,39,901.8375 MHz
54434,true,,LINE-1092T887,RTMx,No,FlexNet,Enabled,4110005,No,2026-07-29 09:15:17.750,Normal,2025-01-03 10:00:24.826,2025-09-17 12:32:11.000,No,39.9774341,-75.1558822,FlexNetId: 50480754,FlexNet900K24,930.5125 MHz,44,901.8375 MHz
54435,true,,LINE-374T124,RTMx,No,FlexNet,Enabled,4110005,No,2026-07-29 09:11:23.674,Normal,2025-01-03 10:00:25.603,2025-09-17 12:31:23.000,No,39.9328609,-75.156151,FlexNetId: 50480789,FlexNet900K24,930.5125 MHz,30,901.8375 MHz
54437,true,,WAYNE-136RM1,RTMx,No,FlexNet,Enabled,4110005,No,2026-07-29 09:10:17.635,Normal,2025-01-03 10:00:26.158,2025-09-17 12:31:23.000,No,40.0118235,-75.3543609,FlexNetId: 50480829,FlexNet900K24,930.5125 MHz,19,901.8375 MHz
54474,true,,NEWLINVI-344RM3,RTMx,No,FlexNet,Enabled,4110005,No,2026-07-29 09:19:36.293,Normal,2025-01-16 11:24:28.985,2025-09-17 12:33:16.000,No,40.0108132,-75.846821,FlexNetId: 50480817,FlexNet900K24,930.5125 MHz,83,901.8375 MHz
54472,true,,BRADFORD-344T745,RTMx,No,FlexNet,Enabled,4110005,No,2026-07-29 09:13:57.023,Normal,2025-01-16 11:28:12.327,2025-09-17 12:31:24.000,No,40.03247,-75.67601,FlexNetId: 50480804,FlexNet900K24,930.5125 MHz,42,901.8375 MHz
54473,true,,WICKER-001RS2,RTMx,No,FlexNet,Enabled,4110005,No,2026-07-29 09:20:10.174,Normal,2025-01-16 11:28:12.970,2025-09-17 12:31:19.000,No,39.7797183,-75.8103987,FlexNetId: 50480820,FlexNet900K24,930.5125 MHz,34,901.8375 MHz
54469,true,,WICKER-001RS1,RTMx,No,FlexNet,Enabled,4110005,No,2026-07-29 09:20:40.996,Normal,2025-01-16 11:34:46.517,2025-09-17 12:31:20.000,No,39.7781435,-75.8114146,FlexNetId: 50480898,FlexNet900K24,930.5125 MHz,22,901.8375 MHz
54471,true,,CLAY-342T1257,RTMx,No,FlexNet,Enabled,4110005,No,2026-07-29 09:11:49.688,Normal,2025-01-16 11:34:48.119,2025-09-17 12:33:21.000,No,39.7299862,-75.9502009,FlexNetId: 50480801,FlexNet900K24,930.5125 MHz,48,901.8375 MHz
54461,true,,WAYNE-147RM2,RTMx,No,FlexNet,Enabled,4110005,No,2026-07-29 09:16:43.468,Normal,2025-01-16 11:43:41.682,2025-09-17 12:32:14.000,No,40.0419507,-75.3614554,FlexNetId: 50480708,FlexNet900K24,930.5125 MHz,21,901.8375 MHz
54462,true,,PEACHBOT-361R2,RTMx,No,FlexNet,Enabled,4110005,No,2026-07-29 09:12:19.779,Normal,2025-01-16 11:43:43.161,2025-09-17 12:31:19.000,No,39.7995677,-75.3629844,FlexNetId: 50480990,FlexNet900K24,930.5125 MHz,46,901.8375 MHz
54456,true,,BALA-141T44,RTMx,No,FlexNet,Enabled,4110005,No,2026-07-29 09:12:32.431,Normal,2025-01-16 11:48:04.030,2025-09-17 12:31:22.000,No,40.0174009,-75.2453905,FlexNetId: 50480901,FlexNet900K24,930.5125 MHz,24,901.8375 MHz
54457,true,,MASTER-133S1,RTMx,No,FlexNet,Enabled,4110005,No,2026-07-29 09:16:40.770,Normal,2025-01-16 11:48:04.675,2025-09-17 12:31:26.000,No,39.9765411,-75.1484887,FlexNetId: 50480764,FlexNet900K24,930.5125 MHz,43,901.8375 MHz
54458,true,,LLANERCH-136RM2,RTMx,No,FlexNet,Enabled,4110005,No,2026-07-29 09:14:00.534,Normal,2025-01-16 11:48:05.245,2025-09-17 12:31:19.000,No,39.9642358,-75.3188938,FlexNetId: 50480768,FlexNet900K24,930.5125 MHz,36,901.8375 MHz
54459,true,,PENCOYD-133RS4,RTMx,No,FlexNet,Enabled,4110005,No,2026-07-29 09:20:27.167,Normal,2025-01-16 11:48:06.309,2025-09-17 12:31:19.000,No,40.0247059,-75.2400294,FlexNetId: 50480744,FlexNet900K24,930.5125 MHz,48,901.8375 MHz
54465,true,,GLADWYNE-138R2,RTMx,No,FlexNet,Enabled,4110005,No,2026-07-29 09:17:42.066,Normal,2025-01-16 11:51:01.045,2025-09-17 12:31:22.000,No,40.0132243,-75.2735956,FlexNetId: 50480734,FlexNet900K24,930.5125 MHz,28,901.8375 MHz
54445,true,,PLYMOUTH-132RM2,RTMx,No,FlexNet,Enabled,4110005,No,2026-07-29 09:06:58.636,Normal,2025-01-16 11:54:56.139,2025-09-17 12:35:06.000,No,40.085811,-75.257766,FlexNetId: 50480971,FlexNet900K24,930.5125 MHz,27,901.8375 MHz
54452,true,,SECANE-007RS1,RTMx,No,FlexNet,Enabled,4110005,No,2026-07-29 09:20:12.571,Normal,2025-01-16 12:17:32.924,2025-09-17 12:31:23.000,No,39.9325,-75.31416,FlexNetId: 50480822,FlexNet900K24,930.5125 MHz,26,901.8375 MHz
54454,true,,MACDADE-142T1173,RTMx,No,FlexNet,Enabled,4110005,No,2026-07-29 09:07:02.352,Normal,2025-01-16 12:17:35.037,2026-04-06 11:01:36.000,No,39.906344,-75.325416,FlexNetId: 50480738,FlexNet900K24,930.5375 MHz,31,901.8625 MHz
54455,true,,LINE-2478T125,RTMx,No,FlexNet,Enabled,4110005,No,2026-07-29 09:10:55.103,Normal,2025-01-16 12:17:35.280,2025-09-17 12:32:11.000,No,39.9362244,-75.1646829,FlexNetId: 50480805,FlexNet900K24,930.5125 MHz,31,901.8375 MHz
54460,true,,MACDADE-137RM1,RTMx,No,FlexNet,Enabled,4110005,No,2026-07-29 09:19:06.156,Normal,2025-01-16 12:17:35.443,2025-11-04 10:50:20.000,No,38.897,-75.2725,FlexNetId: 50480705,FlexNet900K24,930.5125 MHz,43,901.8375 MHz
54446,true,,NEWLINVI-344RS4,RTMx,No,FlexNet,Enabled,4110005,No,2026-07-29 09:19:08.340,Normal,2025-01-16 12:21:51.696,2025-09-17 12:33:21.000,No,39.9805082,-75.8383303,FlexNetId: 50480897,FlexNet900K24,930.5125 MHz,62,901.8375 MHz
54447,true,,COLWYN-133T945,RTMx,No,FlexNet,Enabled,4110005,No,2026-07-29 09:10:34.637,Normal,2025-01-16 12:21:53.609,2025-09-17 12:32:11.000,No,39.930345,-75.2516871,FlexNetId: 50480903,FlexNet900K24,930.5125 MHz,46,901.8375 MHz
54449,true,,LINE-520RM2,RTMx,No,FlexNet,Enabled,4110005,No,2026-07-29 09:17:46.535,Normal,2025-01-16 12:21:54.735,2025-09-17 12:31:25.000,No,39.9739918,-75.1243249,FlexNetId: 50480837,FlexNet900K24,930.5125 MHz,39,901.8375 MHz
54450,true,,LINE-520RM1,RTMx,No,FlexNet,Enabled,4110005,No,2026-07-29 09:14:20.099,Normal,2025-01-16 12:21:55.924,2025-09-17 12:31:25.000,No,39.974012,-75.1260448,FlexNetId: 50480821,FlexNet900K24,930.5125 MHz,25,901.8375 MHz
54451,true,,BRADFORD-343RM1,RTMx,No,FlexNet,Enabled,4110005,No,2026-07-29 09:15:22.648,Normal,2025-01-16 12:21:56.373,2025-09-17 12:38:43.000,No,39.9596,-75.613,FlexNetId: 50480710,FlexNet900K24,930.5375 MHz,54,901.8625 MHz
54487,true,,CLAY-341T301,RTMx,No,FlexNet,Enabled,4110005,No,2026-07-29 09:07:44.820,Normal,2025-01-28 14:41:22.484,2025-09-17 12:32:12.000,No,39.8007334,-75.8151911,FlexNetId: 50481172,FlexNet900K24,930.5125 MHz,20,901.8375 MHz
54480,true,,LINE-2671RM2,RTMx,No,FlexNet,Enabled,4110005,No,2026-07-29 09:17:15.223,Normal,2025-01-28 14:44:06.074,2025-09-17 12:35:11.000,No,39.9726372,-75.2200232,FlexNetId: 50481166,FlexNet900K24,930.5125 MHz,13,901.8375 MHz
54481,true,,NEWLINVI-353S2,RTMx,No,FlexNet,Enabled,4110005,No,2026-07-29 09:20:20.073,Normal,2025-01-28 14:44:06.218,2025-09-17 12:33:19.000,No,39.9694,-75.8035,FlexNetId: 50481174,FlexNet900K24,930.5125 MHz,27,901.8375 MHz
54482,true,,WAYNE-134T56,RTMx,No,FlexNet,Enabled,4110005,No,2026-07-29 09:17:37.943,Normal,2025-01-28 14:44:06.435,2025-09-17 12:33:19.000,No,40.0303721,-75.3630437,FlexNetId: 50481190,FlexNet900K24,930.5125 MHz,20,901.8375 MHz
54483,true,,STREET-000RM1,RTMx,No,FlexNet,Enabled,4110005,No,2026-07-29 09:20:32.178,Normal,2025-01-28 14:44:06.541,2025-09-17 12:33:22.000,No,39.92053,-75.574998,FlexNetId: 50481217,FlexNet900K24,930.5125 MHz,33,901.8375 MHz
54484,true,,BYBERRY-189RM1,RTMx,No,FlexNet,Enabled,4110005,No,2026-07-29 09:16:55.628,Normal,2025-01-28 14:44:06.808,2025-09-17 12:31:23.000,No,40.1108,-75.02369,FlexNetId: 50481183,FlexNet900K24,930.5125 MHz,38,901.8375 MHz
54485,true,,BRYNMAWR-135T51,RTMx,No,FlexNet,Enabled,4110005,No,2026-07-29 09:07:56.570,Normal,2025-01-28 14:44:06.903,2025-09-17 12:31:22.000,No,40.0145669,-75.3465084,FlexNetId: 50481195,FlexNet900K24,930.5125 MHz,41,901.8375 MHz
54486,true,,MACDADE-139T1171,RTMx,No,FlexNet,Enabled,4110005,No,2026-07-29 09:17:48.836,Normal,2025-01-28 14:44:06.996,2025-09-17 12:33:23.000,No,39.92005,-75.29443,FlexNetId: 50481171,FlexNet900K24,930.5125 MHz,38,901.8375 MHz
54488,true,,LINE-502T1211,RTMx,No,FlexNet,Enabled,4110005,No,2026-07-29 09:18:23.553,Normal,2025-01-28 14:44:07.097,2025-09-17 12:33:20.000,No,39.9836365,-75.1341207,FlexNetId: 50481178,FlexNet900K24,930.5125 MHz,25,901.8375 MHz
54489,true,,LLANERCH-135T26,RTMx,No,FlexNet,Enabled,4110005,No,2026-07-29 09:17:09.333,Normal,2025-01-28 14:44:07.325,2025-09-17 12:35:10.000,No,39.956181,-75.320609,FlexNetId: 50481221,FlexNet900K24,930.5125 MHz,30,901.8375 MHz
54490,true,,GOSHEN-343RM3,RTMx,No,FlexNet,Enabled,4110005,No,2026-07-29 09:16:57.950,Normal,2025-01-28 14:44:07.455,2025-09-17 12:33:21.000,No,39.9658695,-75.5414599,FlexNetId: 50481192,FlexNet900K24,930.5125 MHz,34,901.8375 MHz
54492,true,,CONCORD-354T567,RTMx,No,FlexNet,Enabled,4110005,No,2026-07-29 09:20:11.553,Normal,2025-01-28 14:44:07.646,2025-09-17 12:41:07.000,No,39.84141,-75.49462,FlexNetId: 50481177,FlexNet900K24,930.5125 MHz,18,901.8375 MHz
54493,true,,WAYNE-131T295,RTMx,No,FlexNet,Enabled,4110005,No,2026-07-29 09:07:06.555,Normal,2025-01-28 14:44:07.734,2025-09-17 12:35:05.000,No,40.0432,-75.3594,FlexNetId: 50481210,FlexNet900K24,930.5125 MHz,21,901.8375 MHz
54494,true,,BYBERRY-184T191,RTMx,No,FlexNet,Enabled,4110005,No,2026-07-29 09:17:25.723,Normal,2025-01-28 14:44:07.833,2025-09-17 12:35:05.000,No,40.1593417203459,-75.016322458066,FlexNetId: 50481214,FlexNet900K24,930.5125 MHz,6,901.8375 MHz
54495,true,,PLANEBRO-353R1,RTMx,No,FlexNet,Enabled,4110005,No,2026-07-29 09:14:23.375,Normal,2025-01-28 14:44:07.944,2025-11-02 10:11:55.000,No,40.054235,-75.554675,FlexNetId: 50481191,FlexNet900K24,930.5125 MHz,32,901.8375 MHz
54476,true,,BRADFORD-341T254,RTMx,No,FlexNet,Enabled,4110005,No,2026-07-29 09:11:37.477,Normal,2025-01-28 15:02:03.875,2025-09-17 12:31:24.000,No,40.0245849,-75.6984118,FlexNetId: 50481180,FlexNet900K24,930.5125 MHz,24,901.8375 MHz
54477,true,,LENAPE-352R2,RTMx,No,FlexNet,Enabled,4110005,No,2026-07-29 09:20:44.951,Normal,2025-01-28 15:02:04.061,2025-09-17 12:31:25.000,No,39.8967713,-75.6940171,FlexNetId: 50481197,FlexNet900K24,930.5125 MHz,17,901.8375 MHz
54478,true,,NORWALES-344T165,RTMx,No,FlexNet,Enabled,4110005,No,2026-07-29 09:12:26.666,Normal,2025-01-28 15:02:04.227,2025-09-17 12:35:05.000,No,40.15765483310437,-75.37228946,FlexNetId: 50481199,FlexNet900K24,930.5125 MHz,42,901.8375 MHz
54479,true,,LINE-502RM3,RTMx,No,FlexNet,Enabled,4110005,No,2026-07-29 09:20:38.824,Normal,2025-01-28 15:02:04.433,2025-09-17 12:33:19.000,No,39.9831336,-75.1330435,FlexNetId: 50481179,FlexNet900K24,930.5125 MHz,36,901.8375 MHz
54496,true,,LINE-520T1268,RTMx,No,FlexNet,Enabled,4110005,No,2026-07-29 09:12:31.471,Normal,2025-01-29 09:27:42.862,2025-09-17 12:31:24.000,No,39.9756215,-75.1203553,FlexNetId: 50481188,FlexNet900K24,930.5125 MHz,18,901.8375 MHz
54497,true,,LINE-374RM1,RTMx,No,FlexNet,Enabled,4110005,No,2026-07-29 09:19:48.824,Normal,2025-01-29 09:27:43.133,2025-09-17 12:31:21.000,No,39.9317045,-75.1548155,FlexNetId: 50481184,FlexNet900K24,930.5125 MHz,34,901.8375 MHz
54498,true,,EDDYSTON-135RM1,RTMx,No,FlexNet,Enabled,4110005,No,2026-07-29 09:20:46.915,Normal,2025-01-29 09:27:43.596,2025-09-17 12:31:21.000,No,39.86728,-75.30224,FlexNetId: 50480798,FlexNet900K24,930.5125 MHz,54,901.8375 MHz
54499,true,,LINE-502T1191,RTMx,No,FlexNet,Enabled,4110005,No,2026-07-29 09:13:53.509,Normal,2025-01-29 09:27:45.668,2025-09-17 12:38:44.000,No,39.9822802,-75.1303094,FlexNetId: 50481202,FlexNet900K24,930.5125 MHz,30,901.8375 MHz
54500,true,,NEWLINVI-362RM4,RTMx,No,FlexNet,Enabled,4110005,No,2026-07-29 09:16:42.694,Normal,2025-01-29 09:27:45.987,2025-09-17 12:32:13.000,No,39.9981794,-75.878194,FlexNetId: 50481218,FlexNet900K24,930.5125 MHz,47,901.8375 MHz
54501,true,,UPLAND-132T1261,RTMx,No,FlexNet,Enabled,4110005,No,2026-07-29 09:07:29.519,Normal,2025-01-29 09:27:46.083,2025-09-17 12:33:16.000,No,39.9830679,-75.2305994,FlexNetId: 50481186,FlexNet900K24,930.5125 MHz,44,901.8375 MHz
54502,true,,LINE-520S1,RTMx,No,FlexNet,Enabled,4110005,No,2026-07-29 09:15:17.886,Normal,2025-01-29 09:27:46.250,2025-09-17 12:35:11.000,No,39.9773748,-75.1259535,FlexNetId: 50481194,FlexNet900K24,930.5125 MHz,33,901.8375 MHz
54505,true,,NEWLINVI-344T120,RTMx,No,FlexNet,Enabled,4110005,No,2026-07-29 09:06:42.160,Normal,2025-02-10 08:42:44.863,2025-09-17 12:32:13.000,No,40.0196023,-75.8936272,FlexNetId: 50481160,FlexNet900K24,930.5125 MHz,35,901.8375 MHz
54510,true,,ANGORA-130RMP4,RTMx,No,FlexNet,Enabled,4110005,No,2026-07-29 09:17:34.308,Normal,2025-02-10 08:42:49.107,2025-10-05 14:35:11.000,No,39.9385177,-75.2293358,FlexNetId: 50481064,FlexNet900K24,930.5125 MHz,53,901.8375 MHz
54513,true,,ANGORA-130RMP3,RTMx,No,FlexNet,Enabled,4110005,No,2026-07-29 09:08:10.186,Normal,2025-02-10 08:42:51.402,2025-10-04 10:53:10.000,No,39.9402336,-75.2313599,FlexNetId: 50481142,FlexNet900K24,930.5125 MHz,61,901.8375 MHz
54514,true,,CALLOWHI-135T1147,RTMx,No,FlexNet,Enabled,4110005,No,2026-07-29 09:13:03.528,Normal,2025-02-10 08:42:51.986,2025-11-17 13:54:55.000,No,39.96233,-75.1427,FlexNetId: 50481141,FlexNet900K24,930.5125 MHz,27,901.8375 MHz
54515,true,,CROYDON-141T1170,RTMx,No,FlexNet,Enabled,4110005,No,2026-07-29 09:10:19.948,Normal,2025-02-10 08:42:52.074,2025-09-17 12:38:45.000,No,40.0921888,-74.9066335,FlexNetId: 50481140,FlexNet900K24,930.5125 MHz,20,901.8375 MHz
54516,true,,LINE-1049RM1,RTMx,No,FlexNet,Enabled,4110005,No,2026-07-29 09:10:18.351,Normal,2025-02-10 08:42:52.162,2025-09-17 12:32:16.000,No,39.9928815,-75.1639861,FlexNetId: 50481089,FlexNet900K24,930.5125 MHz,43,901.8375 MHz
54520,true,,RICHMOND-136RM2,RTMx,No,FlexNet,Enabled,4110005,No,2026-07-29 09:15:54.889,Normal,2025-02-10 08:42:53.263,2025-09-17 12:32:16.000,No,39.9833386,-75.1094648,FlexNetId: 50481127,FlexNet900K24,930.5125 MHz,49,901.8375 MHz
54521,true,,RICHMOND-136S3,RTMx,No,FlexNet,Enabled,4110005,No,2026-07-29 09:09:39.815,Normal,2025-02-10 08:42:53.767,2025-09-17 12:32:17.000,No,39.9869757,-75.1127635,FlexNetId: 50481149,FlexNet900K24,930.5125 MHz,55,901.8375 MHz
54522,true,,LINE-2409RM1,RTMx,No,FlexNet,Enabled,4110005,No,2026-07-29 09:16:11.598,Normal,2025-02-10 08:42:54.371,2025-09-17 12:31:23.000,No,39.9398527,-75.157296,FlexNetId: 50481076,FlexNet900K24,930.5125 MHz,35,901.8375 MHz
54523,true,,MOSER-341T1104,RTMx,No,FlexNet,Enabled,4110005,No,2026-07-29 09:14:20.632,Normal,2025-02-10 08:42:56.211,2025-09-17 12:32:10.000,No,40.2745925,-75.6472941,FlexNetId: 50481067,FlexNet900K24,930.5125 MHz,32,901.8375 MHz
54525,true,,BELLEVUE-133T135,RTMx,No,FlexNet,Enabled,4110005,No,2026-07-29 09:10:44.643,Normal,2025-02-10 08:42:56.835,2025-09-18 10:01:25.000,No,40.164405,-74.938982,FlexNetId: 50481013,FlexNet900K24,930.5125 MHz,26,901.8375 MHz
54526,true,,PASSYUNK-133T468,RTMx,No,FlexNet,Enabled,4110005,No,2026-07-29 09:17:13.575,Normal,2025-02-10 08:42:57.702,2025-09-17 12:32:13.000,No,39.921127,-75.174504,FlexNetId: 50481045,FlexNet900K24,930.5125 MHz,41,901.8375 MHz
54661,true,,LINE-705RM1,RTMx,No,FlexNet,Enabled,4110005,No,2026-07-29 09:12:19.594,Normal,2025-03-05 10:27:27.162,2025-11-07 08:24:49.000,No,39.98513,-75.09746,FlexNetId: 50481024,FlexNet900K24,930.5125 MHz,39,901.8375 MHz
54711,true,,LINE-2478S2,RTMx,No,FlexNet,Enabled,4110005,No,2026-07-29 09:18:14.661,Normal,2025-04-02 10:29:54.426,2025-09-17 12:35:11.000,No,39.9346048,-75.1722654,FlexNetId: 50481161,FlexNet900K24,930.5125 MHz,36,901.8375 MHz
54712,true,,UPLAND-132RM1,RTMx,No,FlexNet,Enabled,4110005,No,2026-07-29 09:16:46.100,Normal,2025-04-02 10:29:55.525,2025-09-17 12:33:16.000,No,39.9800256,-75.223616,FlexNetId: 50481099,FlexNet900K24,930.5125 MHz,38,901.8375 MHz
54713,true,,LINE-583RM1,RTMx,No,FlexNet,Enabled,4110005,No,2026-07-29 09:19:42.670,Normal,2025-04-02 10:29:55.690,2025-09-17 12:38:46.000,No,39.98011,-75.1199567,FlexNetId: 50481104,FlexNet900K24,930.5125 MHz,52,901.8375 MHz
54699,true,,BLUEGRAS-137RM1,RTMx,No,FlexNet,Enabled,4110005,No,2026-07-29 09:17:46.146,Normal,2025-04-02 11:01:32.647,2025-09-17 12:33:19.000,No,40.0802,-74.99709,FlexNetId: 50481034,FlexNet900K24,930.5125 MHz,37,901.8375 MHz
54701,true,,WAYNE-136RM2,RTMx,No,FlexNet,Enabled,4110005,No,2026-07-29 09:17:02.278,Normal,2025-04-02 11:01:33.974,2025-09-17 12:38:49.000,No,40.0102796,-75.3469002,FlexNetId: 50481185,FlexNet900K24,930.5375 MHz,18,901.8625 MHz
54702,true,,EAGLE-352RM1,RTMx,No,FlexNet,Enabled,4110005,No,2026-07-29 09:08:28.124,Normal,2025-04-02 11:01:34.386,2025-09-17 12:38:48.000,No,40.1083,-75.6759,FlexNetId: 50481102,FlexNet900K24,930.5125 MHz,59,901.8375 MHz
54703,true,,CLAY-343S2,RTMx,No,FlexNet,Enabled,4110005,No,2026-07-29 09:18:47.597,Normal,2025-04-02 11:01:34.666,2025-09-17 12:38:50.000,No,39.7828027,-75.8302898,FlexNetId: 50481019,FlexNet900K24,930.5125 MHz,25,901.8375 MHz
54704,true,,CONCORD-347S1,RTMx,No,FlexNet,Enabled,4110005,No,2026-07-29 09:20:34.863,Normal,2025-04-02 11:01:34.983,2026-01-12 09:52:55.000,No,39.89525,-75.497,FlexNetId: 50481056,FlexNet900K24,930.5125 MHz,53,901.8375 MHz
54705,true,,TABOR-133S2,RTMx,No,FlexNet,Enabled,4110005,No,2026-07-29 09:17:54.382,Normal,2025-04-02 11:01:35.110,2025-10-07 11:25:57.000,No,40.0286,-75.13969,FlexNetId: 50481022,FlexNet900K24,930.5125 MHz,34,901.8375 MHz
54706,true,,EAGLE-353RM3,RTMx,No,FlexNet,Enabled,4110005,No,2026-07-29 09:09:35.658,Normal,2025-04-02 11:01:35.571,2025-10-24 11:51:19.000,No,40.17397,-75.679788,FlexNetId: 50481023,FlexNet900K24,930.5125 MHz,30,901.8375 MHz
54707,true,,WESTMORE-132RM2,RTMx,No,FlexNet,Enabled,4110005,No,2026-07-29 09:14:40.989,Normal,2025-04-02 11:01:35.703,2025-09-17 12:33:22.000,No,40.0200507,-75.154602,FlexNetId: 50481073,FlexNet900K24,930.5125 MHz,70,901.8375 MHz
54693,true,,PLANEBRO-361S1,RTMx,No,FlexNet,Enabled,4110005,No,2026-07-29 09:20:54.005,Normal,2025-04-02 11:21:59.941,2025-09-17 12:41:07.000,No,40.0398691,-75.6351718,FlexNetId: 50481015,FlexNet900K24,930.5125 MHz,22,901.8375 MHz
54579,true,,PLANEBRO-353S1,RTMx,No,FlexNet,Enabled,4110005,No,2026-07-29 09:15:21.549,Normal,2025-04-06 13:32:19.204,2025-09-17 12:32:10.000,No,40.0442882,-75.5593611,FlexNetId: 50481105,FlexNet900K24,930.5125 MHz,34,901.8375 MHz
54563,true,,NEWLINVI-362R1,RTMx,No,FlexNet,Enabled,4110005,No,2026-07-29 09:08:25.181,Normal,2025-04-25 14:37:48.080,2025-09-17 12:32:14.000,No,40.0184415,-75.8953082,FlexNetId: 50481206,FlexNet900K24,930.5125 MHz,45,901.8375 MHz
54581,true,,HEATON-147T142,RTMx,No,FlexNet,Enabled,4110005,No,2026-07-29 09:12:43.062,Normal,2025-04-30 08:46:02.754,2025-09-17 12:33:14.000,No,40.169,-75.111,FlexNetId: 50481148,FlexNet900K24,930.5125 MHz,23,901.8375 MHz
54571,true,,BETHAYRE-135RM1,RTMx,No,FlexNet,Enabled,4110005,No,2026-07-29 09:20:03.574,Normal,2025-04-30 11:12:32.737,2025-09-17 12:32:14.000,No,40.115531,-75.06486,FlexNetId: 50481222,FlexNet900K24,930.5125 MHz,68,901.8375 MHz
54568,true,,LINE-3329R1,RTMx,No,FlexNet,Enabled,4110005,No,2026-07-29 09:17:23.628,Normal,2025-05-15 11:04:00.456,2025-09-17 12:32:15.000,No,39.9258826,-75.3853545,FlexNetId: 50481189,FlexNet900K24,930.5125 MHz,69,901.8375 MHz
54567,true,,BRADFORD-341T1282,RTMx,No,FlexNet,Enabled,4110005,No,2026-07-29 09:15:17.045,Normal,2025-05-18 11:59:02.486,2025-09-17 12:33:21.000,No,40.048,-75.168,FlexNetId: 50481150,FlexNet900K24,930.5125 MHz,27,901.8375 MHz
54672,true,,LINE-2409T84,RTMx,No,FlexNet,Enabled,4110005,No,2026-07-29 09:19:03.609,Normal,2025-05-29 09:15:13.533,2025-09-17 12:33:22.000,No,39.9387855,-75.1632139,FlexNetId: 50481010,FlexNet900K24,930.5125 MHz,44,901.8375 MHz
54667,true,,LINE-2671T1233,RTMx,No,FlexNet,Enabled,4110005,No,2026-07-29 09:06:38.166,Normal,2025-05-30 08:44:45.397,2025-09-17 12:33:22.000,No,39.9721041,-75.2323809,FlexNetId: 50481146,FlexNet900K24,930.5125 MHz,25,901.8375 MHz
54584,true,,LINE-7800T185,RTMx,No,FlexNet,Enabled,4110005,No,2026-07-29 09:11:43.551,Normal,2025-05-30 10:59:18.667,2025-06-05 10:12:07.000,No,40.147853,-75.306684,FlexNetId: 50481134,FlexNet900K24,930.5125 MHz,19,901.8375 MHz
54583,true,,ANGORA-130RMP1,RTMx,No,FlexNet,Enabled,4110005,No,2026-07-29 09:19:16.343,Normal,2025-05-30 12:50:00.920,2025-06-05 09:49:42.000,No,39.9371331,-75.2326155,FlexNetId: 50481193,FlexNet900K24,930.5125 MHz,61,901.8375 MHz
54585,true,,BELLEVUE-133T134,RTMx,No,FlexNet,Enabled,4110005,No,2026-07-29 09:06:36.483,Normal,2025-05-30 14:09:37.845,2025-09-28 09:00:06.000,No,40.1708,-74.95195,FlexNetId: 50481143,FlexNet900K24,930.5125 MHz,19,901.8375 MHz
54475,true,,UPPRPROV-342R6,RTMx,No,FlexNet,Enabled,4110005,No,2026-07-29 09:13:13.486,Normal,2025-06-02 09:33:01.225,2025-09-17 12:35:05.000,No,40.1454352,-75.4961632,FlexNetId: 50480819,FlexNet900K24,930.5125 MHz,31,901.8375 MHz
54679,true,,LINE-1064RM1,RTMx,No,FlexNet,Enabled,4110005,No,2026-07-29 09:11:00.881,Normal,2025-06-02 10:06:26.851,2025-09-17 12:35:05.000,No,39.9972174,-75.180205,FlexNetId: 50481122,FlexNet900K24,930.5125 MHz,36,901.8375 MHz
54673,true,,TACONY-131RM1,RTMx,No,FlexNet,Enabled,4110005,No,2026-07-29 09:12:10.613,Normal,2025-06-03 08:44:30.111,2025-09-17 12:35:05.000,No,40.018,-75.057,FlexNetId: 50481046,FlexNet900K24,930.5125 MHz,46,901.8375 MHz
54680,true,,CRESCENT-135RM2,RTMx,No,FlexNet,Enabled,4110005,No,2026-07-29 09:16:13.013,Normal,2025-06-03 10:07:53.738,2025-09-17 12:35:06.000,No,40.030139,-75.091682,FlexNetId: 50481068,FlexNet900K24,930.5125 MHz,32,901.8375 MHz
54586,true,,NORWALES-347T210,RTMx,No,FlexNet,Enabled,4110005,No,2026-07-29 09:19:11.425,Normal,2025-06-05 10:41:37.316,2025-09-17 12:33:19.000,No,40.18709,-75.29068,FlexNetId: 50481205,FlexNet900K24,930.5125 MHz,37,901.8375 MHz
54669,true,,NORWALES-353T893,RTMx,No,FlexNet,Enabled,4110005,No,2026-07-29 09:17:23.607,Normal,2025-06-05 10:53:08.653,2025-09-17 12:33:19.000,No,40.1694746,-75.294435,FlexNetId: 50481079,FlexNet900K24,930.5125 MHz,10,901.8375 MHz
54678,true,,HEATON-169T128,RTMx,No,FlexNet,Enabled,4110005,No,2026-07-29 09:17:55.008,Normal,2025-06-05 11:10:05.769,2025-09-17 12:33:19.000,No,40.13767,-75.15978,FlexNetId: 50481077,FlexNet900K24,930.5125 MHz,27,901.8375 MHz
54674,true,,LINE-530T1146,RTMx,No,FlexNet,Enabled,4110005,No,2026-07-29 09:08:18.422,Normal,2025-06-05 12:44:08.343,2025-06-05 12:44:08.000,No,39.97092,-75.13499,FlexNetId: 50481158,FlexNet900K24,930.5125 MHz,15,901.8375 MHz
54671,true,,NORPHILA-134RM1,RTMx,No,FlexNet,Enabled,4110005,No,2026-07-29 09:09:08.485,Normal,2025-06-10 09:59:31.828,2025-09-17 12:33:20.000,No,39.9838156,-75.142212,FlexNetId: 50481051,FlexNet900K24,930.5125 MHz,21,901.8375 MHz
54790,true,,BRADFORD-341RM1,RTMx,No,FlexNet,Enabled,4110005,No,2026-07-29 09:19:39.138,Normal,2025-06-10 11:58:52.965,2025-09-17 12:38:48.000,No,40.016099,-75.705939,FlexNetId: 50481264,FlexNet900K24,930.5125 MHz,44,901.8625 MHz
54791,true,,TABOR-131S1,RTMx,No,FlexNet,Enabled,4110005,No,2026-07-29 09:18:15.809,Normal,2025-06-10 11:58:53.048,2025-10-07 08:57:53.000,No,40.04429,-75.15553,FlexNetId: 50481240,FlexNet900K24,930.5125 MHz,54,901.8375 MHz
54792,true,,CLAY-343T1296,RTMx,No,FlexNet,Enabled,4110005,No,2026-07-29 09:11:38.396,Normal,2025-06-10 11:58:53.129,2025-09-17 12:38:50.000,No,39.765281,-75.827832,FlexNetId: 50481239,FlexNet900K24,930.5125 MHz,21,901.8375 MHz
54793,true,,LINE-3307T319,RTMx,No,FlexNet,Enabled,4110005,No,2026-07-29 09:07:49.853,Normal,2025-06-10 11:58:53.215,2026-03-08 07:59:44.000,No,39.760326,-75.992249,FlexNetId: 50481244,FlexNet900K24,930.5125 MHz,63,901.8375 MHz
54794,true,,EAGLE-352RM2,RTMx,No,FlexNet,Enabled,4110005,No,2026-07-29 09:11:32.100,Normal,2025-06-10 11:58:53.296,2026-03-07 09:49:23.000,No,40.110863,-75.66216,FlexNetId: 50481235,FlexNet900K24,930.5125 MHz,52,901.8375 MHz
54795,true,,SAVILLE-133RM1,RTMx,No,FlexNet,Enabled,4110005,No,2026-07-29 09:19:59.260,Normal,2025-06-10 11:58:53.376,2025-10-05 08:29:47.000,No,39.86121,-75.3547,FlexNetId: 50481226,FlexNet900K24,930.5125 MHz,38,901.8375 MHz
54796,true,,COCHRANV-341T1259,RTMx,No,FlexNet,Enabled,4110005,No,2026-07-29 09:05:59.231,Normal,2025-06-10 11:58:53.465,2025-10-16 11:18:47.000,No,39.80812,-75.97676,FlexNetId: 50481234,FlexNet900K24,930.5125 MHz,40,901.8375 MHz
54803,true,,LINE-1300R4,RTMx,No,FlexNet,Enabled,4110005,No,2026-07-29 09:20:49.646,Normal,2025-06-10 11:58:54.148,2025-07-28 18:36:29.000,No,40.11296,-75.52234,FlexNetId: 50481242,FlexNet900K24,930.5125 MHz,33,901.8375 MHz
54804,true,,BRADFORD-344R3,RTMx,No,FlexNet,Enabled,4110005,No,2026-07-29 09:20:50.654,Normal,2025-06-10 11:58:54.228,2025-09-17 12:38:49.000,No,40.016702,-75.68699,FlexNetId: 50481228,FlexNet900K24,930.5125 MHz,43,901.8375 MHz
54805,true,,NEWLINVI-362RM2,RTMx,No,FlexNet,Enabled,4110005,No,2026-07-29 09:15:45.765,Normal,2025-06-10 11:58:54.404,2025-09-17 12:38:48.000,No,40.017412,-75.898957,FlexNetId: 50481247,FlexNet900K24,930.5125 MHz,31,901.8375 MHz
54807,true,,WESTMORE-131RM4,RTMx,No,FlexNet,Enabled,4110005,No,2026-07-29 09:18:58.968,Normal,2025-06-10 11:58:54.570,2025-09-17 12:38:45.000,No,40.0075004,-75.1476151,FlexNetId: 50481253,FlexNet900K24,930.5125 MHz,64,901.8375 MHz
54808,true,,UPLAND-132S1,RTMx,No,FlexNet,Enabled,4110005,No,2026-07-29 09:15:55.191,Normal,2025-06-10 11:58:54.672,2025-09-17 12:38:50.000,No,39.9809978,-75.2277031,FlexNetId: 50481231,FlexNet900K24,930.5125 MHz,33,901.8375 MHz
54809,true,,PASSYUNK-132RM1,RTMx,No,FlexNet,Enabled,4110005,No,2026-07-29 09:09:40.606,Normal,2025-06-10 11:58:54.755,2025-09-17 12:38:50.000,No,39.9282043,-75.18102,FlexNetId: 50481246,FlexNet900K24,930.5125 MHz,44,901.8375 MHz
54810,true,,LINE-1099S1,RTMx,No,FlexNet,Enabled,4110005,No,2026-07-29 09:07:30.971,Normal,2025-06-10 11:58:54.837,2025-09-17 12:38:49.000,No,39.9838719,-75.1651778,FlexNetId: 50481255,FlexNet900K24,930.5125 MHz,32,901.8375 MHz
54811,true,,CALLOWHI-133S2,RTMx,No,FlexNet,Enabled,4110005,No,2026-07-29 09:18:29.143,Normal,2025-06-10 11:58:54.920,2025-09-17 12:38:48.000,No,39.96849,-75.16346,FlexNetId: 50481225,FlexNet900K24,930.5125 MHz,20,901.8375 MHz
54812,true,,TACONY-131T119,RTMx,No,FlexNet,Enabled,4110005,No,2026-07-29 09:15:28.682,Normal,2025-06-10 11:58:55.050,2025-09-17 12:38:50.000,No,40.0148466,-75.0577657,FlexNetId: 50481251,FlexNet900K24,930.5125 MHz,41,901.8375 MHz
54813,true,,MOSER-342R3,RTMx,No,FlexNet,Enabled,4110005,No,2026-07-29 09:08:06.492,Normal,2025-06-10 11:58:55.152,2025-09-17 12:38:49.000,No,40.2440327,-75.6140889,FlexNetId: 50481243,FlexNet900K24,930.5375 MHz,31,901.8875 MHz
54814,true,,PASSYUNK-133RM1,RTMx,No,FlexNet,Enabled,4110005,No,2026-07-29 09:15:29.799,Normal,2025-06-10 11:58:55.243,2025-09-17 12:38:48.000,No,39.92473,-75.17771,FlexNetId: 50481261,FlexNet900K24,930.5125 MHz,18,901.8375 MHz
54815,true,,GOSHEN-351R1,RTMx,No,FlexNet,Enabled,4110005,No,2026-07-29 09:17:42.191,Normal,2025-06-10 11:58:55.333,2025-09-17 12:38:45.000,No,39.97096,-75.55405,FlexNetId: 50481230,FlexNet900K24,930.5125 MHz,59,901.8375 MHz
54816,true,,BLUEGRAS-136S2,RTMx,No,FlexNet,Enabled,4110005,No,2026-07-29 09:20:12.028,Normal,2025-06-10 11:58:55.443,2025-09-17 12:38:48.000,No,40.0991801,-75.046872,FlexNetId: 50481245,FlexNet900K24,930.5125 MHz,34,901.8375 MHz
54868,true,,WESTMORE-131RS3,RTMx,No,FlexNet,Enabled,4110005,No,2026-07-29 09:06:57.755,Normal,2025-06-16 07:16:25.180,2025-09-17 12:38:45.000,No,40.0064536,-75.1480414,FlexNetId: 50481714,FlexNet900K24,930.5125 MHz,60,901.8375 MHz
54869,true,,GRAYSFER-161T1003,RTMx,No,FlexNet,Enabled,4110005,No,2026-07-29 09:16:48.027,Normal,2025-06-16 07:16:25.257,2025-11-06 10:58:46.000,No,39.9376,-75.195,FlexNetId: 50481803,FlexNet900K24,930.5125 MHz,44,901.8375 MHz
54870,true,,RICHMOND-133S1,RTMx,No,FlexNet,Enabled,4110005,No,2026-07-29 09:13:19.700,Normal,2025-06-16 07:16:25.335,2025-10-26 07:52:29.000,No,39.9975,-75.1052,FlexNetId: 50481679,FlexNet900K24,930.5125 MHz,46,901.8375 MHz
54871,true,,LINE-704RM2,RTMx,No,FlexNet,Enabled,4110005,No,2026-07-29 09:19:17.391,Normal,2025-06-16 07:16:25.424,2025-11-11 08:51:07.000,No,39.988056,-75.102443,FlexNetId: 50481774,FlexNet900K24,930.5125 MHz,36,901.8375 MHz
54872,true,,FOXCHASE-134T1059,RTMx,No,FlexNet,Enabled,4110005,No,2026-07-29 09:13:43.967,Normal,2025-06-16 07:16:25.525,2025-12-03 10:41:13.000,No,40.73313,-75.076562,FlexNetId: 50481801,FlexNet900K24,930.5125 MHz,49,901.8375 MHz
54873,true,,BLUEGRAS-136T1168,RTMx,No,FlexNet,Enabled,4110005,No,2026-07-29 09:18:49.566,Normal,2025-06-16 07:16:25.601,2025-09-17 12:38:48.000,No,40.0885105,-75.04941,FlexNetId: 50481773,FlexNet900K24,930.5125 MHz,19,901.8375 MHz
54874,true,,CEDARBRO-134T1329,RTMx,No,FlexNet,Enabled,4110005,No,2026-07-29 09:17:15.204,Normal,2025-06-16 07:16:25.683,2026-03-04 09:14:24.000,No,40.056515,-75.16016,FlexNetId: 50481775,FlexNet900K24,930.5125 MHz,48,901.8375 MHz
54875,true,,CRESCENT-137S1,RTMx,No,FlexNet,Enabled,4110005,No,2026-07-29 09:10:17.551,Normal,2025-06-16 07:16:26.398,2025-09-17 12:38:47.000,No,40.0499,-75.101,FlexNetId: 50481945,FlexNet900K24,930.5125 MHz,20,901.8375 MHz
54876,true,,BYBERRY-134RM1,RTMx,No,FlexNet,Enabled,4110005,No,2026-07-29 09:14:58.005,Normal,2025-06-16 07:16:26.544,2025-10-27 08:42:18.000,No,40.1006,-74.9848,FlexNetId: 50481772,FlexNet900K24,930.5125 MHz,29,901.8375 MHz
54877,true,,ANGORA-131RS1,RTMx,No,FlexNet,Enabled,4110005,No,2026-07-29 09:17:34.855,Normal,2025-06-16 07:16:26.636,2025-11-19 11:29:17.000,No,39.95844,-75.2314,FlexNetId: 50481802,FlexNet900K24,930.5125 MHz,41,901.8375 MHz
54878,true,,RICHMOND-136T1057,RTMx,No,FlexNet,Enabled,4110005,No,2026-07-29 09:10:01.136,Normal,2025-06-16 07:16:26.715,2025-11-13 09:46:10.000,No,39.988383,-75.10977,FlexNetId: 50481807,FlexNet900K24,930.5125 MHz,44,901.8375 MHz
54879,true,,LINE-704T1135,RTMx,No,FlexNet,Enabled,4110005,No,2026-07-29 09:09:37.020,Normal,2025-06-16 07:16:26.804,2025-11-13 08:52:02.000,No,39.98368,-75.1022,FlexNetId: 50481673,FlexNet900K24,930.5125 MHz,45,901.8375 MHz
54881,true,,BELLEVUE-133RM1,RTMx,No,FlexNet,Enabled,4110005,No,2026-07-29 09:16:06.991,Normal,2025-06-16 07:16:26.985,2025-10-13 13:08:38.000,No,40.17073,-74.94211,FlexNetId: 50481918,FlexNet900K24,930.5125 MHz,42,901.8375 MHz
54882,true,,NEWLINVI-353T150,RTMx,No,FlexNet,Enabled,4110005,No,2026-07-29 09:07:04.281,Normal,2025-06-16 07:16:27.083,2025-10-06 12:44:44.000,No,39.9644,-75.7851,FlexNetId: 50481674,FlexNet900K24,930.5125 MHz,41,901.8375 MHz
54883,true,,BYBERRY-147RS2,RTMx,No,FlexNet,Enabled,4110005,No,2026-07-29 09:13:18.684,Normal,2025-06-16 07:16:27.180,2025-11-20 08:55:33.000,No,40.111968,-75.02165,FlexNetId: 50481680,FlexNet900K24,930.5125 MHz,18,901.8375 MHz
54884,true,,LINE-1080RM4,RTMx,No,FlexNet,Enabled,4110005,No,2026-07-29 09:18:32.370,Normal,2025-06-16 07:16:27.268,2025-11-18 08:44:27.000,No,40.02033,-75.21249,FlexNetId: 50481742,FlexNet900K24,930.5125 MHz,26,901.8375 MHz
54885,true,,JENKINTO-134RM1,RTMx,No,FlexNet,Enabled,4110005,No,2026-07-29 09:17:52.072,Normal,2025-06-16 07:16:27.346,2025-10-14 10:53:10.000,No,40.11274,-75.14165,FlexNetId: 50481769,FlexNet900K24,930.5125 MHz,36,901.8375 MHz
54887,true,,LINE-14500RM2,RTMx,No,FlexNet,Enabled,4110005,No,2026-07-29 09:09:10.709,Normal,2025-06-16 07:16:27.570,2025-09-17 12:38:43.000,No,40.0538699,-75.4521949,FlexNetId: 50481776,FlexNet900K24,930.5375 MHz,30,901.8875 MHz
54888,true,,LINE-600RM1,RTMx,No,FlexNet,Enabled,4110005,No,2026-07-29 09:19:18.654,Normal,2025-06-16 07:16:27.647,2025-09-17 12:35:11.000,No,40.1355,-75.381,FlexNetId: 50481737,FlexNet900K24,930.5375 MHz,46,901.8625 MHz
54889,true,,WANEETA-140RS4,RTMx,No,FlexNet,Enabled,4110005,No,2026-07-29 09:14:37.597,Normal,2025-06-16 07:16:27.726,2025-12-04 09:26:55.000,No,39.99586,-75.12132,FlexNetId: 50481804,FlexNet900K24,930.5125 MHz,52,901.8375 MHz
54891,true,,LINE-704RM1,RTMx,No,FlexNet,Enabled,4110005,No,2026-07-29 09:17:52.156,Normal,2025-06-16 07:16:27.891,2025-11-11 10:09:46.000,No,39.98567,-75.10109,FlexNetId: 50481933,FlexNet900K24,930.5125 MHz,33,901.8375 MHz
54892,true,,ROXBOROU-131RM2,RTMx,No,FlexNet,Enabled,4110005,No,2026-07-29 09:16:56.086,Normal,2025-06-16 07:16:27.975,2025-11-12 08:25:27.000,No,40.0573,-75.2368,FlexNetId: 50481949,FlexNet900K24,930.5125 MHz,49,901.8375 MHz
54894,true,,BELLEVUE-134RM1,RTMx,No,FlexNet,Enabled,4110005,No,2026-07-29 09:20:05.428,Normal,2025-06-16 07:16:28.138,2025-10-14 09:32:54.000,No,40.17421,-74.95559,FlexNetId: 50481743,FlexNet900K24,930.5125 MHz,20,901.8375 MHz
54895,true,,GRAYSFER-141T1228,RTMx,No,FlexNet,Enabled,4110005,No,2026-07-29 09:10:22.554,Normal,2025-06-16 07:16:28.228,2025-09-17 12:38:46.000,No,39.9389829,-75.1641259,FlexNetId: 50481919,FlexNet900K24,930.5125 MHz,32,901.8375 MHz
54896,true,,JENKINTO-148RM1,RTMx,No,FlexNet,Enabled,4110005,No,2026-07-29 09:20:21.992,Normal,2025-06-16 07:16:28.929,2026-02-18 10:07:56.000,No,40.096545,-75.13121172,FlexNetId: 50481771,FlexNet900K24,930.5125 MHz,47,901.8375 MHz
54897,true,,WESTMORE-134RM1,RTMx,No,FlexNet,Enabled,4110005,No,2026-07-29 09:16:09.635,Normal,2025-06-16 07:16:29.132,2025-09-17 12:38:49.000,No,39.9949904,-75.1738862,FlexNetId: 50481934,FlexNet900K24,930.5125 MHz,29,901.8375 MHz
54898,true,,CRESCENT-139RM1,RTMx,No,FlexNet,Enabled,4110005,No,2026-07-29 09:16:53.564,Normal,2025-06-16 07:16:29.217,2025-09-17 12:38:48.000,No,40.027788,-75.120583,FlexNetId: 50481946,FlexNet900K24,930.5125 MHz,38,901.8375 MHz
54899,true,,BYBERRY-162RM1,RTMx,No,FlexNet,Enabled,4110005,No,2026-07-29 09:13:39.652,Normal,2025-06-16 07:22:31.666,2026-01-27 09:58:54.000,No,40.144,-74.98228,FlexNetId: 50481952,FlexNet900K24,930.5125 MHz,22,901.8375 MHz
54900,true,,LINE-325RMP2,RTMx,No,FlexNet,Enabled,4110005,No,2026-07-29 09:20:54.011,Normal,2025-06-16 07:22:31.876,2025-09-30 09:00:44.000,No,39.94481,-75.18147,FlexNetId: 50481784,FlexNet900K24,930.5125 MHz,18,901.8375 MHz
54901,true,,RICHMOND-132RM1,RTMx,No,FlexNet,Enabled,4110005,No,2026-07-29 09:17:48.455,Normal,2025-06-16 07:22:31.959,2025-09-17 10:59:39.000,No,40.010649,-75.090622,FlexNetId: 50481860,FlexNet900K24,930.5125 MHz,36,901.8375 MHz
54902,true,,LOMBARD-131RM1,RTMx,No,FlexNet,Enabled,4110005,No,2026-07-29 09:14:09.534,Normal,2025-06-16 07:22:32.039,2025-09-17 12:41:07.000,No,39.9335,-75.1632,FlexNetId: 50481886,FlexNet900K24,930.5125 MHz,31,901.8375 MHz
54903,true,,WOODBOUR-361RM2,RTMx,No,FlexNet,Enabled,4110005,No,2026-07-29 09:18:24.457,Normal,2025-06-16 07:22:32.124,2025-11-16 12:59:47.000,No,40.21804,-74.92875,FlexNetId: 50481864,FlexNet900K24,930.5125 MHz,75,901.8375 MHz
54904,true,,WHITEMAR-144RM1,RTMx,No,FlexNet,Enabled,4110005,No,2026-07-29 09:19:30.796,Normal,2025-06-16 07:22:32.206,2025-09-16 12:57:34.000,No,40.13614,-75.16713,FlexNetId: 50481779,FlexNet900K24,930.5125 MHz,16,901.8375 MHz
54905,true,,LINE-1064T109,RTMx,No,FlexNet,Enabled,4110005,No,2026-07-29 09:14:43.520,Normal,2025-06-16 07:22:32.290,2025-11-16 08:56:53.000,No,39.99536,-75.18055,FlexNetId: 50481882,FlexNet900K24,930.5125 MHz,42,901.8375 MHz
54907,true,,BUCKINGH-344T1294,RTMx,No,FlexNet,Enabled,4110005,No,2026-07-29 09:11:41.057,Normal,2025-06-16 07:22:32.485,2025-09-17 12:41:07.000,No,40.3097,-75.19387,FlexNetId: 50481690,FlexNet900K24,930.5125 MHz,38,901.8375 MHz
54908,true,,TABOR-134S1,RTMx,No,FlexNet,Enabled,4110005,No,2026-07-29 09:17:16.651,Normal,2025-06-16 07:22:32.562,2025-10-07 10:10:18.000,No,40.439651,-75.1470922,FlexNetId: 50481858,FlexNet900K24,930.5125 MHz,32,901.8375 MHz
54909,true,,LINE-2682RMP2,RTMx,No,FlexNet,Enabled,4110005,No,2026-07-29 09:20:42.454,Normal,2025-06-16 07:22:32.657,2025-10-06 10:05:25.000,No,39.9671,-75.207,FlexNetId: 50481752,FlexNet900K24,930.5125 MHz,47,901.8375 MHz
54910,true,,LINE-2024T914,RTMx,No,FlexNet,Enabled,4110005,No,2026-07-29 09:19:46.571,Normal,2025-06-16 07:22:32.741,2025-09-17 10:21:24.000,No,39.913154,-75.17328,FlexNetId: 50481696,FlexNet900K24,930.5125 MHz,41,901.8375 MHz
54913,true,,PASSYUNK-135S2,RTMx,No,FlexNet,Enabled,4110005,No,2026-07-29 09:16:09.449,Normal,2025-06-16 07:22:32.989,2026-04-03 08:57:31.000,No,39.931,-75.175,FlexNetId: 50481736,FlexNet900K24,930.5125 MHz,41,901.8375 MHz
54916,true,,CRESCENT-135RS1,RTMx,No,FlexNet,Enabled,4110005,No,2026-07-29 09:16:58.064,Normal,2025-06-16 07:22:33.892,2025-10-10 10:11:50.000,No,40.029809,-75.091559,FlexNetId: 50481888,FlexNet900K24,930.5125 MHz,48,901.8375 MHz
54917,true,,LINE-2682RM3,RTMx,No,FlexNet,Enabled,4110005,No,2026-07-29 09:18:51.885,Normal,2025-06-16 07:22:34.111,2025-09-18 10:23:37.000,No,39.968968,-75.201459,FlexNetId: 50481833,FlexNet900K24,930.5125 MHz,45,901.8375 MHz
54918,true,,LINE-2671T1310,RTMx,No,FlexNet,Enabled,4110005,No,2026-07-29 09:15:42.017,Normal,2025-06-16 07:22:34.231,2025-10-01 08:57:44.000,No,39.969508,-75.208196,FlexNetId: 50481884,FlexNet900K24,930.5125 MHz,35,901.8375 MHz
54924,true,,TABOR-136RM1,RTMx,No,FlexNet,Enabled,4110005,No,2026-07-29 09:19:23.404,Normal,2025-06-16 07:22:34.763,2025-09-17 12:41:08.000,No,40.025005,-75.145287,FlexNetId: 50481677,FlexNet900K24,930.5125 MHz,21,901.8375 MHz
54926,true,,LINE-325RM1,RTMx,No,FlexNet,Enabled,4110005,No,2026-07-29 09:06:15.638,Normal,2025-06-16 07:22:34.981,2025-09-29 08:45:51.000,No,39.9449697,-75.1830147,FlexNetId: 50481834,FlexNet900K24,930.5125 MHz,22,901.8375 MHz
54928,true,,LINE-2682RM2,RTMx,No,FlexNet,Enabled,4110005,No,2026-07-29 09:16:18.124,Normal,2025-06-16 07:22:35.158,2025-09-18 08:41:41.000,No,39.968688,-75.20945,FlexNetId: 50481236,FlexNet900K24,930.5125 MHz,39,901.8375 MHz
54929,true,,TUNA-136S1,RTMx,No,FlexNet,Enabled,4110005,No,2026-07-29 09:11:32.702,Normal,2025-06-16 07:22:35.259,2025-10-02 10:34:06.000,No,39.97303,-75.13411,FlexNetId: 50481916,FlexNet900K24,930.5125 MHz,36,901.8375 MHz
54930,true,,TABOR-131T107,RTMx,No,FlexNet,Enabled,4110005,No,2026-07-29 09:12:24.946,Normal,2025-06-16 07:22:35.342,2025-09-17 12:41:08.000,No,40.0483,-75.1556,FlexNetId: 50481642,FlexNet900K24,930.5125 MHz,46,901.8375 MHz
54931,true,,TABOR-131T1330,RTMx,No,FlexNet,Enabled,4110005,No,2026-07-29 09:18:18.131,Normal,2025-06-16 07:22:35.424,2025-09-17 12:41:09.000,No,40.046032,-75.155386,FlexNetId: 50481785,FlexNet900K24,930.5125 MHz,52,901.8375 MHz
54932,true,,NORPHILA-132S1,RTMx,No,FlexNet,Enabled,4110005,No,2026-07-29 09:12:33.575,Normal,2025-06-16 07:22:35.506,2025-09-17 12:41:07.000,No,40.0072,-75.139,FlexNetId: 50481809,FlexNet900K24,930.5375 MHz,64,901.8625 MHz
54933,true,,CALLOWHI-139T1025,RTMx,No,FlexNet,Enabled,4110005,No,2026-07-29 09:08:11.980,Normal,2025-06-16 07:22:35.593,2025-09-19 08:42:48.000,No,39.9661,-75.1637,FlexNetId: 50481896,FlexNet900K24,930.5125 MHz,10,901.8375 MHz
54935,true,,RICHMOND-145S1,RTMx,No,FlexNet,Enabled,4110005,No,2026-07-29 09:10:50.499,Normal,2025-06-16 07:22:36.474,2025-09-17 09:52:37.000,No,40.011719,-75.06726,FlexNetId: 50481751,FlexNet900K24,930.5125 MHz,31,901.8375 MHz
54936,true,,BUCKINGH-344RM3,RTMx,No,FlexNet,Enabled,4110005,No,2026-07-29 09:18:42.406,Normal,2025-06-16 07:22:36.576,2025-09-17 12:41:06.000,No,40.3114346,-75.142619,FlexNetId: 50481935,FlexNet900K24,930.5125 MHz,32,901.8375 MHz
54937,true,,LINE-1098RM2,RTMx,No,FlexNet,Enabled,4110005,No,2026-07-29 09:16:31.682,Normal,2025-06-16 07:22:36.662,2025-09-23 08:46:31.000,No,39.9889,-75.1651,FlexNetId: 50481929,FlexNet900K24,930.5125 MHz,33,901.8375 MHz
54938,true,,NORPHILA-132T1350,RTMx,No,FlexNet,Enabled,4110005,No,2026-07-29 09:17:34.514,Normal,2025-06-16 07:22:36.768,2025-09-17 12:41:06.000,No,39.998757,-75.127515,FlexNetId: 50481678,FlexNet900K24,930.5125 MHz,61,901.8375 MHz
54939,true,,LINE-2682RMP1,RTMx,No,FlexNet,Enabled,4110005,No,2026-07-29 09:20:43.391,Normal,2025-06-16 07:22:36.875,2025-10-06 08:57:20.000,No,39.96809,-75.20131,FlexNetId: 50481787,FlexNet900K24,930.5125 MHz,65,901.8375 MHz
54940,true,,BUCKINGH-342T186,RTMx,No,FlexNet,Enabled,4110005,No,2026-07-29 09:19:24.910,Normal,2025-06-16 07:22:36.965,2025-09-17 12:38:48.000,No,40.3512692,-74.9485628,FlexNetId: 50481786,FlexNet900K24,930.5125 MHz,29,901.8375 MHz
54941,true,,BURHOLME-133T1299,RTMx,No,FlexNet,Enabled,4110005,No,2026-07-29 09:16:19.311,Normal,2025-06-16 07:22:37.059,2025-09-17 12:41:08.000,No,40.032038,-75.062844,FlexNetId: 50481778,FlexNet900K24,930.5125 MHz,38,901.8375 MHz
54942,true,,PACKER-132RM1,RTMx,No,FlexNet,Enabled,4110005,No,2026-07-29 09:11:30.900,Normal,2025-06-16 07:22:37.153,2025-09-22 08:49:01.000,No,39.920773,-75.155253,FlexNetId: 50481641,FlexNet900K24,930.5125 MHz,53,901.8375 MHz
54944,true,,MASTER-131T237,RTMx,No,FlexNet,Enabled,4110005,No,2026-07-29 09:09:49.441,Normal,2025-06-16 07:22:37.361,2025-09-23 10:22:03.000,No,39.97973632,-75.1790373,FlexNetId: 50481692,FlexNet900K24,930.5125 MHz,43,901.8375 MHz
54945,true,,LOMBARD-132RM1,RTMx,No,FlexNet,Enabled,4110005,No,2026-07-29 09:18:57.294,Normal,2025-06-16 07:22:37.502,2025-11-16 12:42:03.000,No,39.935,-75.156,FlexNetId: 50481783,FlexNet900K24,930.5125 MHz,28,901.8375 MHz
54946,true,,LOMBARD-136T122,RTMx,No,FlexNet,Enabled,4110005,No,2026-07-29 09:09:00.528,Normal,2025-06-16 07:22:37.597,2025-11-16 10:51:17.000,No,39.93621,-75.14519,FlexNetId: 50481792,FlexNet900K24,930.5125 MHz,29,901.8375 MHz
54947,true,,TABOR-137S2,RTMx,No,FlexNet,Enabled,4110005,No,2026-07-29 09:19:18.677,Normal,2025-06-16 07:22:37.719,2025-09-17 12:41:08.000,No,40.0485,-75.1581,FlexNetId: 50481865,FlexNet900K24,930.5125 MHz,34,901.8375 MHz
54948,true,,LINE-325RMP3,RTMx,No,FlexNet,Enabled,4110005,No,2026-07-29 09:15:17.646,Normal,2025-06-16 07:22:37.819,2025-09-16 11:33:11.000,No,39.94506,-75.179798,FlexNetId: 50481695,FlexNet900K24,930.5125 MHz,65,901.8375 MHz
54681,true,,OLIVE-001R1,RTMx,No,FlexNet,Enabled,4110005,No,2026-07-29 09:20:07.790,Normal,2025-06-19 07:51:32.156,2025-09-17 12:33:15.000,No,39.9904,-75.7993,FlexNetId: 50481153,FlexNet900K24,930.5125 MHz,51,901.8375 MHz
54956,true,,LINE-1071RM1,RTMx,No,FlexNet,Enabled,4110005,No,2026-07-29 09:17:31.082,Normal,2025-06-24 11:21:28.333,2025-10-19 10:24:26.000,No,39.98997,-75.14893,FlexNetId: 50481800,FlexNet900K24,930.5125 MHz,41,901.8375 MHz
54957,true,,ANGORA-130RM5,RTMx,No,FlexNet,Enabled,4110005,No,2026-07-29 09:14:43.059,Normal,2025-06-24 11:21:28.472,2025-10-20 08:39:47.000,No,39.942976,-75.235958,FlexNetId: 50481887,FlexNet900K24,930.5125 MHz,57,901.8375 MHz
54964,true,,GRAYSFER-161T99,RTMx,No,FlexNet,Enabled,4110005,No,2026-07-29 09:18:42.555,Normal,2025-06-24 11:21:29.181,2025-11-06 09:39:34.000,No,39.93225,-75.182178,FlexNetId: 50481870,FlexNet900K24,930.5125 MHz,29,901.8375 MHz
54966,true,,LINE-1093RM1,RTMx,No,FlexNet,Enabled,4110005,No,2026-07-29 09:12:06.614,Normal,2025-06-24 11:21:29.369,2025-10-22 10:38:18.000,No,40.02581,-75.15426,FlexNetId: 50481878,FlexNet900K24,930.5125 MHz,28,901.8375 MHz
54967,true,,LINE-744RM1,RTMx,No,FlexNet,Enabled,4110005,No,2026-07-29 09:17:58.566,Normal,2025-06-24 11:21:29.449,2025-10-27 10:30:06.000,No,40.0014,-75.10185,FlexNetId: 50481837,FlexNet900K24,930.5125 MHz,32,901.8375 MHz
54974,true,,RICHMOND-137S1,RTMx,No,FlexNet,Enabled,4110005,No,2026-07-29 09:17:55.096,Normal,2025-06-24 11:21:30.583,2025-10-10 08:53:59.000,No,40.008444,-75.081662,FlexNetId: 50481836,FlexNet900K24,930.5125 MHz,36,901.8375 MHz
54982,true,,CALLOWHI-131S1,RTMx,No,FlexNet,Enabled,4110005,No,2026-07-29 09:12:49.110,Normal,2025-06-24 11:21:31.344,2025-10-16 08:19:58.000,No,39.9736,-75.1493,FlexNetId: 50481702,FlexNet900K24,930.5125 MHz,24,901.8375 MHz
54665,true,,PACKER-131RM1,RTMx,No,FlexNet,Enabled,4110005,No,2026-07-29 09:09:39.488,Normal,2025-07-14 10:32:25.626,2025-09-17 12:35:11.000,No,39.9193463,-75.1591445,FlexNetId: 50481048,FlexNet900K24,930.5125 MHz,18,901.8375 MHz
54668,true,,CEDARBRO-132T90,RTMx,No,FlexNet,Enabled,4110005,No,2026-07-29 09:17:17.534,Normal,2025-07-15 08:42:32.802,2025-09-17 12:35:11.000,No,40.081,-75.203,FlexNetId: 50481050,FlexNet900K24,930.5125 MHz,35,901.8375 MHz
54666,true,,LINE-520T1189,RTMx,No,FlexNet,Enabled,4110005,No,2026-07-29 09:09:28.907,Normal,2025-07-21 09:32:20.619,2025-09-17 12:35:12.000,No,39.9800462,-75.127778,FlexNetId: 50481041,FlexNet900K24,930.5125 MHz,42,901.8375 MHz
54121,true,,MOSER-364R3,RTMx,No,FlexNet,Enabled,4110005,No,2026-07-29 09:11:24.306,Normal,2025-07-24 11:49:51.486,2025-09-17 12:38:44.000,No,40.235169,-75.658618,FlexNetId: 50480855,FlexNet900K24,930.5125 MHz,43,901.8875 MHz
55086,true,,BUCKINGH-362T157,RTMx,No,FlexNet,Enabled,4110005,No,2026-07-29 09:12:33.301,Normal,2025-07-31 18:24:17.949,2025-10-21 09:35:13.000,No,40.34696,-75.07309,FlexNetId: 50481639,FlexNet900K24,930.5125 MHz,27,901.8375 MHz
55105,true,,LINE-3200RM1,RTMx,No,FlexNet,Enabled,4110005,No,2026-07-29 09:19:52.007,Normal,2025-07-31 18:24:22.087,2025-11-05 16:35:14.000,No,40.09921,-74.86271,FlexNetId: 50481658,FlexNet900K24,930.5125 MHz,42,901.8375 MHz
55116,true,,NESHAMIN-144RM2,RTMx,No,FlexNet,Enabled,4110005,No,2026-07-29 09:17:16.062,Normal,2025-07-31 18:24:24.654,2025-10-20 09:32:57.000,No,40.16007,-74.94308,FlexNetId: 50481757,FlexNet900K24,930.5125 MHz,30,901.8375 MHz
54682,true,,CRESCENT-132T1102,RTMx,No,FlexNet,Enabled,4110005,No,2026-07-29 09:06:13.497,Normal,2025-08-06 09:51:11.705,2025-09-17 12:41:09.000,No,40.0287701,-75.0846011,FlexNetId: 50481135,FlexNet900K24,930.5125 MHz,32,901.8375 MHz
54676,true,,LINE-7900S1,RTMx,No,FlexNet,Enabled,4110005,No,2026-07-29 09:11:58.601,Normal,2025-09-02 08:49:38.986,2025-10-04 08:38:49.000,No,39.983952,-75.316865,FlexNetId: 50481062,FlexNet900K24,930.5125 MHz,83,901.8375 MHz
54675,true,,LINE-1400T329,RTMx,No,FlexNet,Enabled,4110005,No,2026-07-29 09:10:04.146,Normal,2025-09-17 09:07:42.809,2025-09-17 09:07:43.000,No,40.10027,-75.3486,FlexNetId: 50481130,FlexNet900K24,930.5125 MHz,48,901.8625 MHz
54670,true,,COOPER-353S1,RTMx,No,FlexNet,Enabled,4110005,No,2026-07-29 09:11:25.649,Normal,2025-09-22 10:21:56.176,2025-09-22 10:38:50.000,No,39.721208,-76.338181,FlexNetId: 50481116,FlexNet900K24,930.5125 MHz,33,901.8375 MHz
54122,true,,JENKINTO-138RM1,RTMx,No,FlexNet,Enabled,4110005,No,2026-07-29 09:20:47.282,Normal,2025-10-09 12:21:53.035,2025-10-09 12:21:53.000,No,40.12168,-75.1574,FlexNetId: 50480883,FlexNet900K24,930.5125 MHz,39,901.8375 MHz
55145,true,,FALLS-343T1305,RTMx,No,FlexNet,Enabled,4110005,No,2026-07-29 09:20:14.137,Normal,2025-10-11 23:32:10.536,2026-01-02 09:52:20.000,No,40.183376,-74.816586,FlexNetId: 50481825,FlexNet900K24,930.5125 MHz,32,901.8375 MHz
54574,true,,LINTON-342RS3,RTMx,No,FlexNet,Enabled,4110005,No,2026-07-29 09:19:48.659,Normal,2025-10-14 10:39:17.856,2025-10-14 10:39:18.000,No,40.274,-74.947,FlexNetId: 50481207,FlexNet900K24,930.5125 MHz,22,901.8375 MHz
55202,true,,LINE-1080T1176,RTMx,No,FlexNet,Enabled,4110005,No,2026-07-29 09:06:33.838,Normal,2025-10-20 12:05:36.323,2025-11-18 09:56:44.000,No,40.02057,-75.2126,FlexNetId: 50482064,FlexNet900K24,930.5125 MHz,34,901.8375 MHz
55203,true,,GRAYSFER-161S1,RTMx,No,FlexNet,Enabled,4110005,No,2026-07-29 09:08:45.548,Normal,2025-10-20 12:05:36.500,2025-11-05 10:12:39.000,No,39.9371,-75.1889,FlexNetId: 50482044,FlexNet900K24,930.5125 MHz,43,901.8375 MHz
55204,true,,UNIVERSI-132RM1,RTMx,No,FlexNet,Enabled,4110005,No,2026-07-29 09:10:51.549,Normal,2025-10-20 12:05:36.656,2026-03-02 09:07:56.000,No,39.955701,-75.209237,FlexNetId: 50482089,FlexNet900K24,930.5125 MHz,44,901.8375 MHz
55214,true,,LINE-564RM1,RTMx,No,FlexNet,Enabled,4110005,No,2026-07-29 09:13:51.310,Normal,2025-10-20 12:10:17.078,2026-01-06 10:11:01.000,No,39.983273,-75.127033,FlexNetId: 50482063,FlexNet900K24,930.5125 MHz,49,901.8375 MHz
55211,true,,ELLIS-005RS2,RTMx,No,FlexNet,Enabled,4110005,No,2026-07-29 09:20:48.226,Normal,2025-10-20 12:14:02.893,2025-11-11 09:58:33.000,No,39.9676,-75.5538,FlexNetId: 50482059,FlexNet900K24,930.5125 MHz,34,901.8375 MHz
55212,true,,NEWSQUA-131S1,RTMx,No,FlexNet,Enabled,4110005,No,2026-07-29 09:20:12.625,Normal,2025-10-20 12:14:03.032,2025-12-13 13:57:43.000,No,40.0008,-75.3839,FlexNetId: 50482056,FlexNet900K24,930.5125 MHz,31,901.8375 MHz
55213,true,,WESTTOWN-000RS1,RTMx,No,FlexNet,Enabled,4110005,No,2026-07-29 09:20:42.521,Normal,2025-10-20 12:14:03.236,2025-12-01 08:36:54.000,No,39.9517107,-75.5353864,FlexNetId: 50481957,FlexNet900K24,930.5125 MHz,14,901.8375 MHz
55207,true,,CONCORD-347R4,RTMx,No,FlexNet,Enabled,4110005,No,2026-07-29 09:20:48.738,Normal,2025-10-20 12:18:20.103,2025-11-07 08:35:03.000,No,39.8896,-75.525,FlexNetId: 50482058,FlexNet900K24,930.5125 MHz,20,901.8375 MHz
55208,true,,LINE-2507RM1,RTMx,No,FlexNet,Enabled,4110005,No,2026-07-29 09:17:52.209,Normal,2025-10-20 12:18:20.243,2025-11-09 08:40:25.000,No,39.8283489,-75.4542184,FlexNetId: 50482092,FlexNet900K24,930.5125 MHz,19,901.8375 MHz
55209,true,,MACDADE-142S4,RTMx,No,FlexNet,Enabled,4110005,No,2026-07-29 09:17:12.570,Normal,2025-10-20 12:18:20.399,2026-04-06 09:37:23.000,No,39.900968,-75.319231,FlexNetId: 50482070,FlexNet900K24,930.5125 MHz,22,901.8375 MHz
55210,true,,UPPERDAR-132T1022,RTMx,No,FlexNet,Enabled,4110005,No,2026-07-29 09:06:38.564,Normal,2025-10-20 12:23:37.041,2026-04-29 13:48:37.000,No,39.95749,-75.26755,FlexNetId: 50482062,FlexNet900K24,930.5125 MHz,29,901.8375 MHz
55215,true,,DALEVILL-342R2,RTMx,No,FlexNet,Enabled,4110005,No,2026-07-29 09:12:55.733,Normal,2025-10-20 12:37:00.097,2026-04-12 09:09:24.000,No,39.834127846173,-75.75963545389564,FlexNetId: 50482061,FlexNet900K24,930.5125 MHz,47,901.8375 MHz
55216,true,,CLAY-353R1,RTMx,No,FlexNet,Enabled,4110005,No,2026-07-29 09:09:11.290,Normal,2025-10-20 12:37:00.287,2025-11-16 09:00:27.000,No,39.7695803,-75.8541973,FlexNetId: 50482088,FlexNet900K24,930.5125 MHz,38,901.8375 MHz
55217,true,,FOXCHASE-134RM2,RTMx,No,FlexNet,Enabled,4110005,No,2026-07-29 09:19:05.643,Normal,2025-10-23 10:34:27.072,2025-12-01 09:00:16.000,No,40.0739799,-75.0830149,FlexNetId: 50482084,FlexNet900K24,930.5125 MHz,48,901.8375 MHz
55218,true,,MACDADE-136T1174,RTMx,No,FlexNet,Enabled,4110005,No,2026-07-29 09:11:53.516,Normal,2025-10-23 10:34:27.176,2026-04-04 13:56:18.000,No,39.90772,-75.32293,FlexNetId: 50482074,FlexNet900K24,930.5125 MHz,28,901.8375 MHz
55220,true,,UPPERDAR-135T937,RTMx,No,FlexNet,Enabled,4110005,No,2026-07-29 09:15:16.531,Normal,2025-10-23 10:34:27.454,2026-04-07 08:42:26.000,No,39.95051,-75.25856,FlexNetId: 50482087,FlexNet900K24,930.5125 MHz,25,901.8375 MHz
55222,true,,LINE-1600R1,RTMx,No,FlexNet,Enabled,4110005,No,2026-07-29 09:18:56.104,Normal,2025-10-23 10:34:27.628,2026-02-27 08:19:02.000,No,40.193834621736265,-75.57856245177707,FlexNetId: 50482093,FlexNet900K24,930.5125 MHz,23,901.8375 MHz
55223,true,,UPPERDAR-135T964,RTMx,No,FlexNet,Enabled,4110005,No,2026-07-29 09:06:43.039,Normal,2025-10-23 10:34:27.714,2026-04-04 10:07:50.000,No,39.9377,-75.25135,FlexNetId: 50482072,FlexNet900K24,930.5125 MHz,45,901.8375 MHz
55226,true,,PARRISH-133T650,RTMx,No,FlexNet,Enabled,4110005,No,2026-07-29 09:08:28.185,Normal,2025-10-23 10:34:28.034,2026-01-07 09:04:02.000,No,39.93945,-75.22254,FlexNetId: 50481954,FlexNet900K24,930.5125 MHz,34,901.8375 MHz
55227,true,,UPPERDAR-161RM1,RTMx,No,FlexNet,Enabled,4110005,No,2026-07-29 09:17:58.406,Normal,2025-10-23 10:34:28.121,2026-05-01 09:43:59.000,No,39.96028,-75.25588,FlexNetId: 50482083,FlexNet900K24,930.5125 MHz,38,901.8375 MHz
55228,true,,LINE-583RM2,RTMx,No,FlexNet,Enabled,4110005,No,2026-07-29 09:17:27.286,Normal,2025-10-23 10:34:28.282,2026-01-05 09:50:24.000,No,39.977656,-75.115076,FlexNetId: 50482068,FlexNet900K24,930.5125 MHz,26,901.8375 MHz
55229,true,,LINE-583RS1,RTMx,No,FlexNet,Enabled,4110005,No,2026-07-29 09:17:28.967,Normal,2025-10-23 10:34:28.375,2026-01-05 08:41:10.000,No,39.98025,-75.11646,FlexNetId: 50481956,FlexNet900K24,930.5125 MHz,44,901.8375 MHz
55231,true,,CONCORD-348RM1,RTMx,No,FlexNet,Enabled,4110005,No,2026-07-29 09:18:54.799,Normal,2025-10-23 10:34:28.541,2026-03-31 14:34:52.000,No,39.8725,-75.5009,FlexNetId: 50482043,FlexNet900K24,930.5125 MHz,33,901.8375 MHz
55232,true,,UPPERDAR-142S1,RTMx,No,FlexNet,Enabled,4110005,No,2026-07-29 09:16:54.199,Normal,2025-10-23 10:34:28.643,2026-03-26 12:40:33.000,No,39.944785,-75.26196,FlexNetId: 50482073,FlexNet900K24,930.5125 MHz,53,901.8375 MHz
55233,true,,UPPERDAR-131RM2,RTMx,No,FlexNet,Enabled,4110005,No,2026-07-29 09:15:57.608,Normal,2025-10-23 10:34:28.746,2026-01-22 11:39:32.000,No,39.958815,-75.262477,FlexNetId: 50481955,FlexNet900K24,930.5125 MHz,32,901.8375 MHz
55234,true,,LINE-564T1055,RTMx,No,FlexNet,Enabled,4110005,No,2026-07-29 09:10:38.556,Normal,2025-10-23 10:34:28.828,2026-01-05 11:08:10.000,No,39.983894,-75.120059,FlexNetId: 50482045,FlexNet900K24,930.5125 MHz,59,901.8375 MHz
55235,true,,COCHRANV-341T156,RTMx,No,FlexNet,Enabled,4110005,No,2026-07-29 09:18:19.273,Normal,2025-10-23 10:34:28.929,2026-05-28 11:40:09.000,No,39.89474,-75.90927,FlexNetId: 50482071,FlexNet900K24,930.5125 MHz,64,901.8375 MHz
55236,true,,PARRISH-143RM1,RTMx,No,FlexNet,Enabled,4110005,No,2026-07-29 09:18:24.084,Normal,2025-10-23 10:34:29.013,2025-12-11 08:52:39.000,No,39.96,-75.199,FlexNetId: 50482080,FlexNet900K24,930.5125 MHz,30,901.8375 MHz
55237,true,,HOLMESBU-134T1300,RTMx,No,FlexNet,Enabled,4110005,No,2026-07-29 09:19:06.541,Normal,2025-10-23 10:34:29.112,2025-12-18 11:31:24.000,No,40.05532,-75.04582,FlexNetId: 50482067,FlexNet900K24,930.5125 MHz,36,901.8375 MHz
55238,true,,WANEETA-140RM3,RTMx,No,FlexNet,Enabled,4110005,No,2026-07-29 09:19:42.380,Normal,2025-10-23 10:34:29.197,2025-12-04 11:01:28.000,No,39.99862,-75.11737,FlexNetId: 50482066,FlexNet900K24,930.5125 MHz,32,901.8375 MHz
55239,true,,CONCORD-349RM3,RTMx,No,FlexNet,Enabled,4110005,No,2026-07-29 09:15:26.145,Normal,2025-10-23 10:34:29.412,2025-11-09 10:24:41.000,No,39.897,-75.56,FlexNetId: 50482039,FlexNet900K24,930.5125 MHz,70,901.8375 MHz
55240,true,,WANEETA-137T1175,RTMx,No,FlexNet,Enabled,4110005,No,2026-07-29 09:20:38.652,Normal,2025-10-23 10:34:29.496,2025-12-05 09:02:00.000,No,39.999076,-75.120779,FlexNetId: 50482055,FlexNet900K24,930.5125 MHz,41,901.8375 MHz
55241,true,,CONCORD-349RM2,RTMx,No,FlexNet,Enabled,4110005,No,2026-07-29 09:14:48.470,Normal,2025-10-23 10:34:29.578,2026-04-02 12:55:09.000,No,39.9019,-75.5644,FlexNetId: 50481958,FlexNet900K24,930.5125 MHz,61,901.8375 MHz
55242,true,,BLUEGRAS-134RS4,RTMx,No,FlexNet,Enabled,4110005,No,2026-07-29 09:11:09.694,Normal,2025-10-23 10:34:29.667,2026-05-06 09:38:28.000,No,40.08061,-75.03678,FlexNetId: 50482069,FlexNet900K24,930.5125 MHz,24,901.8375 MHz
55243,true,,LINE-564RM2,RTMx,No,FlexNet,Enabled,4110005,No,2026-07-29 09:18:34.117,Normal,2025-10-23 10:34:29.744,2026-01-06 08:51:44.000,No,39.9853,-75.125636,FlexNetId: 50482040,FlexNet900K24,930.5125 MHz,46,901.8375 MHz
55244,true,,LENAPE-351R2,RTMx,No,FlexNet,Enabled,4110005,No,2026-07-29 09:14:34.129,Normal,2025-10-23 10:34:29.840,2026-03-08 09:15:07.000,No,39.859763,-75.646357,FlexNetId: 50482077,FlexNet900K24,930.5125 MHz,32,901.8375 MHz
55245,true,,UPPERDAR-131T978,RTMx,No,FlexNet,Enabled,4110005,No,2026-07-29 09:09:00.366,Normal,2025-10-23 10:34:29.926,2026-01-22 10:55:05.000,No,39.958541,-75.260378,FlexNetId: 50482048,FlexNet900K24,930.5125 MHz,32,901.8375 MHz
55246,true,,NEWLINVI-343RM4,RTMx,No,FlexNet,Enabled,4110005,No,2026-07-29 09:17:41.007,Normal,2025-10-23 10:34:30.030,2026-02-13 09:11:37.000,No,40.036543,-75.767225,FlexNetId: 50482060,FlexNet900K24,930.5125 MHz,33,901.8375 MHz
55247,true,,PULASKI-131T97,RTMx,No,FlexNet,Enabled,4110005,No,2026-07-29 09:12:28.867,Normal,2025-10-23 10:34:30.121,2025-12-09 09:54:16.000,No,40.0248,-75.1734,FlexNetId: 50482057,FlexNet900K24,930.5125 MHz,30,901.8375 MHz
55248,true,,CONCORD-351T825,RTMx,No,FlexNet,Enabled,4110005,No,2026-07-29 09:08:47.646,Normal,2025-10-23 10:34:30.202,2026-05-31 09:58:31.000,No,39.931,-75.551,FlexNetId: 50482075,FlexNet900K24,930.5125 MHz,21,901.8375 MHz
55249,true,,MASTER-143S3,RTMx,No,FlexNet,Enabled,4110005,No,2026-07-29 09:17:01.859,Normal,2025-10-23 10:34:30.310,2026-05-14 11:19:19.000,No,39.97027,-75.17039,FlexNetId: 50482085,FlexNet900K24,930.5125 MHz,46,901.8375 MHz
55250,true,,EAGLE-341T1185,RTMx,No,FlexNet,Enabled,4110005,No,2026-07-29 09:08:23.107,Normal,2025-10-23 10:34:30.390,2025-11-24 13:35:50.000,No,40.06247,-75.66967,FlexNetId: 50481953,FlexNet900K24,930.5125 MHz,13,901.8375 MHz
55305,true,,CALLOWHI-135RM1,RTMx,No,FlexNet,Enabled,4110005,No,2026-07-29 09:17:01.564,Normal,2025-10-27 10:39:10.076,2025-11-17 12:22:16.000,No,39.96186,-75.14325,FlexNetId: 50487004,FlexNet900K24,930.5125 MHz,33,901.8375 MHz
55306,true,,MASTER-131RM1,RTMx,No,FlexNet,Enabled,4110005,No,2026-07-29 09:20:38.156,Normal,2025-10-27 10:39:10.168,2025-11-17 10:21:24.000,No,39.97107,-75.17953,FlexNetId: 50487010,FlexNet900K24,930.5125 MHz,33,901.8375 MHz
55314,true,,PERKIOME-351T148,RTMx,No,FlexNet,Enabled,4110005,No,2026-07-29 09:12:33.750,Normal,2025-10-27 10:39:11.567,2026-04-07 08:35:50.000,No,40.24011,-75.42751,FlexNetId: 50487083,FlexNet900K24,930.5125 MHz,22,901.8375 MHz
55318,true,,PLANEBRO-342RM3,RTMx,No,FlexNet,Enabled,4110005,No,2026-07-29 09:12:41.938,Normal,2025-10-27 10:39:12.959,2026-05-20 13:40:16.000,No,40.05747,-75.61732,FlexNetId: 50487020,FlexNet900K24,930.5125 MHz,18,901.8375 MHz
55320,true,,GRAYSFER-141S1,RTMx,No,FlexNet,Enabled,4110005,No,2026-07-29 09:06:03.104,Normal,2025-10-27 10:39:13.286,2025-11-14 09:30:35.000,No,39.941958,-75.167088,FlexNetId: 50487009,FlexNet900K24,930.5125 MHz,34,901.8375 MHz
55322,true,,ANGORA-131S5,RTMx,No,FlexNet,Enabled,4110005,No,2026-07-29 09:19:59.245,Normal,2025-10-27 10:39:13.532,2025-11-19 09:40:02.000,No,39.96096,-75.23924,FlexNetId: 50487015,FlexNet900K24,930.5125 MHz,35,901.8375 MHz
55335,true,,CALLOWHI-132RM4,RTMx,No,FlexNet,Enabled,4110005,No,2026-07-29 09:18:42.160,Normal,2025-11-03 16:52:55.984,2026-04-26 08:02:17.000,No,39.96623,-75.17461,FlexNetId: 50487116,FlexNet900K24,930.5125 MHz,34,901.8375 MHz
55338,true,,NEWSQUA-134S1,RTMx,No,FlexNet,Enabled,4110005,No,2026-07-29 09:16:10.894,Normal,2025-11-03 16:52:56.423,2026-02-15 10:13:39.000,No,39.9858,-75.4176,FlexNetId: 50487102,FlexNet900K24,930.5125 MHz,37,901.8375 MHz
55346,true,,UPPERDAR-131T966,RTMx,No,FlexNet,Enabled,4110005,No,2026-07-29 09:10:42.428,Normal,2025-11-03 16:52:57.372,2026-04-30 07:20:35.000,No,39.956488,-75.262452,FlexNetId: 50487022,FlexNet900K24,930.5125 MHz,34,901.8375 MHz
55363,true,,NEWSQUA-131RM3,RTMx,No,FlexNet,Enabled,4110005,No,2026-07-29 09:19:32.179,Normal,2025-11-19 08:02:53.490,2026-07-12 09:41:27.000,No,39.998814,-75.389503,FlexNetId: 50487108,FlexNet900K24,930.5125 MHz,33,901.8375 MHz
55371,true,,LINE-1800RM2,RTMx,No,FlexNet,Enabled,4110005,No,2026-07-29 09:19:53.662,Normal,2025-11-19 08:02:54.438,2026-02-15 13:29:08.000,No,40.12987,-75.52469,FlexNetId: 50487075,FlexNet900K24,930.5125 MHz,45,901.8375 MHz
55375,true,,UPPERDAR-134T962,RTMx,No,FlexNet,Enabled,4110005,No,2026-07-29 09:13:28.895,Normal,2025-11-19 08:02:54.916,2026-05-03 09:35:13.000,No,39.93089,-75.26957,FlexNetId: 50487050,FlexNet900K24,930.5125 MHz,29,901.8375 MHz
55378,true,,GOSHEN-343R1,RTMx,No,FlexNet,Enabled,4110005,No,2026-07-29 09:05:57.667,Normal,2025-11-19 08:02:55.265,2026-05-17 11:03:32.000,No,39.9666,-75.59183,FlexNetId: 50487054,FlexNet900K24,930.5125 MHz,41,901.8375 MHz
55379,true,,WAYNE-146RM1,RTMx,No,FlexNet,Enabled,4110005,No,2026-07-29 09:06:07.397,Normal,2025-11-19 08:02:55.458,2026-02-10 11:19:47.000,No,40.05269,-75.34876,FlexNetId: 50487027,FlexNet900K24,930.5125 MHz,23,901.8375 MHz
55384,true,,NEWLINVI-354T159,RTMx,No,FlexNet,Enabled,4110005,No,2026-07-29 09:10:44.488,Normal,2025-11-19 08:02:56.028,2025-12-03 12:38:49.000,No,40.020201,-75.938836,FlexNetId: 50487088,FlexNet900K24,930.5125 MHz,36,901.8375 MHz
55387,true,,MORTON-140RM2,RTMx,No,FlexNet,Enabled,4110005,No,2026-07-29 09:20:01.111,Normal,2025-11-19 08:02:56.414,2026-06-16 09:14:41.000,No,39.919603,-75.340936,FlexNetId: 50487007,FlexNet900K24,930.5125 MHz,31,901.8375 MHz
55389,true,,UPPERDAR-135RM2,RTMx,No,FlexNet,Enabled,4110005,No,2026-07-29 09:12:24.668,Normal,2025-11-19 08:02:56.653,2026-05-03 07:59:24.000,No,39.94871,-75.25685,FlexNetId: 50487077,FlexNet900K24,930.5125 MHz,39,901.8375 MHz
55390,true,,UPPERDAR-136T965,RTMx,No,FlexNet,Enabled,4110005,No,2026-07-29 09:14:08.182,Normal,2025-11-19 08:02:56.759,2026-04-07 10:32:04.000,No,39.95857,-75.25277,FlexNetId: 50487059,FlexNet900K24,930.5125 MHz,24,901.8375 MHz
55391,true,,LLANERCH-147RS1,RTMx,No,FlexNet,Enabled,4110005,No,2026-07-29 09:18:24.635,Normal,2025-11-19 08:02:56.856,2026-02-19 08:53:02.000,No,39.941605,-75.283609,FlexNetId: 50487112,FlexNet900K24,930.5125 MHz,26,901.8375 MHz
55393,true,,UPPERDAR-139RM2,RTMx,No,FlexNet,Enabled,4110005,No,2026-07-29 09:15:25.116,Normal,2025-11-19 08:02:57.060,2026-04-03 11:42:50.000,No,39.942437,-75.26636,FlexNetId: 50487096,FlexNet900K24,930.5125 MHz,65,901.8375 MHz
55394,true,,UPPERDAR-136S1,RTMx,No,FlexNet,Enabled,4110005,No,2026-07-29 09:20:28.206,Normal,2025-11-19 08:02:57.202,2026-04-30 09:13:58.000,No,39.956497,-75.258293,FlexNetId: 50487058,FlexNet900K24,930.5125 MHz,45,901.8375 MHz
55395,true,,COCHRANV-341RM1,RTMx,No,FlexNet,Enabled,4110005,No,2026-07-29 09:09:55.632,Normal,2025-11-19 08:02:57.298,2026-05-28 10:05:22.000,No,39.82416,-75.96078,FlexNetId: 50487109,FlexNet900K24,930.5125 MHz,51,901.8375 MHz
55398,true,,PLANEBRO-351RM1,RTMx,No,FlexNet,Enabled,4110005,No,2026-07-29 09:10:28.577,Normal,2025-11-19 08:02:57.656,2026-06-19 08:37:58.000,No,40.035073,-75.52763,FlexNetId: 50487028,FlexNet900K24,930.5125 MHz,74,901.8375 MHz
55400,true,,LINE-600T164,RTMx,No,FlexNet,Enabled,4110005,No,2026-07-29 09:19:23.673,Normal,2025-11-19 08:02:57.879,2026-04-30 12:34:28.000,No,40.14616,-75.39462,FlexNetId: 50487089,FlexNet900K24,930.5375 MHz,40,901.8875 MHz
55404,true,,FOXCHASE-140RS3,RTMx,No,FlexNet,Enabled,4110005,No,2026-07-29 09:20:16.613,Normal,2025-11-19 08:02:58.294,2026-03-01 08:32:14.000,No,40.056299,-75.05358,FlexNetId: 50487053,FlexNet900K24,930.5125 MHz,45,901.8375 MHz
55406,true,,CONCORD-349T90,RTMx,No,FlexNet,Enabled,4110005,No,2026-07-29 09:08:11.763,Normal,2025-11-19 08:02:58.502,2026-02-06 08:35:27.000,No,39.87281,-75.54474,FlexNetId: 50487114,FlexNet900K24,930.5125 MHz,18,901.8375 MHz
55408,true,,LINE-10100RM1,RTMx,No,FlexNet,Enabled,4110005,No,2026-07-29 09:20:47.634,Normal,2025-11-19 08:02:58.758,2026-04-07 10:40:47.000,No,40.175,-74.85799,FlexNetId: 50487086,FlexNet900K24,930.5125 MHz,68,901.8375 MHz
55409,true,,UPPERDAR-132S2,RTMx,No,FlexNet,Enabled,4110005,No,2026-07-29 09:19:41.892,Normal,2025-11-19 08:02:58.869,2026-05-01 08:19:47.000,No,39.95578,-75.26853,FlexNetId: 50487090,FlexNet900K24,930.5125 MHz,37,901.8375 MHz
55410,true,,LENAPE-343S2,RTMx,No,FlexNet,Enabled,4110005,No,2026-07-29 09:06:24.692,Normal,2025-11-19 08:02:58.980,2026-05-27 10:33:58.000,No,39.906262,-75.905995,FlexNetId: 50487031,FlexNet900K24,930.5125 MHz,18,901.8375 MHz
55411,true,,CONCORD-348RS3,RTMx,No,FlexNet,Enabled,4110005,No,2026-07-29 09:20:06.282,Normal,2025-11-19 08:02:59.083,2026-07-23 14:52:26.000,No,39.865,-75.517,FlexNetId: 50487087,FlexNet900K24,930.5125 MHz,26,901.8375 MHz
55415,true,,UPPERDAR-132T1023,RTMx,No,FlexNet,Enabled,4110005,No,2026-07-29 09:13:18.412,Normal,2025-11-19 08:02:59.510,2026-04-29 12:35:02.000,No,39.95479,-75.26476,FlexNetId: 50487093,FlexNet900K24,930.5125 MHz,30,901.8375 MHz
55420,true,,UPPERDAR-142RM1,RTMx,No,FlexNet,Enabled,4110005,No,2026-07-29 09:17:31.252,Normal,2025-11-19 08:03:00.365,2026-03-25 10:42:55.000,No,39.94846,-75.2607,FlexNetId: 50487110,FlexNet900K24,930.5125 MHz,31,901.8375 MHz
55422,true,,PERKIOME-343RM1,RTMx,No,FlexNet,Enabled,4110005,No,2026-07-29 09:20:30.776,Normal,2025-11-19 08:03:00.587,2026-04-28 13:14:32.000,No,40.21164,-75.50318,FlexNetId: 50487113,FlexNet900K24,930.5125 MHz,51,901.8375 MHz
55425,true,,CLAY-343R3,RTMx,No,FlexNet,Enabled,4110005,No,2026-07-29 09:09:17.775,Normal,2025-11-19 08:03:00.964,2026-07-23 09:05:03.000,No,39.8790146,-75.777046,FlexNetId: 50487118,FlexNet900K24,930.5125 MHz,33,901.8375 MHz
55426,true,,NEWSQUA-131T6,RTMx,No,FlexNet,Enabled,4110005,No,2026-07-29 09:16:57.107,Normal,2025-11-19 08:03:01.113,2026-07-02 08:33:22.000,No,40.013174,-75.386615,FlexNetId: 50487106,FlexNet900K24,930.5125 MHz,15,901.8375 MHz
55433,true,,MORTON-131RM1,RTMx,No,FlexNet,Enabled,4110005,No,2026-07-29 09:13:09.406,Normal,2025-11-19 08:03:02.029,2026-05-09 12:08:35.000,No,39.91282,-75.34982,FlexNetId: 50487120,FlexNet900K24,930.5125 MHz,37,901.8375 MHz
55455,true,,RICHMOND-137T159,RTMx,No,FlexNet,Enabled,4110005,No,2026-07-29 09:13:27.548,Normal,2025-11-19 08:03:04.727,2026-03-15 08:49:31.000,No,40.0107,-75.07882,FlexNetId: 50487261,FlexNet900K24,930.5125 MHz,30,901.8375 MHz
55456,true,,UPPERDAR-139S3,RTMx,No,FlexNet,Enabled,4110005,No,2026-07-29 09:20:45.176,Normal,2025-11-19 08:03:04.860,2026-04-03 08:39:27.000,No,39.93442,-75.26769,FlexNetId: 50487215,FlexNet900K24,930.5125 MHz,36,901.8375 MHz
55457,true,,UPPERDAR-142R2,RTMx,No,FlexNet,Enabled,4110005,No,2026-07-29 09:20:28.834,Normal,2025-11-19 08:03:04.987,2026-03-26 09:31:43.000,No,39.950602,-75.2593,FlexNetId: 50487227,FlexNet900K24,930.5125 MHz,26,901.8375 MHz
55461,true,,PULASKI-135T165,RTMx,No,FlexNet,Enabled,4110005,No,2026-07-29 09:08:43.457,Normal,2025-11-19 08:03:05.315,2026-01-22 08:50:53.000,No,40.042945,-75.166919,FlexNetId: 50487257,FlexNet900K24,930.5125 MHz,22,901.8375 MHz
55462,true,,FOXCHASE-140RM2,RTMx,No,FlexNet,Enabled,4110005,No,2026-07-29 09:18:54.668,Normal,2025-11-19 08:03:05.441,2026-04-07 08:31:14.000,No,40.06096,-75.04852,FlexNetId: 50487238,FlexNet900K24,930.5125 MHz,35,901.8375 MHz
55465,true,,MASTER-143S5,RTMx,No,FlexNet,Enabled,4110005,No,2026-07-29 09:20:50.292,Normal,2025-11-19 08:03:05.795,2026-05-14 09:03:02.000,No,39.96991,-75.16966,FlexNetId: 50487237,FlexNet900K24,930.5125 MHz,39,901.8375 MHz
55466,true,,CRESCENT-136S1,RTMx,No,FlexNet,Enabled,4110005,No,2026-07-29 09:20:32.554,Normal,2025-11-19 08:03:05.922,2026-03-22 08:35:16.000,No,40.02024,-75.9036,FlexNetId: 50487250,FlexNet900K24,930.5125 MHz,31,901.8375 MHz
55467,true,,BLUEGRAS-134RM2,RTMx,No,FlexNet,Enabled,4110005,No,2026-07-29 09:16:29.655,Normal,2025-11-19 08:03:06.034,2026-05-05 08:43:54.000,No,40.07697,-75.0355,FlexNetId: 50487264,FlexNet900K24,930.5125 MHz,23,901.8375 MHz
55468,true,,HOLMESBU-138RM3,RTMx,No,FlexNet,Enabled,4110005,No,2026-07-29 09:18:52.100,Normal,2025-11-19 08:03:06.151,2026-01-16 09:43:32.000,No,40.032521,-75.059894,FlexNetId: 50487270,FlexNet900K24,930.5125 MHz,40,901.8375 MHz
55469,true,,HOLMESBU-139T1178,RTMx,No,FlexNet,Enabled,4110005,No,2026-07-29 09:14:28.914,Normal,2025-11-19 08:03:06.252,2026-04-07 09:41:40.000,No,40.06093,-75.04793,FlexNetId: 50487239,FlexNet900K24,930.5125 MHz,20,901.8375 MHz
55516,true,,CALLOWHI-132S7,RTMx,No,FlexNet,Enabled,4110005,No,2026-07-29 09:20:05.782,Normal,2025-11-19 08:03:06.766,2026-04-27 09:38:44.000,No,39.97095,-75.17589,FlexNetId: 50487225,FlexNet900K24,930.5125 MHz,12,901.8375 MHz
55518,true,,MOSER-364R1,RTMx,No,FlexNet,Enabled,4110005,No,2026-07-29 09:08:22.705,Normal,2025-11-19 08:03:06.990,2026-04-03 09:39:10.000,No,40.21876,-75.63684,FlexNetId: 50487214,FlexNet900K24,930.5125 MHz,34,901.8375 MHz
55525,true,,UPPERDAR-135T963,RTMx,No,FlexNet,Enabled,4110005,No,2026-07-29 09:15:45.528,Normal,2025-11-19 08:03:07.843,2026-05-01 11:12:29.000,No,39.94389,-75.25592,FlexNetId: 50487236,FlexNet900K24,930.5125 MHz,55,901.8375 MHz
55526,true,,UPPERDAR-136T967,RTMx,No,FlexNet,Enabled,4110005,No,2026-07-29 09:20:24.596,Normal,2025-11-19 08:03:07.960,2026-04-30 11:43:16.000,No,39.955246,-75.256072,FlexNetId: 50487251,FlexNet900K24,930.5125 MHz,29,901.8375 MHz
55529,true,,UPPRPROV-342RM2,RTMx,No,FlexNet,Enabled,4110005,No,2026-07-29 09:20:18.160,Normal,2025-11-19 08:03:08.266,2026-04-03 12:56:13.000,No,40.15639,-75.48577,FlexNetId: 50487255,FlexNet900K24,930.5125 MHz,47,901.8375 MHz
55530,true,,MACDADE-142S3,RTMx,No,FlexNet,Enabled,4110005,No,2026-07-29 09:16:32.126,Normal,2025-11-19 08:03:08.372,2026-04-01 11:27:16.000,No,39.90444,-75.32051,FlexNetId: 50487407,FlexNet900K24,930.5125 MHz,28,901.8375 MHz
55641,true,,LINE-1098T282,RTMx,No,FlexNet,Enabled,4110005,No,2026-07-29 09:15:12.540,Normal,2025-12-01 11:20:02.659,2026-03-16 08:56:50.000,No,39.98555,-75.182823,FlexNetId: 50487416,FlexNet900K24,930.5125 MHz,45,901.8375 MHz
55643,true,,UPPERDAR-139S1,RTMx,No,FlexNet,Enabled,4110005,No,2026-07-29 09:07:03.732,Normal,2025-12-01 11:20:02.881,2026-04-03 10:08:53.000,No,39.94864,-75.26774,FlexNetId: 50487242,FlexNet900K24,930.5125 MHz,53,901.8375 MHz
55628,true,,UPPERDAR-135S2,RTMx,No,FlexNet,Enabled,4110005,No,2026-07-29 09:18:06.296,Normal,2025-12-01 11:20:53.997,2026-04-04 12:31:39.000,No,39.93816,-75.25521,FlexNetId: 50487146,FlexNet900K24,930.5125 MHz,60,901.8375 MHz
55630,true,,CRESCENT-139T70,RTMx,No,FlexNet,Enabled,4110005,No,2026-07-29 09:13:30.432,Normal,2025-12-01 11:20:54.205,2026-04-24 08:40:11.000,No,40.02292,-75.12282,FlexNetId: 50487413,FlexNet900K24,930.5125 MHz,32,901.8375 MHz
55631,true,,CONCORD-352T255,RTMx,No,FlexNet,Enabled,4110005,No,2026-07-29 09:15:22.951,Normal,2025-12-01 11:25:54.287,2026-03-08 11:37:17.000,No,39.88686,-75.4596,FlexNetId: 50487153,FlexNet900K24,930.5125 MHz,26,901.8375 MHz
55632,true,,MIDDLETO-349T63,RTMx,No,FlexNet,Enabled,4110005,No,2026-07-29 09:15:18.326,Normal,2025-12-01 11:25:54.450,2026-03-08 11:39:31.000,No,39.984279,-75.419177,FlexNetId: 50487148,FlexNet900K24,930.5125 MHz,48,901.8375 MHz
53670,true,,PLYMOUTH-183RM1,RTMx,No,FlexNet,Enabled,4110005,No,2026-07-29 09:19:39.237,Normal,2025-12-18 10:48:05.416,2025-12-18 10:48:06.000,No,40.091873,-75.276452,FlexNetId: 50480585,FlexNet900K24,930.5125 MHz,42,901.8375 MHz
55711,true,,FOULK-141RM2,RTMx,No,FlexNet,Enabled,4110005,No,2026-07-29 09:15:22.337,Normal,2025-12-19 10:27:25.966,2026-03-15 09:57:25.000,No,39.877794,-75.43836,FlexNetId: 50487170,FlexNet900K24,930.5125 MHz,15,901.8375 MHz
55712,true,,FALLS-351T1372,RTMx,No,FlexNet,Enabled,4110005,No,2026-07-29 09:09:34.740,Normal,2025-12-19 10:27:26.114,2026-03-11 17:10:46.000,No,40.18239,-74.8202,FlexNetId: 50487185,FlexNet900K24,930.5125 MHz,20,901.8375 MHz
55714,true,,NEWLINVI-342RM3,RTMx,No,FlexNet,Enabled,4110005,No,2026-07-29 09:19:35.170,Normal,2025-12-19 10:27:26.937,2026-03-22 11:08:45.000,No,40.06085,-75.80179,FlexNetId: 50487166,FlexNet900K24,930.5125 MHz,42,901.8375 MHz
55716,true,,CHICHEST-139T178,RTMx,No,FlexNet,Enabled,4110005,No,2026-07-29 09:19:59.068,Normal,2025-12-19 10:27:27.262,2026-04-12 12:25:01.000,No,39.85771,-75.40824,FlexNetId: 50487408,FlexNet900K24,930.5125 MHz,33,901.8375 MHz
55717,true,,UPPERDAR-142S2,RTMx,No,FlexNet,Enabled,4110005,No,2026-07-29 09:06:43.693,Normal,2025-12-19 10:27:27.397,2026-03-25 12:33:55.000,No,39.950054,-75.26183,FlexNetId: 50487387,FlexNet900K24,930.5125 MHz,31,901.8375 MHz
55719,true,,MACDADE-137RM4,RTMx,No,FlexNet,Enabled,4110005,No,2026-07-29 09:19:15.159,Normal,2025-12-19 10:27:27.668,2026-06-20 08:48:08.000,No,39.89757,-75.274404,FlexNetId: 50487419,FlexNet900K24,930.5125 MHz,45,901.8375 MHz
55720,true,,PARRISH-140RMP2,RTMx,No,FlexNet,Enabled,4110005,No,2026-07-29 09:19:34.978,Normal,2025-12-19 10:27:27.825,2026-04-15 11:50:45.000,No,39.962518,-75.197244,FlexNetId: 50487409,FlexNet900K24,930.5125 MHz,23,901.8375 MHz
55722,true,,UPPERDAR-136RM2,RTMx,No,FlexNet,Enabled,4110005,No,2026-07-29 09:11:34.169,Normal,2025-12-19 10:27:28.117,2026-02-09 11:47:15.000,No,39.95496,-75.26156,FlexNetId: 50487404,FlexNet900K24,930.5125 MHz,28,901.8375 MHz
55724,true,,PARRISH-141RMP7,RTMx,No,FlexNet,Enabled,4110005,No,2026-07-29 09:16:39.273,Normal,2025-12-19 10:27:28.388,2026-07-21 09:38:37.000,No,39.960462,-75.201903,FlexNetId: 50487265,FlexNet900K24,930.5375 MHz,41,901.8625 MHz
55726,true,,UPPERDAR-131RM1,RTMx,No,FlexNet,Enabled,4110005,No,2026-07-29 09:20:24.188,Normal,2025-12-19 10:27:28.658,2026-03-14 08:53:03.000,No,39.95959,-75.26178,FlexNetId: 50487285,FlexNet900K24,930.5125 MHz,21,901.8375 MHz
55728,true,,MACDADE-142T16,RTMx,No,FlexNet,Enabled,4110005,No,2026-07-29 09:19:13.091,Normal,2025-12-19 10:27:29.555,2026-04-22 09:01:16.000,No,39.89471,-75.31426,FlexNetId: 50487312,FlexNet900K24,930.5125 MHz,17,901.8375 MHz
55729,true,,LENAPE-352RS5,RTMx,No,FlexNet,Enabled,4110005,No,2026-07-29 09:20:05.117,Normal,2025-12-19 10:27:29.723,2026-04-25 07:50:03.000,No,39.85957,-75.68738,FlexNetId: 50487307,FlexNet900K24,930.5125 MHz,34,901.8375 MHz
55734,true,,UPPERDAR-139T977,RTMx,No,FlexNet,Enabled,4110005,No,2026-07-29 09:20:10.561,Normal,2025-12-19 10:27:30.435,2026-02-24 13:40:58.000,No,39.94302,-75.26268,FlexNetId: 50487375,FlexNet900K24,930.5125 MHz,43,901.8375 MHz
55753,true,,UPPERDAR-136RM1,RTMx,No,FlexNet,Enabled,4110005,No,2026-07-29 09:18:15.785,Normal,2025-12-19 10:27:33.861,2026-03-01 07:25:11.000,No,39.95525,-75.26422,FlexNetId: 50487174,FlexNet900K24,930.5125 MHz,36,901.8375 MHz
53674,true,,BUCKINGH-353R2,RTMx,No,FlexNet,Enabled,4110005,No,2026-07-29 09:12:12.755,Normal,2026-02-06 12:20:32.176,2026-02-06 12:20:32.000,No,40.2231,-75.0247,FlexNetId: 50480549,FlexNet900K24,930.5125 MHz,82,901.8375 MHz
55356,true,,UPPERDAR-142S3,RTMx,No,FlexNet,Enabled,4110005,No,2026-07-29 09:18:16.483,Normal,2026-03-26 11:29:29.039,2026-03-26 11:29:29.000,No,39.952497,-75.26104,FlexNetId: 50487045,FlexNet900K24,930.5125 MHz,39,901.8375 MHz
56000,true,,CLAY-341R4,RTMx,No,FlexNet,Enabled,4110005,No,2026-07-29 09:18:58.443,Normal,2026-04-02 08:47:50.450,2026-07-23 10:58:19.000,No,39.795152,-75.816131,FlexNetId: 50487322,FlexNet900K24,930.5125 MHz,28,901.8375 MHz
56003,true,,CEDARBRO-134T1103,RTMx,No,FlexNet,Enabled,4110005,No,2026-07-29 09:14:00.060,Normal,2026-04-02 08:47:50.769,2026-05-29 08:20:19.000,No,40.059064,-75.175754,FlexNetId: 50487295,FlexNet900K24,930.5125 MHz,25,901.8375 MHz
56006,true,,GLADWYNE-132RM2,RTMx,No,FlexNet,Enabled,4110005,No,2026-07-29 09:19:26.730,Normal,2026-04-02 08:47:51.041,2026-06-17 10:43:25.000,No,40.035182,-75.301762,FlexNetId: 50487272,FlexNet900K24,930.5125 MHz,18,901.8375 MHz
55961,true,,LINE-718RM1,RTMx,No,FlexNet,Enabled,4110005,No,2026-07-29 09:16:44.029,Normal,2026-04-02 08:53:27.851,2026-05-22 08:28:38.000,No,39.97989,-75.11083,FlexNetId: 50487366,FlexNet900K24,930.5125 MHz,50,901.8375 MHz
55962,true,,LINE-718RS3,RTMx,No,FlexNet,Enabled,4110005,No,2026-07-29 09:16:54.097,Normal,2026-04-02 08:53:27.944,2026-05-25 07:21:53.000,No,39.98154,-75.1139,FlexNetId: 50487356,FlexNet900K24,930.5375 MHz,65,901.8625 MHz
55966,true,,PENCOYD-131T1098,RTMx,No,FlexNet,Enabled,4110005,No,2026-07-29 09:14:31.106,Normal,2026-04-02 08:53:28.308,2026-07-02 08:41:51.000,No,40.025568,-75.212512,FlexNetId: 50487335,FlexNet900K24,930.5125 MHz,32,901.8375 MHz
55970,true,,PARRISH-140RMP5,RTMx,No,FlexNet,Enabled,4110005,No,2026-07-29 09:19:03.858,Normal,2026-04-02 08:53:28.796,2026-04-15 11:39:19.000,No,39.963461,-75.197189,FlexNetId: 50487367,FlexNet900K24,930.5125 MHz,33,901.8375 MHz
55971,true,,CALLOWHI-133S4,RTMx,No,FlexNet,Enabled,4110005,No,2026-07-29 09:11:27.518,Normal,2026-04-02 08:53:28.904,2026-06-04 08:08:13.000,No,39.96842,-75.164468,FlexNetId: 50487331,FlexNet900K24,930.5125 MHz,39,901.8375 MHz
55973,true,,CLAY-353S4,RTMx,No,FlexNet,Enabled,4110005,No,2026-07-29 09:14:18.118,Normal,2026-04-02 08:53:29.141,2026-07-01 08:38:23.000,No,40.023901,-75.205067,FlexNetId: 50487296,FlexNet900K24,930.5125 MHz,39,901.8375 MHz
55974,true,,PASSYUNK-138RM1,RTMx,No,FlexNet,Enabled,4110005,No,2026-07-29 09:17:15.770,Normal,2026-04-02 08:53:29.230,2026-07-15 08:26:41.000,No,39.919501,-75.17251,FlexNetId: 50487303,FlexNet900K24,930.5125 MHz,51,901.8375 MHz
55977,true,,MASTER-143S6,RTMx,No,FlexNet,Enabled,4110005,No,2026-07-29 09:17:54.192,Normal,2026-04-02 08:53:29.495,2026-05-17 08:12:55.000,No,39.9709,-75.16601,FlexNetId: 50487291,FlexNet900K24,930.5125 MHz,38,901.8375 MHz
55983,true,,CEDARBRO-138RS5,RTMx,No,FlexNet,Enabled,4110005,No,2026-07-29 09:19:51.363,Normal,2026-04-02 08:53:30.216,2026-05-19 08:56:47.000,No,40.05203,-75.17534,FlexNetId: 50487360,FlexNet900K24,930.5125 MHz,26,901.8375 MHz
55984,true,,CEDARBRO-138S6,RTMx,No,FlexNet,Enabled,4110005,No,2026-07-29 09:19:07.084,Normal,2026-04-02 08:53:30.305,2026-05-19 10:03:09.000,No,40.05682,-75.17725,FlexNetId: 50487290,FlexNet900K24,930.5125 MHz,30,901.8375 MHz
55985,true,,CALLOWHI-133T1063,RTMx,No,FlexNet,Enabled,4110005,No,2026-07-29 09:07:11.540,Normal,2026-04-02 08:53:30.394,2026-05-17 09:48:54.000,No,39.97031,-75.16673,FlexNetId: 50487362,FlexNet900K24,930.5125 MHz,31,901.8375 MHz
55954,true,,PARRISH-140S4,RTMx,No,FlexNet,Enabled,4110005,No,2026-07-29 09:20:07.543,Normal,2026-04-02 08:59:55.495,2026-04-22 10:19:36.000,No,39.9627,-75.19331,FlexNetId: 50487334,FlexNet900K24,930.5125 MHz,15,901.8375 MHz
55955,true,,CALLOWHI-132S1,RTMx,No,FlexNet,Enabled,4110005,No,2026-07-29 09:15:49.577,Normal,2026-04-02 08:59:55.582,2026-04-29 09:13:01.000,No,39.96628,-75.17239,FlexNetId: 50487301,FlexNet900K24,930.5125 MHz,22,901.8375 MHz
55956,true,,MASTER-144S3,RTMx,No,FlexNet,Enabled,4110005,No,2026-07-29 09:20:48.936,Normal,2026-04-02 08:59:55.669,2026-07-09 10:09:14.000,No,39.987974,-75.162123,FlexNetId: 50487189,FlexNet900K24,930.5125 MHz,35,901.8375 MHz
55958,true,,CALLOWHI-132S6,RTMx,No,FlexNet,Enabled,4110005,No,2026-07-29 09:14:10.870,Normal,2026-04-02 08:59:55.847,2026-04-28 08:48:49.000,No,39.96973,-75.17516,FlexNetId: 50487187,FlexNet900K24,930.5125 MHz,55,901.8375 MHz
55959,true,,CALLOWHI-132T1093,RTMx,No,FlexNet,Enabled,4110005,No,2026-07-29 09:20:16.895,Normal,2026-04-02 08:59:55.941,2026-05-04 09:31:45.000,No,39.9691,-75.17011,FlexNetId: 50487195,FlexNet900K24,930.5125 MHz,49,901.8375 MHz
55942,true,,LINE-2787S2,RTMx,No,FlexNet,Enabled,4110005,No,2026-07-29 09:20:45.137,Normal,2026-04-02 09:03:20.011,2026-07-27 08:49:16.000,No,39.9547,-75.222,FlexNetId: 50487332,FlexNet900K24,930.5125 MHz,41,901.8375 MHz
55943,true,,LINE-2787RM1,RTMx,No,FlexNet,Enabled,4110005,No,2026-07-29 09:16:45.246,Normal,2026-04-02 09:03:20.117,2026-07-27 09:58:22.000,No,39.9502,-75.2131,FlexNetId: 50487192,FlexNet900K24,930.5125 MHz,37,901.8375 MHz
55944,true,,LINE-704T1110,RTMx,No,FlexNet,Enabled,4110005,No,2026-07-29 09:20:07.987,Normal,2026-04-02 09:03:20.235,2026-06-03 08:17:02.000,No,39.98311,-75.10468,FlexNetId: 50487340,FlexNet900K24,930.5125 MHz,41,901.8375 MHz
55945,true,,RICHMOND-136RM3,RTMx,No,FlexNet,Enabled,4110005,No,2026-07-29 09:13:28.658,Normal,2026-04-02 09:03:20.384,2026-06-02 08:10:51.000,No,39.985134,-75.107004,FlexNetId: 50487201,FlexNet900K24,930.5125 MHz,30,901.8375 MHz
55948,true,,LINE-718T1056,RTMx,No,FlexNet,Enabled,4110005,No,2026-07-29 09:17:04.509,Normal,2026-04-02 09:03:20.659,2026-06-03 09:29:17.000,No,39.9839,-75.11108,FlexNetId: 50487287,FlexNet900K24,930.5125 MHz,67,901.8375 MHz
55949,true,,LINE-718RM2,RTMx,No,FlexNet,Enabled,4110005,No,2026-07-29 09:16:53.441,Normal,2026-04-02 09:03:20.749,2026-05-22 09:43:36.000,No,39.98208,-75.1092,FlexNetId: 50487297,FlexNet900K24,930.5125 MHz,39,901.8375 MHz
55911,true,,LINTON-341S2,RTMx,No,FlexNet,Enabled,4110005,No,2026-07-29 09:14:46.020,Normal,2026-04-02 09:33:38.947,2026-04-10 09:24:45.000,No,40.246596,-74.868,FlexNetId: 50487346,FlexNet900K24,930.5125 MHz,25,901.8375 MHz
55913,true,,BUCKINGH-343R1,RTMx,No,FlexNet,Enabled,4110005,No,2026-07-29 09:18:43.435,Normal,2026-04-02 09:33:39.200,2026-04-07 08:35:31.000,No,40.2703,-74.9862,FlexNetId: 50487329,FlexNet900K24,930.5125 MHz,28,901.8375 MHz
55916,true,,PENCOYD-131RM4,RTMx,No,FlexNet,Enabled,4110005,No,2026-07-29 09:14:05.138,Normal,2026-04-02 09:33:39.511,2026-06-30 10:19:23.000,No,40.023514,-75.211406,FlexNetId: 50487351,FlexNet900K24,930.5125 MHz,49,901.8375 MHz
55918,true,,PENCOYD-131RS6,RTMx,No,FlexNet,Enabled,4110005,No,2026-07-29 09:19:18.751,Normal,2026-04-02 09:33:39.749,2026-07-01 08:35:29.000,No,40.023901,-75.205067,FlexNetId: 50487193,FlexNet900K24,930.5125 MHz,28,901.8375 MHz
55919,true,,PENCOYD-131S5,RTMx,No,FlexNet,Enabled,4110005,No,2026-07-29 09:08:54.729,Normal,2026-04-02 09:33:39.837,2026-06-30 08:44:18.000,No,40.030542,-75.209269,FlexNetId: 50487344,FlexNet900K24,930.5125 MHz,37,901.8375 MHz
55920,true,,PARRISH-141RM4,RTMx,No,FlexNet,Enabled,4110005,No,2026-07-29 09:19:55.040,Normal,2026-04-02 09:33:39.933,2026-06-08 09:36:12.000,No,39.949636,75.207112,FlexNetId: 50487357,FlexNet900K24,930.5125 MHz,37,901.8375 MHz
55935,true,,PARRISH-140S6,RTMx,No,FlexNet,Enabled,4110005,No,2026-07-29 09:10:00.856,Normal,2026-04-02 10:03:34.064,2026-04-22 08:36:29.000,No,39.96458,-75.19998,FlexNetId: 50487203,FlexNet900K24,930.5125 MHz,50,901.8375 MHz
55938,true,,BYBERRY-141RM1,RTMx,No,FlexNet,Enabled,4110005,No,2026-07-29 09:11:58.558,Normal,2026-04-02 10:03:34.313,2026-05-18 08:53:56.000,No,40.09547,-74.97648,FlexNetId: 50487349,FlexNet900K24,930.5125 MHz,41,901.8375 MHz
55357,true,,UPPERDAR-132S1,RTMx,No,FlexNet,Enabled,4110005,No,2026-07-29 09:18:45.972,Normal,2026-04-30 10:36:25.626,2026-04-30 10:38:11.000,No,39.953262,-75.269437,FlexNetId: 50487061,FlexNet900K24,930.5125 MHz,19,901.8375 MHz
56033,true,,PARRISH-141RMP6,RTMx,No,FlexNet,Enabled,4110005,No,2026-07-29 09:20:55.923,Normal,2026-05-05 11:04:28.473,2026-07-21 08:27:31.000,No,39.959478,-75.206457,FlexNetId: 50487711,FlexNet900K24,930.5375 MHz,43,901.8875 MHz
55354,true,,MORTON-131T784,RTMx,No,FlexNet,Enabled,4110005,No,2026-07-29 09:10:30.179,Normal,2026-05-09 09:55:16.067,2026-05-09 10:22:14.000,No,39.90408,-75.34135,FlexNetId: 50487046,FlexNet900K24,930.5125 MHz,27,901.8375 MHz
55862,true,,BETZWOOD-341T175,RTMx,No,FlexNet,Enabled,4110005,No,2026-07-29 09:16:16.842,Normal,2026-05-22 10:37:58.153,2026-05-22 10:37:58.000,No,40.1424,-75.46367,FlexNetId: 50487353,FlexNet900K24,930.5125 MHz,38,901.8375 MHz
55859,true,,LINTON-343T200,RTMx,No,FlexNet,Enabled,4110005,No,2026-07-29 09:13:33.693,Normal,2026-05-22 12:11:37.139,2026-05-22 12:11:37.000,No,40.21369,-74.9624,FlexNetId: 50487209,FlexNet900K24,930.5375 MHz,35,901.8875 MHz
55358,true,,MORTON-130RM2,RTMx,No,FlexNet,Enabled,4110005,No,2026-07-29 09:06:29.733,Normal,2026-07-16 08:54:48.037,2026-07-16 09:45:57.000,No,39.919471,-75.335144,FlexNetId: 50487051,FlexNet900K24,930.5125 MHz,32,901.8375 MHz
